순번,테이블명,테이블한글명,컬럼명,컬럼한글명,타입,크기,PK(Y),FK (Y),NOT NULL (Y),Default,비고,AS_IS,AS_IS 코드 테이블 및 컬럼,,,,,,,,,,,,,,,,,,,,,,,,,,,,,,
1,REF_ADDR,주소정보,ADDR_CD,주소코드,VARCHAR,10,Y,,Y,,,"ADDRESS_PROVINCE.ID
ADDRESS_SUBDEV.ID
ADDRESS_SUBDEV_UNIT.ID",,,,,,,,,,,,,,,,,,,,,,,,,,,,,,,
2,REF_ADDR,주소정보,AIMG_NM,아이막명,VARCHAR,100,,,,,"울란바토르(수도) - Ulaanbaatar, Улаанбаатар",ADDRESS_PROVINCE.NAME,,,,,,,,,,,,,,,,,,,,,,,,,,,,,,,
3,REF_ADDR,주소정보,SOUM_NM,솜명,VARCHAR,100,,,,,"울란바토르의 구(도시) - District, Дүүрэг",ADDRESS_SUBDEV.NAME,,,,,,,,,,,,,,,,,,,,,,,,,,,,,,,
4,REF_ADDR,주소정보,BAG_NM,바그명,VARCHAR,100,,,,,"울란바토르의 동 - Khoroo, Хороо",ADDRESS_SUBDEV_UNIT.NAME,,,,,,,,,,,,,,,,,,,,,,,,,,,,,,,
5,REF_ADDR,주소정보,ABBR,약어,VARCHAR,100,,,,,,ADDRESS_PROVINCE.ABBR,,,,,,,,,,,,,,,,,,,,,,,,,,,,,,,
6,REF_ADDR,주소정보,WHOL_ADDR_NM,전체주소명,VARCHAR,200,,,,,,"ADDRESS_PROVINCE.NAME
ADDRESS_SUBDEV.NAME
ADDRESS_SUBDEV_UNIT.NAME",,,,,,,,,,,,,,,,,,,,,,,,,,,,,,,
7,REF_ADDR,주소정보,UP_ADDR_CD,상위주소코드,VARCHAR,10,,,,,,"ADDRESS_PROVINCE.ID
ADDRESS_SUBDEV.ID",,,,,,,,,,,,,,,,,,,,,,,,,,,,,,,
8,REF_ADDR,주소정보,ADDR_SE_CD,주소구분코드,VARCHAR,1,,SYS_CD_GRP.GRP_ID,,,GRP_ID='017',"1: ADDRESS_PROVINCE
2: ADDRESS_SUBDEV
3: ADDRESS_SUBDEV_UNIT",,,,,,,,,,,,,,,,,,,,,,,,,,,,,,,
9,REF_ADDR,주소정보,BFR_ADDR_CD,이전주소코드,VARCHAR,10,,REF_BFR_ADDR.ADDR_CD,,,,,,,,,,,,,,,,,,,,,,,,,,,,,,,,,,,
10,REF_ADDR,주소정보,RGTR_ID,등록자ID,VARCHAR,20,,SYS_USER.USER_ID,,,,ADDRESS_SUBDEV.CREATED_BY,SYSTEM_USER.ID,,,,,,,,,,,,,,,,,,,,,,,,,,,,,,
11,REF_ADDR,주소정보,REG_DT,등록일시,DATETIME,,,,,default NOW(),,ADDRESS_SUBDEV.CREATE_DATE,,,,,,,,,,,,,,,,,,,,,,,,,,,,,,,
12,REF_ADDR,주소정보,MDFR_ID,수정자ID,VARCHAR,20,,SYS_USER.USER_ID,,,,ADDRESS_SUBDEV.UPDATED_BY,SYSTEM_USER.ID,,,,,,,,,,,,,,,,,,,,,,,,,,,,,,
13,REF_ADDR,주소정보,MDFCN_DT,수정일시,DATETIME,,,,,,,ADDRESS_SUBDEV.UPDATE_DATE,,,,,,,,,,,,,,,,,,,,,,,,,,,,,,,
1,REF_BFR_ADDR,이전주소정보,ADDR_CD,주소코드,VARCHAR,10,Y,,Y,,,"ADDRESS_PROVINCE_OLD.ID
ADDRESS_SUBDEV_OLD.ID
ADDRESS_SUBDEV_UNIT_OLD.ID",,,,,,,,,,,,,,,,,,,,,,,,,,,,,,,
2,REF_BFR_ADDR,이전주소정보,AIMG_NM,아이막명,VARCHAR,100,,,,,"울란바토르(수도) - Ulaanbaatar, Улаанбаатар",ADDRESS_PROVINCE_OLD.NAME,,,,,,,,,,,,,,,,,,,,,,,,,,,,,,,
3,REF_BFR_ADDR,이전주소정보,SOUM_NM,솜명,VARCHAR,100,,,,,"울란바토르의 구(도시) - District, Дүүрэг",ADDRESS_SUBDEV_OLD.NAME,,,,,,,,,,,,,,,,,,,,,,,,,,,,,,,
4,REF_BFR_ADDR,이전주소정보,BAG_NM,바그명,VARCHAR,100,,,,,"울란바토르의 동 - Khoroo, Хороо",ADDRESS_SUBDEV_UNIT_OLD.NAME,,,,,,,,,,,,,,,,,,,,,,,,,,,,,,,
5,REF_BFR_ADDR,이전주소정보,ABBR,약어,VARCHAR,100,,,,,,ADDRESS_PROVINCE_OLD.ABBR,,,,,,,,,,,,,,,,,,,,,,,,,,,,,,,
6,REF_BFR_ADDR,이전주소정보,WHOL_ADDR_NM,전체주소명,VARCHAR,200,,,,,,"ADDRESS_PROVINCE_OLD.NAME
ADDRESS_SUBDEV_OLD.NAME
ADDRESS_SUBDEV_UNIT_OLD.NAME",,,,,,,,,,,,,,,,,,,,,,,,,,,,,,,
7,REF_BFR_ADDR,이전주소정보,UP_ADDR_CD,상위주소코드,VARCHAR,10,,,,,,"ADDRESS_PROVINCE_OLD.ID
ADDRESS_SUBDEV_OLD.ID",,,,,,,,,,,,,,,,,,,,,,,,,,,,,,,
8,REF_BFR_ADDR,이전주소정보,ADDR_SE_CD,주소구분코드,VARCHAR,1,,SYS_CD_GRP.GRP_ID,,,GRP_ID='017',"1: ADDRESS_PROVINCE
2: ADDRESS_SUBDEV
3: ADDRESS_SUBDEV_UNIT",,,,,,,,,,,,,,,,,,,,,,,,,,,,,,,
9,REF_BFR_ADDR,이전주소정보,OZIP_CD,우편번호,VARCHAR,5,,,,,,,,,,,,,,,,,,,,,,,,,,,,,,,,,,,,,
10,REF_BFR_ADDR,이전주소정보,USE_YN,사용여부,CHAR,1,,,,default 'Y',"Value : 'Y', 'N'",,,,,,,,,,,,,,,,,,,,,,,,,,,,,,,,
11,REF_BFR_ADDR,이전주소정보,RGTR_ID,등록자ID,VARCHAR,20,,SYS_USER.USER_ID,,,,ADDRESS_SUBDEV.CREATED_BY,SYSTEM_USER.ID,,,,,,,,,,,,,,,,,,,,,,,,,,,,,,
12,REF_BFR_ADDR,이전주소정보,REG_DT,등록일시,DATETIME,,,,,default NOW(),,ADDRESS_SUBDEV.CREATE_DATE,,,,,,,,,,,,,,,,,,,,,,,,,,,,,,,
13,REF_BFR_ADDR,이전주소정보,MDFR_ID,수정자ID,VARCHAR,20,,SYS_USER.USER_ID,,,,ADDRESS_SUBDEV.UPDATED_BY,SYSTEM_USER.ID,,,,,,,,,,,,,,,,,,,,,,,,,,,,,,
14,REF_BFR_ADDR,이전주소정보,MDFCN_DT,수정일시,DATETIME,,,,,,,ADDRESS_SUBDEV.UPDATE_DATE,,,,,,,,,,,,,,,,,,,,,,,,,,,,,,,
1,SYS_CD,코드정보,GRP_ID,그룹아이디,VARCHAR,100,Y,SYS_CD_GRP.GRP_ID,Y,,,,,,,,,,,,,,,,,,,,,,,,,,,,,,,,,,
2,SYS_CD,코드정보,CD_ID,코드ID,VARCHAR,10,Y,,Y,,,,,,,,,,,,,,,,,,,,,,,,,,,,,,,,,,
3,SYS_CD,코드정보,CD_NM,코드명,VARCHAR,200,,,,,,,,,,,,,,,,,,,,,,,,,,,,,,,,,,,,,
4,SYS_CD,코드정보,CD_NO,코드순서,VARCHAR,4,,,,,,,,,,,,,,,,,,,,,,,,,,,,,,,,,,,,,
5,SYS_CD,코드정보,USE_YN,사용여부,CHAR,1,,,,default 'Y',,,,,,,,,,,,,,,,,,,,,,,,,,,,,,,,,
6,SYS_CD,코드정보,UP_GRP_ID,상위그룹아이디,VARCHAR,100,,,,,,,,,,,,,,,,,,,,,,,,,,,,,,,,,,,,,
7,SYS_CD,코드정보,UP_CD_ID,상위코드ID,VARCHAR,10,,,,,,,,,,,,,,,,,,,,,,,,,,,,,,,,,,,,,
8,SYS_CD,코드정보,SYS_CRT_DT,시스템생성일시,DATETIME,,,,,,,,,,,,,,,,,,,,,,,,,,,,,,,,,,,,,,
9,SYS_CD,코드정보,SYS_CRT_USR_ID,시스템생성자ID,VARCHAR,32,,,,,,,,,,,,,,,,,,,,,,,,,,,,,,,,,,,,,
10,SYS_CD,코드정보,SYS_UPD_DT,시스템수정일시,DATETIME,,,,,,,,,,,,,,,,,,,,,,,,,,,,,,,,,,,,,,
11,SYS_CD,코드정보,SYS_UPD_USR_ID,시스템수정자ID,VARCHAR,32,,,,,,,,,,,,,,,,,,,,,,,,,,,,,,,,,,,,,
1,SYS_CD_GRP,공통코드 그룹,GRP_ID,그룹아이디,VARCHAR,100,Y,,Y,,,,,,,,,,,,,,,,,,,,,,,,,,,,,,,,,,
2,SYS_CD_GRP,공통코드 그룹,GRP_NM,그룹명,VARCHAR,80,,,,,,,,,,,,,,,,,,,,,,,,,,,,,,,,,,,,,
3,SYS_CD_GRP,공통코드 그룹,USE_YN,사용여부,CHAR,1,,,,default 'Y',,,,,,,,,,,,,,,,,,,,,,,,,,,,,,,,,
4,SYS_CD_GRP,공통코드 그룹,COMMENT,설명,VARCHAR,3000,,,,,,,,,,,,,,,,,,,,,,,,,,,,,,,,,,,,,
5,SYS_CD_GRP,공통코드 그룹,SYS_CRT_DT,시스템생성일시,DATETIME,,,,,,,,,,,,,,,,,,,,,,,,,,,,,,,,,,,,,,
6,SYS_CD_GRP,공통코드 그룹,SYS_CRT_USR_ID,시스템생성자ID,VARCHAR,32,,,,,,,,,,,,,,,,,,,,,,,,,,,,,,,,,,,,,
7,SYS_CD_GRP,공통코드 그룹,SYS_UPD_DT,시스템수정일시,DATETIME,,,,,,,,,,,,,,,,,,,,,,,,,,,,,,,,,,,,,,
8,SYS_CD_GRP,공통코드 그룹,SYS_UPD_USR_ID,시스템수정자ID,VARCHAR,32,,,,,,,,,,,,,,,,,,,,,,,,,,,,,,,,,,,,,
1,,몽골_사용정보,USER_ID,사용자ID,VARCHAR,20,,,,,,"SYS_USER.ID
SYSTEM_USER.ID","SYS_USER.LOGINNAME
SYSTEM_USER.USERNAME",,,,,,,,,,,,,,,,,,,,,,,,,,,,,,
2,,몽골_사용정보,USER_NM,사용자명,VARCHAR,200,,,,,,"SYS_USER.FULLNAME
SYSTEM_USER.LASTNAME + "" "" + SYSTEM_USER.FIRSTNAME",,,,,,,,,,,,,,,,,,,,,,,,,,,,,,,
3,,몽골_사용정보,LNM,성,VARCHAR,100,,,,,Last Name,SYSTEM_USER.LASTNAME,,,,,,,,,,,,,,,,,,,,,,,,,,,,,,,
4,,몽골_사용정보,FNM,이름,VARCHAR,100,,,,,First Name,SYSTEM_USER.FIRSTNAME,,,,,,,,,,,,,,,,,,,,,,,,,,,,,,,
5,,몽골_사용정보,PSWD,비밀번호,VARCHAR,128,,,,,,"SYS_USER.LOGINPASS
SYSTEM_USER.PASSWORD",,,,,,,,,,,,,,,,,,,,,,,,,,,,,,,
6,,몽골_사용정보,DEPT_CD,부서코드,VARCHAR,5,,,,,,"SYS_USER.BRANCH_ID
SYSTEM_USER.USERDEPARTMENTID",,,,,,,,,,,,,,,,,,,,,,,,,,,,,,,
7,,몽골_사용정보,AUTHRT_CD,권한코드,VARCHAR,2,,SYS_AUTHRT.AUTHRT_CD,,,부서->부서유형코드(DEPT_TYPE_CD)에 따라 다름.,"SYS_USER.GROUP_ID
SYSTEM_USER.USERPOSITIONID","SYS_USER.GROUP_ID=SYS_GROUP.ID
SYSTEM_USER.USERPOSITIONID=SYSTEM_POSITION.ID",,,,,,,,,,,,,,,,,,,,,,,,,,,,,,
8,,몽골_사용정보,PSWD_EXPRY_DT,비밀번호만료일시,DATETIME,,,,,,,"SYS_USER.PWD_EXPIRED
SYSTEM_USER.LAST_CHANGE_PASSWORD",,,,,,,,,,,,,,,,,,,,,,,,,,,,,,,
9,,몽골_사용정보,USE_YN,사용여부,CHAR,1,,,,default 'Y',,"SYS_USER.STATUS
SYSTEM_USER.ISACTIVE",,,,,,,,,,,,,,,,,,,,,,,,,,,,,,,
10,,몽골_사용정보,RGTR_ID,등록자ID,VARCHAR,20,,SYS_USER.USER_ID,,,,"SYS_USER.CREATED_BY
SYSTEM_USER.CREATEDBY",,,,,,,,,,,,,,,,,,,,,,,,,,,,,,,
11,,몽골_사용정보,REG_DT,등록일시,DATETIME,,,,,default NOW(),,"SYSTEM_USER.CREATEDDATE
SYS_USER.CREATED_DATE",,,,,,,,,,,,,,,,,,,,,,,,,,,,,,,
12,,몽골_사용정보,MDFR_ID,수정자ID,VARCHAR,20,,SYS_USER.USER_ID,,,,"SYSTEM_USER.MODIFIEDBY
SYS_USER.UPDATED_BY",,,,,,,,,,,,,,,,,,,,,,,,,,,,,,,
13,,몽골_사용정보,MDFCN_DT,수정일시,DATETIME,,,,,,,"SYSTEM_USER.MODIFIEDDATE
SYS_USER.UPDATED_DATE",,,,,,,,,,,,,,,,,,,,,,,,,,,,,,,
1,SYS_DEPT_GRP,공통그룹,GRP_ID,그룹아이디,VARCHAR,32,Y,,Y,,,,,,,,,,,,,,,,,,,,,,,,,,,,,,,,,,
2,SYS_DEPT_GRP,공통그룹,GRP_NM,그룹이름,VARCHAR,100,,,Y,,,,,,,,,,,,,,,,,,,,,,,,,,,,,,,,,,
3,SYS_DEPT_GRP,공통그룹,GRP_LVL,그룹레벨,VARCHAR,1,,,Y,,,,,,,,,,,,,,,,,,,,,,,,,,,,,,,,,,
4,SYS_DEPT_GRP,공통그룹,TOP_GRP_ID,상위 그룹아이디,VARCHAR,32,,,,,,,,,,,,,,,,,,,,,,,,,,,,,,,,,,,,,
5,SYS_DEPT_GRP,공통그룹,USE_YN,사용여부,CHAR,,,,,,,,,,,,,,,,,,,,,,,,,,,,,,,,,,,,,,
6,SYS_DEPT_GRP,공통그룹,SYS_CRT_DT,시스템생성일시,DATETIME,,,,Y,,,,,,,,,,,,,,,,,,,,,,,,,,,,,,,,,,
7,SYS_DEPT_GRP,공통그룹,SYS_CRT_USR_ID,시스템생성자ID,VARCHAR,32,,,Y,,,,,,,,,,,,,,,,,,,,,,,,,,,,,,,,,,
8,SYS_DEPT_GRP,공통그룹,SYS_UPD_DT,시스템수정일시,DATETIME,,,,Y,,,,,,,,,,,,,,,,,,,,,,,,,,,,,,,,,,
9,SYS_DEPT_GRP,공통그룹,SYS_UPD_USR_ID,시스템수정자ID,VARCHAR,32,,,Y,,,,,,,,,,,,,,,,,,,,,,,,,,,,,,,,,,
1,SYS_USER,시스템사용자,ID,시퀀스 아이디,BIGINT,,Y,,,,auto_increment,,,,,,,,,,,,,,,,,,,,,,,,,,,,,,,,
2,SYS_USER,시스템사용자,EMAIL,이메일,VARCHAR,255,,,,,,,,,,,,,,,,,,,,,,,,,,,,,,,,,,,,,
3,SYS_USER,시스템사용자,PWD,비밀번호,VARCHAR,255,,,,,,,,,,,,,,,,,,,,,,,,,,,,,,,,,,,,,
4,SYS_USER,시스템사용자,ROLE,역할,VARCHAR,255,,,,,,,,,,,,,,,,,,,,,,,,,,,,,,,,,,,,,
5,SYS_USER,시스템사용자,USER_ID,유저아이디,VARCHAR,255,,,,,유니크 인덱스(Unique Index) ?,,,,,,,,,,,,,,,,,,,,,,,,,,,,,,,,
6,SYS_USER,시스템사용자,OFFC_CD,소속코드,VARCHAR,7,,SYS_OFFC.OFFC_CD,,,,,,,,,,,,,,,,,,,,,,,,,,,,,,,,,,,
7,SYS_USER,시스템사용자,USER_NM,사용자이름,VARCHAR,100,,,,,,,,,,,,,,,,,,,,,,,,,,,,,,,,,,,,,
8,SYS_USER,시스템사용자,TEL,전화번호,VARCHAR,11,,,,,,,,,,,,,,,,,,,,,,,,,,,,,,,,,,,,,
9,SYS_USER,시스템사용자,ADDR,주소,VARCHAR,100,,,,,,,,,,,,,,,,,,,,,,,,,,,,,,,,,,,,,
10,SYS_USER,시스템사용자,ADDR_DTL,주소상세,VARCHAR,100,,,,,,,,,,,,,,,,,,,,,,,,,,,,,,,,,,,,,
11,SYS_USER,시스템사용자,POST_CD,우편번호,CHAR,5,,,,,,,,,,,,,,,,,,,,,,,,,,,,,,,,,,,,,
12,SYS_USER,시스템사용자,UUID,파일ID,VARCHAR,36,,,,,,,,,,,,,,,,,,,,,,,,,,,,,,,,,,,,,
13,SYS_USER,시스템사용자,SYS_CRT_USR_ID,시스템생성자ID,VARCHAR,50,,,,,,,,,,,,,,,,,,,,,,,,,,,,,,,,,,,,,
14,SYS_USER,시스템사용자,SYS_CRT_DT,시스템생성일시,DATETIME,,,,,,,,,,,,,,,,,,,,,,,,,,,,,,,,,,,,,,
15,SYS_USER,시스템사용자,SYS_UPD_USR_ID,시스템수정자ID,VARCHAR,50,,,,,,,,,,,,,,,,,,,,,,,,,,,,,,,,,,,,,
16,SYS_USER,시스템사용자,SYS_UPD_DT,시스템수정일시,DATETIME,,,,,,,,,,,,,,,,,,,,,,,,,,,,,,,,,,,,,,
1,SYS_USER_GRP,공통사용자그룹,GRP_ID,그룹아이디,VARCHAR,32,Y,SYS_DEPT_GRP.GRP_ID,Y,,,,,,,,,,,,,,,,,,,,,,,,,,,,,,,,,,
2,SYS_USER_GRP,공통사용자그룹,ID,ID,INT,,Y,SYS_USER.ID,Y,,,,,,,,,,,,,,,,,,,,,,,,,,,,,,,,,,
3,SYS_USER_GRP,공통사용자그룹,USER_EMAIL,사용자 email,VARCHAR,255,,,Y,,,,,,,,,,,,,,,,,,,,,,,,,,,,,,,,,,
4,SYS_USER_GRP,공통사용자그룹,USER_ID,사용자 ID,VARCHAR,255,,,Y,,,,,,,,,,,,,,,,,,,,,,,,,,,,,,,,,,
5,SYS_USER_GRP,공통사용자그룹,OFFC_CD,소속코드,VARCHAR,7,,,Y,,,,,,,,,,,,,,,,,,,,,,,,,,,,,,,,,,
6,SYS_USER_GRP,공통사용자그룹,SYS_CRT_DT,시스템생성일시,DATETIME,,,,Y,,,,,,,,,,,,,,,,,,,,,,,,,,,,,,,,,,
7,SYS_USER_GRP,공통사용자그룹,SYS_CRT_USR_ID,시스템생성자ID,VARCHAR,32,,,Y,,,,,,,,,,,,,,,,,,,,,,,,,,,,,,,,,,
8,SYS_USER_GRP,공통사용자그룹,SYS_UPD_DT,시스템수정일시,DATETIME,,,,,,,,,,,,,,,,,,,,,,,,,,,,,,,,,,,,,,
9,SYS_USER_GRP,공통사용자그룹,SYS_UPD_USR_ID,시스템수정자ID,VARCHAR,32,,,,,,,,,,,,,,,,,,,,,,,,,,,,,,,,,,,,,
1,,몽골_부서/검사소,ABBR,약어,VARCHAR,100,,,,,,ARCHIVE_NUMBER.ABBR,,1,SYS_DEPT,부서정보,DEPT_CD,부서코드,VARCHAR,5,Y,,Y,,,"SUBSTR(SYS_BRANCH.NAME, 1, 5)
SYSTEM_DEPARTMENT.ID",,,,,,,,,,,,,,,,,
2,,몽골_부서/검사소,DEPT_PRMSN_NO,부서허가번호,VARCHAR,100,,,,,,SYSTEM_DEPARTMENT.DEP_LICENSE_NUMBER,,2,SYS_DEPT,부서정보,DEPT_NM,부서명,VARCHAR,100,,,Y,,,"SYS_BRANCH.NAME
SYSTEM_DEPARTMENT.NAME",,,,,,,,,,,,,,,,,
3,,몽골_부서/검사소,DEPT_PRMSN_BGNG_YMD,부서허가시작일자,VARCHAR,8,,,,,,SYSTEM_DEPARTMENT.DEP_LICENSE_START_DATE,,3,SYS_DEPT,부서정보,UP_DEPT_CD,상위부서코드,VARCHAR,5,,SYS_DEPT.DEPT_CD,,,,SYS_BRANCH.PARENT_ID,,,,,,,,,,,,,,,,,
4,,몽골_부서/검사소,DEPT_PRMSN_END_YMD,부서허가종료일자,VARCHAR,8,,,,,,SYSTEM_DEPARTMENT.DEP_LICENSE_END_DATE,,4,SYS_DEPT,부서정보,AIMG_CD,아이막코드,VARCHAR,2,,"SYS_CD.CD
REF_ADDR.ADDR_CD",,,"CODE_ID='023'
REF_ADDR.LEFT(ADDR_CD, 2) and 
COM_ADDR_INFO.ADDR_SE_CD='1'","SYS_BRANCH.AIMAG_ID
SYSTEM_DEPARTMENT.PROVINCE_ID","SYS_BRANCH.AIMAG_ID=REF_AIMAG_CITY_ID
SYSTEM_DEPARTMENT.PROVINCE_ID=ADDRESS_PROVINCE.ID",,,,,,,,,,,,,,,,
5,,몽골_부서/검사소,DEPT_REG,부서등록,VARCHAR,100,,,,,,SYSTEM_DEPARTMENT.DEP_REGISTER,,5,SYS_DEPT,부서정보,SOUM_CD,솜코드,VARCHAR,10,,REF_ADDR.ADDR_CD,,,COM_ADDR_INFO.ADDR_SE_CD='2',SYS_BRANCH.DISTRICT_ID,,,,,,,,,,,,,,,,,
6,,몽골_부서/검사소,DEPT_TELNO,부서전화번호,VARCHAR,13,,,,,,SYSTEM_DEPARTMENT.DEP_PHONE,,6,SYS_DEPT,부서정보,EML,이메일,VARCHAR,100,,,,,,,,,,,,,,,,,,,,,,,
7,,몽골_부서/검사소,DEPT_RBPRSN,부서책임자,VARCHAR,100,,,,,,SYSTEM_DEPARTMENT.DEP_DIRECTOR,,7,SYS_DEPT,부서정보,DEPT_TYPE_CD,부서유형코드,VARCHAR,2,,SYS_CD,,,CODE_ID='020',"SYS_BRANCH.IS_PRIVATE
SYSTEM_DEPARTMENT.DEPARTMENT_TYPE",,,,,,,,,,,,,,,,,
8,,몽골_부서/검사소,RGTR_ID,등록자ID,VARCHAR,20,,SYS_USER.USER_ID,,,,"SYS_BRANCH.CREATED_BY
SYSTEM_DEPARTMENT.CREATEDBY",,8,SYS_DEPT,부서정보,DEPT_NO,부서번호,VARCHAR,20,,,,,,SYS_BRANCH.BRANCH_NO,,,,,,,,,,,,,,,,,
9,,몽골_부서/검사소,REG_DT,등록일시,DATETIME,,,,,default NOW(),,"SYS_BRANCH.CREATED_DATE
SYSTEM_DEPARTMENT.CREATEDDATE",,9,SYS_DEPT,부서정보,WGHT_LMT_YN,중량제한여부,CHAR,1,,,,default 'N',,SYS_BRANCH.IS_WEIGHT_LIMITED,,,,,,,,,,,,,,,,,
10,,몽골_부서/검사소,MDFR_ID,수정자ID,VARCHAR,20,,SYS_USER.USER_ID,,,,"SYS_BRANCH.UPDATED_BY
SYSTEM_DEPARTMENT.MODIFIEDBY",,10,SYS_DEPT,부서정보,LAT,위도,FLOAT,,,,,,,SYS_BRANCH.LAT,,,,,,,,,,,,,,,,,
11,,몽골_부서/검사소,MDFCN_DT,수정일시,DATETIME,,,,,,,"SYS_BRANCH.UPDATED_DATE
SYSTEM_DEPARTMENT.MODIFIEDDATE",,11,SYS_DEPT,부서정보,LOT,경도,FLOAT,,,,,,,SYS_BRANCH.LNG,,,,,,,,,,,,,,,,,
1,SYS_OFFC,기관,OFFC_CD,기관코드,VARCHAR,7,Y,,Y,,,,,14,SYS_DEPT,부서정보,DEPT_LV,부서레벨,INT,,,,,,,SYS_BRANCH.BRANCH_LEVEL,,,,,,,,,,,,,,,,,
2,SYS_OFFC,기관,TOP_OFFC_CD,최상위 코드,VARCHAR,7,,SYS_OFFC.OFFC_CD,Y,,,,,12,SYS_DEPT,부서정보,OPER_HR,운영시간,VARCHAR,100,,,,,,SYS_BRANCH.TIMETABLE,,,,,,,,,,,,,,,,,
3,SYS_OFFC,기관,OFFC_NM,기관명,VARCHAR,100,,,Y,,,,,13,SYS_DEPT,부서정보,DADDR,상세주소,VARCHAR,200,,,,,,"SYS_BRANCH.ADDRESS
SYSTEM_DEPARTMENT.DEP_ADDRESS",,,,,,,,,,,,,,,,,
4,SYS_OFFC,기관,OFFC_TYPE,기관유형,VARCHAR,100,,,,,,,,15,SYS_DEPT,부서정보,SYNC_YN,동기화여부,CHAR,1,,,,default 'Y',,SYS_BRANCH.IS_SYNC,,,,,,,,,,,,,,,,,
5,SYS_OFFC,기관,OFFC_TYPE_CD,등록관청 구분부호,VARCHAR,4,,,,,,,,16,SYS_DEPT,부서정보,STTS_YN,상태여부,CHAR,1,,,,default 'Y',,SYS_BRANCH.STATUS,,,,,,,,,,,,,,,,,
6,SYS_OFFC,기관,SYS_CRT_USR_ID,시스템생성자ID,VARCHAR,50,,,,,,,,,,,,,,,,,,,,,,,,,,,,,,,,,,,,,
7,SYS_OFFC,기관,SYS_CRT_DT,시스템생성일시,DATETIME,,,,,,,,,,,,,,,,,,,,,,,,,,,,,,,,,,,,,,
8,SYS_OFFC,기관,SYS_UPD_USR_ID,시스템수정자ID,VARCHAR,50,,,,,,,,,,,,,,,,,,,,,,,,,,,,,,,,,,,,,
9,SYS_OFFC,기관,SYS_UPD_DT,시스템수정일시,DATETIME,,,,,,,,,,,,,,,,,,,,,,,,,,,,,,,,,,,,,,
1,SYS_MENU,메뉴,MENU_CD,메뉴코드,VARCHAR,100,Y,,Y,,,,,,,,,,,,,,,,,,,,,,,,,,,,,,,,,,
2,SYS_MENU,메뉴,MENU_NM_KR,메뉴명_한국어,VARCHAR,100,,,,,,,,,,,,,,,,,,,,,,,,,,,,,,,,,,,,,
3,SYS_MENU,메뉴,MENU_NM_EN,메뉴명_영어,VARCHAR,100,,,,,,,,,,,,,,,,,,,,,,,,,,,,,,,,,,,,,
4,SYS_MENU,메뉴,MENU_NM_MN,메뉴명_몽골어,VARCHAR,100,,,,,,,,,,,,,,,,,,,,,,,,,,,,,,,,,,,,,
5,SYS_MENU,메뉴,MENU_NO,메뉴순서,VARCHAR,3,,,,,,,,,,,,,,,,,,,,,,,,,,,,,,,,,,,,,
6,SYS_MENU,메뉴,MENU_LVL,메뉴레벨,VARCHAR,1,,,,,,,,,,,,,,,,,,,,,,,,,,,,,,,,,,,,,
7,SYS_MENU,메뉴,TOP_MENU_CD,상위 메뉴코드,VARCHAR,100,,,,,,,,,,,,,,,,,,,,,,,,,,,,,,,,,,,,,
8,SYS_MENU,메뉴,URL,URL,VARCHAR,1000,,,,,,,,,,,,,,,,,,,,,,,,,,,,,,,,,,,,,
9,SYS_MENU,메뉴,USE_YN,사용여부,CHAR,,,,,,,,,,,,,,,,,,,,,,,,,,,,,,,,,,,,,,
10,SYS_MENU,메뉴,MENU_SEQ,메뉴고유번호,INT,,,,,,auto_increment,,,,,,,,,,,,,,,,,,,,,,,,,,,,,,,,
11,SYS_MENU,메뉴,MENU_ICON,메뉴아이콘,VARCHAR,255,,,,,,,,,,,,,,,,,,,,,,,,,,,,,,,,,,,,,
12,SYS_MENU,메뉴,PRGM_URL,API 경로,VARCHAR,255,,,,,,,,,,,,,,,,,,,,,,,,,,,,,,,,,,,,,
13,SYS_MENU,메뉴,SYS_CRT_DT,시스템생성일시,DATETIME,,,,,,,,,,,,,,,,,,,,,,,,,,,,,,,,,,,,,,
14,SYS_MENU,메뉴,SYS_CRT_USR_ID,시스템생성자ID,VARCHAR,32,,,,,,,,,,,,,,,,,,,,,,,,,,,,,,,,,,,,,
15,SYS_MENU,메뉴,SYS_UPD_DT,시스템수정일시,DATETIME,,,,,,,,,,,,,,,,,,,,,,,,,,,,,,,,,,,,,,
16,SYS_MENU,메뉴,SYS_UPD_USR_ID,시스템수정자ID,VARCHAR,32,,,,,,,,,,,,,,,,,,,,,,,,,,,,,,,,,,,,,
1,SYS_AUTHRT,권한정보,AUTHRT_CD,권한코드,VARCHAR,4,Y,,Y,,,"SYSTEM_POSITION.ID
SYS_GROUP.ID",,,,,,,,,,,,,,,,,,,,,,,,,,,,,,,
2,SYS_AUTHRT,권한정보,AUTHRT_NM,권한명,VARCHAR,128,,,,,,"SYSTEM_POSITION.NAME
SYS_GROUP.NAME",,,,,,,,,,,,,,,,,,,,,,,,,,,,,,,
3,SYS_AUTHRT,권한정보,AUTHRT_EXPLN,권한설명,VARCHAR,1000,,,,,,,,,,,,,,,,,,,,,,,,,,,,,,,,,,,,,
4,SYS_AUTHRT,권한정보,STTS_YN,상태여부,CHAR,1,,,,default 'Y',,"SYSTEM_POSITION.DELETED_AT
SYS_GROUP.STATUS",,,,,,,,,,,,,,,,,,,,,,,,,,,,,,,
5,SYS_AUTHRT,권한정보,DEPT_CD,부서코드,VARCHAR,5,,,,,,SYS_GROUP.BRANCH_ID,,,,,,,,,,,,,,,,,,,,,,,,,,,,,,,
6,SYS_AUTHRT,권한정보,RGTR_ID,등록자ID,VARCHAR,20,,SYS_USER.USER_ID,,,,SYSTEM_POSITION.CREATEDBY,,,,,,,,,,,,,,,,,,,,,,,,,,,,,,,
7,SYS_AUTHRT,권한정보,REG_DT,등록일시,DATETIME,,,,,default NOW(),,SYSTEM_POSITION.CREATEDDATE,,,,,,,,,,,,,,,,,,,,,,,,,,,,,,,
8,SYS_AUTHRT,권한정보,MDFR_ID,수정자ID,VARCHAR,20,,SYS_USER.USER_ID,,,,SYSTEM_POSITION.MODIFIEDBY,,,,,,,,,,,,,,,,,,,,,,,,,,,,,,,
9,SYS_AUTHRT,권한정보,MDFCN_DT,수정일시,DATETIME,,,,,,,SYSTEM_POSITION.MODIFIEDDATE,,,,,,,,,,,,,,,,,,,,,,,,,,,,,,,
1,SYS_ACS_GRP_MENU,메뉴권한그룹,MENU_CD,메뉴코드,VARCHAR,100,Y,,Y,,,,,,,,,,,,,,,,,,,,,,,,,,,,,,,,,,
2,SYS_ACS_GRP_MENU,메뉴권한그룹,ACS_RTS_GRP_ID,권한그룹 아이디,VARCHAR,100,Y,,Y,,,,,,,,,,,,,,,,,,,,,,,,,,,,,,,,,,
3,SYS_ACS_GRP_MENU,메뉴권한그룹,SYS_CRT_DT,시스템생성일시,DATETIME,,,,,,,,,,,,,,,,,,,,,,,,,,,,,,,,,,,,,,
4,SYS_ACS_GRP_MENU,메뉴권한그룹,SYS_CRT_USR_ID,시스템생성자ID,VARCHAR,50,,,,,,,,,,,,,,,,,,,,,,,,,,,,,,,,,,,,,
5,SYS_ACS_GRP_MENU,메뉴권한그룹,SYS_UPD_DT,시스템수정일시,DATETIME,,,,,,,,,,,,,,,,,,,,,,,,,,,,,,,,,,,,,,
6,SYS_ACS_GRP_MENU,메뉴권한그룹,SYS_UPD_USR_ID,시스템수정자ID,VARCHAR,50,,,,,,,,,,,,,,,,,,,,,,,,,,,,,,,,,,,,,
1,SYS_BBS,게시판,BBS_MST_ID,게시판마스터ID,VARCHAR,50,,Y,Y,,,,,,,,,,,,,,,,,,,,,,,,,,,,,,,,,,
2,SYS_BBS,게시판,BBS_ID,게시판 ID,VARCHAR,50,Y,,Y,,,,,,,,,,,,,,,,,,,,,,,,,,,,,,,,,,
3,SYS_BBS,게시판,BBS_NM,게시판 이름,VARCHAR,200,,,Y,,,,,,,,,,,,,,,,,,,,,,,,,,,,,,,,,,
4,SYS_BBS,게시판,BBS_MANAGER,게시판 관리자,VARCHAR,50,,,,,,,,,,,,,,,,,,,,,,,,,,,,,,,,,,,,,
5,SYS_BBS,게시판,FILE_YN,파일첨부 가능 여부,VARCHAR,1,,,,,,,,,,,,,,,,,,,,,,,,,,,,,,,,,,,,,
6,SYS_BBS,게시판,REPLY_YN,댓글 가능 여부,VARCHAR,1,,,,,,,,,,,,,,,,,,,,,,,,,,,,,,,,,,,,,
7,SYS_BBS,게시판,SYS_CRT_USR_ID,시스템생성자ID,VARCHAR,50,,,,,,,,,,,,,,,,,,,,,,,,,,,,,,,,,,,,,
8,SYS_BBS,게시판,SYS_CRT_DT,시스템생성일시,DATETIME,,,,,,,,,,,,,,,,,,,,,,,,,,,,,,,,,,,,,,
9,SYS_BBS,게시판,SYS_UPD_USR_ID,시스템수정자ID,VARCHAR,50,,,,,,,,,,,,,,,,,,,,,,,,,,,,,,,,,,,,,
10,SYS_BBS,게시판,SYS_UPD_DT,시스템수정일시,DATETIME,,,,,,,,,,,,,,,,,,,,,,,,,,,,,,,,,,,,,,
11,SYS_BBS,게시판,P_MENU_CD,상위 메뉴코드,VARCHAR,50,,,,,,,,,,,,,,,,,,,,,,,,,,,,,,,,,,,,,
12,SYS_BBS,게시판,BBS_TYPE,게시판 유형,VARCHAR,20,,,,,,,,,,,,,,,,,,,,,,,,,,,,,,,,,,,,,
1,SYS_BBS_MST,게시판 마스터,BBS_MST_ID,게시판 고유 코드,VARCHAR,50,Y,,Y,,,,,,,,,,,,,,,,,,,,,,,,,,,,,,,,,,
2,SYS_BBS_MST,게시판 마스터,BBS_NM,게시판 명칭,VARCHAR,100,,,Y,,,,,,,,,,,,,,,,,,,,,,,,,,,,,,,,,,
3,SYS_BBS_MST,게시판 마스터,BBS_TYPE,게시판 유형,VARCHAR,20,,,Y,,,,,,,,,,,,,,,,,,,,,,,,,,,,,,,,,,
4,SYS_BBS_MST,게시판 마스터,SYS_CRT_USR_ID,시스템생성자ID,VARCHAR,50,,,,,,,,,,,,,,,,,,,,,,,,,,,,,,,,,,,,,
5,SYS_BBS_MST,게시판 마스터,SYS_CRT_DT,시스템생성일시,DATETIME,,,,,,,,,,,,,,,,,,,,,,,,,,,,,,,,,,,,,,
6,SYS_BBS_MST,게시판 마스터,SYS_UPD_USR_ID,시스템수정자ID,VARCHAR,50,,,,,,,,,,,,,,,,,,,,,,,,,,,,,,,,,,,,,
7,SYS_BBS_MST,게시판 마스터,SYS_UPD_DT,시스템수정일시,DATETIME,,,,,,,,,,,,,,,,,,,,,,,,,,,,,,,,,,,,,,
1,SYS_BBS_BRD,게시판 게시물 정보,BOARD_ID,게시물 고유 ID (UUID),VARCHAR,50,Y,,Y,,,,,,,,,,,,,,,,,,,,,,,,,,,,,,,,,,
2,SYS_BBS_BRD,게시판 게시물 정보,BBS_ID,소속 게시판 ID (FK),VARCHAR,50,,Y,Y,,,,,,,,,,,,,,,,,,,,,,,,,,,,,,,,,,
3,SYS_BBS_BRD,게시판 게시물 정보,TITLE,글 제목,VARCHAR,200,,,Y,,,,,,,,,,,,,,,,,,,,,,,,,,,,,,,,,,
4,SYS_BBS_BRD,게시판 게시물 정보,CONTENT,글 내용,LONGTEXT,,,,,,,,,,,,,,,,,,,,,,,,,,,,,,,,,,,,,,
5,SYS_BBS_BRD,게시판 게시물 정보,WRTR_NM,작성자 이름,VARCHAR,50,,,,,,,,,,,,,,,,,,,,,,,,,,,,,,,,,,,,,
6,SYS_BBS_BRD,게시판 게시물 정보,HIT_CNT,조회수,INT,,,,,0 null,,,,,,,,,,,,,,,,,,,,,,,,,,,,,,,,,
7,SYS_BBS_BRD,게시판 게시물 정보,THMBNL,갤러리용 썸네일 경로,VARCHAR,255,,,,,,,,,,,,,,,,,,,,,,,,,,,,,,,,,,,,,
8,SYS_BBS_BRD,게시판 게시물 정보,SYS_CRT_USR_ID,시스템생성자ID,VARCHAR,50,,,,,,,,,,,,,,,,,,,,,,,,,,,,,,,,,,,,,
9,SYS_BBS_BRD,게시판 게시물 정보,SYS_CRT_DT,시스템생성일시,DATETIME,,,,,,,,,,,,,,,,,,,,,,,,,,,,,,,,,,,,,,
10,SYS_BBS_BRD,게시판 게시물 정보,SYS_UPD_USR_ID,시스템수정자ID,VARCHAR,50,,,,,,,,,,,,,,,,,,,,,,,,,,,,,,,,,,,,,
11,SYS_BBS_BRD,게시판 게시물 정보,SYS_UPD_DT,시스템수정일시,DATETIME,,,,,,,,,,,,,,,,,,,,,,,,,,,,,,,,,,,,,,
12,SYS_BBS_BRD,게시판 게시물 정보,FILE_UUID,파일 UUID,VARCHAR,50,,,,,,,,,,,,,,,,,,,,,,,,,,,,,,,,,,,,,
1,SYS_BBS_RPLY,게시판 댓글,REPLY_ID,댓글 ID,VARCHAR,50,Y,,Y,,,,,,,,,,,,,,,,,,,,,,,,,,,,,,,,,,
2,SYS_BBS_RPLY,게시판 댓글,BOARD_ID,게시물 ID,VARCHAR,50,,Y,Y,,,,,,,,,,,,,,,,,,,,,,,,,,,,,,,,,,
3,SYS_BBS_RPLY,게시판 댓글,PARENT_REPLY_ID,부모 댓글 ID,VARCHAR,50,,,,,,,,,,,,,,,,,,,,,,,,,,,,,,,,,,,,,
4,SYS_BBS_RPLY,게시판 댓글,CONTENT,댓글 내용,TEXT,,,,Y,,,,,,,,,,,,,,,,,,,,,,,,,,,,,,,,,,
5,SYS_BBS_RPLY,게시판 댓글,WRTR_NM,작성자 이름,VARCHAR,100,,,,,,,,,,,,,,,,,,,,,,,,,,,,,,,,,,,,,
6,SYS_BBS_RPLY,게시판 댓글,SYS_CRT_USR_ID,시스템 작성자ID,VARCHAR,100,,,,,,,,,,,,,,,,,,,,,,,,,,,,,,,,,,,,,
7,SYS_BBS_RPLY,게시판 댓글,SYS_CRT_DT,시스템생성일시,DATETIME,,,,,,,,,,,,,,,,,,,,,,,,,,,,,,,,,,,,,,
8,SYS_BBS_RPLY,게시판 댓글,SYS_UPD_USR_ID,시스템수정자ID,VARCHAR,100,,,,,,,,,,,,,,,,,,,,,,,,,,,,,,,,,,,,,
9,SYS_BBS_RPLY,게시판 댓글,SYS_UPD_DT,시스템수정일시,DATETIME,,,,,,,,,,,,,,,,,,,,,,,,,,,,,,,,,,,,,,
1,SYS_EVT_LOG,CRUD 감사 로그 테이블,ID,로그 고유 ID,VARCHAR,50,Y,,Y,,,,,,,,,,,,,,,,,,,,,,,,,,,,,,,,,,
2,SYS_EVT_LOG,CRUD 감사 로그 테이블,USER_ID,행위 수행자 ID,VARCHAR,50,,,Y,,,,,,,,,,,,,,,,,,,,,,,,,,,,,,,,,,
3,SYS_EVT_LOG,CRUD 감사 로그 테이블,EMAIL,행위 수행자 email,VARCHAR,50,,,Y,,,,,,,,,,,,,,,,,,,,,,,,,,,,,,,,,,
4,SYS_EVT_LOG,CRUD 감사 로그 테이블,ROLE,수행 당시 권한,VARCHAR,20,,,Y,,"ADMIN, MANAGER, USER",,,,,,,,,,,,,,,,,,,,,,,,,,,,,,,,
5,SYS_EVT_LOG,CRUD 감사 로그 테이블,ACT_TYPE,작업 유형,VARCHAR,20,,,Y,,,,,,,,,,,,,,,,,,,,,,,,,,,,,,,,,,
6,SYS_EVT_LOG,CRUD 감사 로그 테이블,TGT_TBL,대상 테이블명,VARCHAR,50,,,Y,,,,,,,,,,,,,,,,,,,,,,,,,,,,,,,,,,
7,SYS_EVT_LOG,CRUD 감사 로그 테이블,TGT_ID,대상 데이터의 PK,VARCHAR,100,,,,,,,,,,,,,,,,,,,,,,,,,,,,,,,,,,,,,
8,SYS_EVT_LOG,CRUD 감사 로그 테이블,BFR_DATA,변경 전 데이터,LONGTEXT,,,,,,,,,,,,,,,,,,,,,,,,,,,,,,,,,,,,,,
9,SYS_EVT_LOG,CRUD 감사 로그 테이블,check,체크,VARCHAR,1,,,,,,,,,,,,,,,,,,,,,,,,,,,,,,,,,,,,,
10,SYS_EVT_LOG,CRUD 감사 로그 테이블,AFT_DATA,변경 후 데이터,LONGTEXT,,,,,,,,,,,,,,,,,,,,,,,,,,,,,,,,,,,,,,
1,SYS_ACS_LOG,사용자 접속 및 기기 통계 테이블,ID,접속 고유 ID,VARCHAR,50,Y,,Y,,,,,,,,,,,,,,,,,,,,,,,,,,,,,,,,,,
2,SYS_ACS_LOG,사용자 접속 및 기기 통계 테이블,USER_ID,접속 사용자 ID,VARCHAR,50,,,Y,,,,,,,,,,,,,,,,,,,,,,,,,,,,,,,,,,
3,SYS_ACS_LOG,사용자 접속 및 기기 통계 테이블,EMAIL,접속 사용자 Email,VARCHAR,50,,,Y,,,,,,,,,,,,,,,,,,,,,,,,,,,,,,,,,,
4,SYS_ACS_LOG,사용자 접속 및 기기 통계 테이블,SYS_LOGIN_DT,,DATETIME,,Y,,Y,,,,,,,,,,,,,,,,,,,,,,,,,,,,,,,,,,
5,SYS_ACS_LOG,사용자 접속 및 기기 통계 테이블,SYS_LOGOUT_DT,로그아웃 일시,TIMESTAMP,,,,,,,,,,,,,,,,,,,,,,,,,,,,,,,,,,,,,,
6,SYS_ACS_LOG,사용자 접속 및 기기 통계 테이블,IP_ADDR,접속 IP,VARCHAR,45,,,Y,,,,,,,,,,,,,,,,,,,,,,,,,,,,,,,,,,
7,SYS_ACS_LOG,사용자 접속 및 기기 통계 테이블,DEV_TYPE,기기 유형,ENUM,,,,,'PC' null,,,,,,,,,,,,,,,,,,,,,,,,,,,,,,,,,
8,SYS_ACS_LOG,사용자 접속 및 기기 통계 테이블,OS_NM,"운영체제 (Windows, Android 등)",VARCHAR,50,,,,,,,,,,,,,,,,,,,,,,,,,,,,,,,,,,,,,
9,SYS_ACS_LOG,사용자 접속 및 기기 통계 테이블,BRWSR_NM,"브라우저 (Chrome, Safari 등)",VARCHAR,50,,,,,,,,,,,,,,,,,,,,,,,,,,,,,,,,,,,,,
1,SYS_FILE,공통파일,FILE_UUID,공통아이디,VARCHAR,36,Y,,Y,,,,,,,,,,,,,,,,,,,,,,,,,,,,,,,,,,
2,SYS_FILE,공통파일,SYS_CRT_DT,시스템생성일시,DATETIME,,,,Y,,,,,,,,,,,,,,,,,,,,,,,,,,,,,,,,,,
3,SYS_FILE,공통파일,SYS_CRT_USR_ID,시스템생성자ID,VARCHAR,32,,,Y,,,,,,,,,,,,,,,,,,,,,,,,,,,,,,,,,,
4,SYS_FILE,공통파일,SYS_UPD_DT,시스템수정일시,DATETIME,,,,,,,,,,,,,,,,,,,,,,,,,,,,,,,,,,,,,,
5,SYS_FILE,공통파일,SYS_UPD_USR_ID,시스템수정자ID,VARCHAR,32,,,,,,,,,,,,,,,,,,,,,,,,,,,,,,,,,,,,,
6,SYS_FILE,공통파일,TEMP_YN,임시파일 여부,INT,,,,Y,,,,,,,,,,,,,,,,,,,,,,,,,,,,,,,,,,
1,SYS_FILE_DTL,공통 첨부파일 테이블,FILE_ID,파일아이디,VARCHAR,36,Y,,Y,,,,,,,,,,,,,,,,,,,,,,,,,,,,,,,,,,
2,SYS_FILE_DTL,공통 첨부파일 테이블,FILE_UUID,공통아이디,VARCHAR,36,Y,Y,Y,,,,,,,,,,,,,,,,,,,,,,,,,,,,,,,,,,
3,SYS_FILE_DTL,공통 첨부파일 테이블,FILE_NM,파일이름,VARCHAR,3000,,,Y,,,,,,,,,,,,,,,,,,,,,,,,,,,,,,,,,,
4,SYS_FILE_DTL,공통 첨부파일 테이블,FILE_SZ,파일크기,VARCHAR,10,,,Y,,,,,,,,,,,,,,,,,,,,,,,,,,,,,,,,,,
5,SYS_FILE_DTL,공통 첨부파일 테이블,FILE_EXT,파일확장자,VARCHAR,50,,,Y,,,,,,,,,,,,,,,,,,,,,,,,,,,,,,,,,,
6,SYS_FILE_DTL,공통 첨부파일 테이블,FILE_PATH,파일경로,VARCHAR,1000,,,Y,,,,,,,,,,,,,,,,,,,,,,,,,,,,,,,,,,
7,SYS_FILE_DTL,공통 첨부파일 테이블,SYS_CRT_DT,시스템생성일시,DATETIME,,,,Y,,,,,,,,,,,,,,,,,,,,,,,,,,,,,,,,,,
8,SYS_FILE_DTL,공통 첨부파일 테이블,SYS_CRT_USR_ID,시스템생성자ID,VARCHAR,32,,,,,,,,,,,,,,,,,,,,,,,,,,,,,,,,,,,,,
9,SYS_FILE_DTL,공통 첨부파일 테이블,SYS_UPD_DT,시스템수정일시,DATETIME,,,,,,,,,,,,,,,,,,,,,,,,,,,,,,,,,,,,,,
10,SYS_FILE_DTL,공통 첨부파일 테이블,SYS_UPD_USR_ID,시스템수정자ID,VARCHAR,32,,,,,,,,,,,,,,,,,,,,,,,,,,,,,,,,,,,,,
11,SYS_FILE_DTL,공통 첨부파일 테이블,MENU_CD,메뉴코드,VARCHAR,10,,,,,common_menu tbl,,,,,,,,,,,,,,,,,,,,,,,,,,,,,,,,
1,SYS_ICON,아이콘,ICON_CD,아이콘 코드,VARCHAR,100,,,,,,,,,,,,,,,,,,,,,,,,,,,,,,,,,,,,,
2,SYS_ICON,아이콘,ICON_NM,아이콘 이름,VARCHAR,100,,,,,,,,,,,,,,,,,,,,,,,,,,,,,,,,,,,,,
3,SYS_ICON,아이콘,ICON_CLS,클래스명,VARCHAR,100,,,,,,,,,,,,,,,,,,,,,,,,,,,,,,,,,,,,,
1,SYS_SITE_CFG,사이트 환경 설정,CFG_GRP_ID,설정그룹아이디,VARCHAR,100,,,Y,,,,,,,,,,,,,,,,,,,,,,,,,,,,,,,,,,
2,SYS_SITE_CFG,사이트 환경 설정,CFG_KEY,설정키,VARCHAR,500,Y,,Y,,,,,,,,,,,,,,,,,,,,,,,,,,,,,,,,,,
3,SYS_SITE_CFG,사이트 환경 설정,CFG_VAL,설정값,VARCHAR,100,,,Y,,,,,,,,,,,,,,,,,,,,,,,,,,,,,,,,,,
4,SYS_SITE_CFG,사이트 환경 설정,DESCRIPTION,설명,VARCHAR,500,,,,,,,,,,,,,,,,,,,,,,,,,,,,,,,,,,,,,
5,SYS_SITE_CFG,사이트 환경 설정,USE_YN,사용여부,CHAR,,,,Y,'0' not,,,,,,,,,,,,,,,,,,,,,,,,,,,,,,,,,
6,SYS_SITE_CFG,사이트 환경 설정,SYS_CRT_DT,시스템생성일시,DATETIME,,,,Y,,,,,,,,,,,,,,,,,,,,,,,,,,,,,,,,,,
7,SYS_SITE_CFG,사이트 환경 설정,SYS_CRT_USR_ID,시스템생성자ID,VARCHAR,32,,,Y,,,,,,,,,,,,,,,,,,,,,,,,,,,,,,,,,,
8,SYS_SITE_CFG,사이트 환경 설정,SYS_UPD_DT,시스템수정일시,DATETIME,,,,Y,,,,,,,,,,,,,,,,,,,,,,,,,,,,,,,,,,
9,SYS_SITE_CFG,사이트 환경 설정,SYS_UPD_USR_ID,시스템수정자ID,VARCHAR,32,,,Y,,,,,,,,,,,,,,,,,,,,,,,,,,,,,,,,,,
1,SYS_SITE_CFG_GRP,사이트 환경 설정 그룹,CFG_GRP_ID,설정그룹아이디,VARCHAR,100,Y,,Y,,,,,,,,,,,,,,,,,,,,,,,,,,,,,,,,,,
2,SYS_SITE_CFG_GRP,사이트 환경 설정 그룹,CFG_GRP_NM,설정그룹이름,VARCHAR,255,,,Y,,,,,,,,,,,,,,,,,,,,,,,,,,,,,,,,,,
3,SYS_SITE_CFG_GRP,사이트 환경 설정 그룹,USE_YN,사용여부,CHAR,,,,Y,,,,,,,,,,,,,,,,,,,,,,,,,,,,,,,,,,
4,SYS_SITE_CFG_GRP,사이트 환경 설정 그룹,SYS_CRT_DT,시스템생성일시,DATETIME,,,,Y,,,,,,,,,,,,,,,,,,,,,,,,,,,,,,,,,,
5,SYS_SITE_CFG_GRP,사이트 환경 설정 그룹,SYS_CRT_USR_ID,시스템생성자ID,VARCHAR,32,,,Y,,,,,,,,,,,,,,,,,,,,,,,,,,,,,,,,,,
6,SYS_SITE_CFG_GRP,사이트 환경 설정 그룹,SYS_UPD_DT,시스템수정일시,DATETIME,,,,Y,,,,,,,,,,,,,,,,,,,,,,,,,,,,,,,,,,
7,SYS_SITE_CFG_GRP,사이트 환경 설정 그룹,SYS_UPD_USR_ID,시스템수정자ID,VARCHAR,32,,,Y,,,,,,,,,,,,,,,,,,,,,,,,,,,,,,,,,,
1,SYS_TOKEN,토큰 관리,ID,시퀀스 아이디,BIGINT,,Y,,,,auto_increment,,,,,,,,,,,,,,,,,,,,,,,,,,,,,,,,
2,SYS_TOKEN,토큰 관리,EXP,만료 여부,TINYINT,1,,,Y,,,,,,,,,,,,,,,,,,,,,,,,,,,,,,,,,,
3,SYS_TOKEN,토큰 관리,REVOK,폐기 여부,TINYINT,1,,,Y,,,,,,,,,,,,,,,,,,,,,,,,,,,,,,,,,,
4,SYS_TOKEN,토큰 관리,USER_ID,COMMON_USER 참조,BIGINT,,,Y,,,,,,,,,,,,,,,,,,,,,,,,,,,,,,,,,,,
5,SYS_TOKEN,토큰 관리,TOKEN,토큰값,VARCHAR,255,,,,,,,,,,,,,,,,,,,,,,,,,,,,,,,,,,,,,
6,SYS_TOKEN,토큰 관리,TOKEN_TYPE,,VARCHAR,255,,,,,,,,,,,,,,,,,,,,,,,,,,,,,,,,,,,,,
1,SYS_TOKEN_SEQ,토큰 시퀀스,NXT_NOT_CHCD_VAL,캐시되지 않은 다음 값,BIGINT,21,,,Y,,,,,,,,,,,,,,,,,,,,,,,,,,,,,,,,,,
2,SYS_TOKEN_SEQ,토큰 시퀀스,MIN_VAL,최소값,BIGINT,21,,,Y,,,,,,,,,,,,,,,,,,,,,,,,,,,,,,,,,,
3,SYS_TOKEN_SEQ,토큰 시퀀스,MAX_VAL,최대값,BIGINT,21,,,Y,,,,,,,,,,,,,,,,,,,,,,,,,,,,,,,,,,
4,SYS_TOKEN_SEQ,토큰 시퀀스,START_VAL,시작값,BIGINT,21,,,Y,,시퀀스 생성 시 또는 RESTART 사용 시 값,,,,,,,,,,,,,,,,,,,,,,,,,,,,,,,,
5,SYS_TOKEN_SEQ,토큰 시퀀스,INCR,증가값,BIGINT,21,,,Y,,,,,,,,,,,,,,,,,,,,,,,,,,,,,,,,,,
6,SYS_TOKEN_SEQ,토큰 시퀀스,CACHE_SZ,캐시 크기,BIGINT,21,,,Y,,,,,,,,,,,,,,,,,,,,,,,,,,,,,,,,,,
7,SYS_TOKEN_SEQ,토큰 시퀀스,CYCLE_OPT,사이클옵션,TINYINT,1,,,Y,,"0: 사이클 불가, 1: 최대값 통과 시 새 사이클 시작",,,,,,,,,,,,,,,,,,,,,,,,,,,,,,,,
8,SYS_TOKEN_SEQ,토큰 시퀀스,CYCLE_CNT,사이클 횟수,BIGINT,21,,,Y,,,,,,,,,,,,,,,,,,,,,,,,,,,,,,,,,,
1,REG_SRVC,등록서비스정보,SRVC_CD,서비스코드,VARCHAR,6,Y,,Y,,자동차유형코드(1)+SYSTEM_SERVICE.ID(2)+일련번호(3),"SYSTEM_SERVICE.CODE, SYSTEM_SERVICE.ID",,,,,,,,,,,,,,,,,,,,,,,,,,,,,,,
2,REG_SRVC,등록서비스정보,FEE_APLCN_YMD,수수료적용일자,VARCHAR,8,Y,,,,,,,,,,,,,,,,,,,,,,,,,,,,,,,,,,,,
3,REG_SRVC,등록서비스정보,FEE_EXPRY_YMD,수수료만료일자,VARCHAR,8,,,,,,,,,,,,,,,,,,,,,,,,,,,,,,,,,,,,,
4,REG_SRVC,등록서비스정보,SRVC_NM,서비스명,VARCHAR,255,,,,,,SYSTEM_SERVICE.NAME,,,,,,,,,,,,,,,,,,,,,,,,,,,,,,,
5,REG_SRVC,등록서비스정보,VAT_AMT,부과세금액,BIGINT,,,,,,등록비,,,,,,,,,,,,,,,,,,,,,,,,,,,,,,,,
6,REG_SRVC,등록서비스정보,CTRY_STMTX_AMT,국가인지세금액,BIGINT,,,,,,,,,,,,,,,,,,,,,,,,,,,,,,,,,,,,,,
7,REG_SRVC,등록서비스정보,SRVC_FEE_AMT,서비스수수료금액,BIGINT,,,,,,,SYSTEM_SERVICE.FEE,,,,,,,,,,,,,,,,,,,,,,,,,,,,,,,
8,REG_SRVC,등록서비스정보,GRAMT,총금액,BIGINT,,,,,,서비스수수료금액+부과세금액+국가인지세금액,,,,,,,,,,,,,,,,,,,,,,,,,,,,,,,,
9,REG_SRVC,등록서비스정보,VAT_INCL_AMT,부과세포함금액,BIGINT,,,,,,서비스수수료금액+부과세금액,,,,,,,,,,,,,,,,,,,,,,,,,,,,,,,,
10,REG_SRVC,등록서비스정보,SRVC_PREFIX,서비스PREFIX,VARCHAR,255,,,,,,SYSTEM_SERVICE.SERVICEPREFIX,,,,,,,,,,,,,,,,,,,,,,,,,,,,,,,
11,REG_SRVC,등록서비스정보,ICON,아이콘,VARCHAR,100,,,,,,SYSTEM_SERVICE.ICON,,,,,,,,,,,,,,,,,,,,,,,,,,,,,,,
12,REG_SRVC,등록서비스정보,VIEW_SEQ,뷰순서,INT,,,,,,,SYSTEM_SERVICE.VIEW_ORDER,,,,,,,,,,,,,,,,,,,,,,,,,,,,,,,
13,REG_SRVC,등록서비스정보,DSCTN,내역,VARCHAR,100,,,,,,SYSTEM_SERVICE.DESCRIPTION,,,,,,,,,,,,,,,,,,,,,,,,,,,,,,,
14,REG_SRVC,등록서비스정보,URL,URL,VARCHAR,200,,,,,,SYSTEM_SERVICE.URL,,,,,,,,,,,,,,,,,,,,,,,,,,,,,,,
15,REG_SRVC,등록서비스정보,GROUP_NM,그룹명,VARCHAR,20,,,,,,SYSTEM_SERVICE.GROUP_NAME,,,,,,,,,,,,,,,,,,,,,,,,,,,,,,,
16,REG_SRVC,등록서비스정보,USE_YN,사용여부,CHAR,1,,,,default 'Y',,SYSTEM_SERVICE.DELETED_AT, null 이면 'Y' 아니면 'N',,,,,,,,,,,,,,,,,,,,,,,,,,,,,,
17,REG_SRVC,등록서비스정보,RGTR_ID,등록자ID,VARCHAR,20,,SYS_USER.USER_ID,,,,SYSTEM_SERVICE.CREATEDBY,,,,,,,,,,,,,,,,,,,,,,,,,,,,,,,
18,REG_SRVC,등록서비스정보,REG_DT,등록일시,DATETIME,,,,,default NOW(),,SYSTEM_SERVICE.CREATEDDATE,,,,,,,,,,,,,,,,,,,,,,,,,,,,,,,
19,REG_SRVC,등록서비스정보,MDFR_ID,수정자ID,VARCHAR,20,,SYS_USER.USER_ID,,,,SYSTEM_SERVICE.UPDATEDBY,,,,,,,,,,,,,,,,,,,,,,,,,,,,,,,
20,REG_SRVC,등록서비스정보,MDFCN_DT,수정일시,DATETIME,,,,,,,SYSTEM_SERVICE.MODIFIEDDATE,,,,,,,,,,,,,,,,,,,,,,,,,,,,,,,
1,REG_VHCL_MNFCTR,자동차제작사정보,MNFCTR_CD,제작사코드,VARCHAR,8,Y,,Y,,국가코드(3) + 일련번호(5),REG_MARK.ID,,,,,,,,,,,,,,,,,,,,,,,,,,,,,,,
2,REG_VHCL_MNFCTR,자동차제작사정보,MNFCTR_NM,제작사명,VARCHAR,100,,,Y,,,REG_MARK.NAME,,,,,,,,,,,,,,,,,,,,,,,,,,,,,,,
3,REG_VHCL_MNFCTR,자동차제작사정보,NTN_CD,국가코드,VARCHAR,3,,SYS_CD_GRP.GRP_ID,,,GRP_ID= '018',REG_MARK.COUNTRY_ID,REF_COUNTRY.ID,,,,,,,,,,,,,,,,,,,,,,,,,,,,,,
4,REG_VHCL_MNFCTR,자동차제작사정보,MNFCTR_SE,제작사구분,VARCHAR,1,,,,,"1: 생산자, 2:수입업자, 9:기타",,,,,,,,,,,,,,,,,,,,,,,,,,,,,,,,
5,REG_VHCL_MNFCTR,자동차제작사정보,BFR_MNFCTR_CD,이전_제작사코드,VARCHAR,8,,REG_VHCL_MNFCTR.MNFCTR_CD,,,,REG_MARK.OLD_ID,,,,,,,,,,,,,,,,,,,,,,,,,,,,,,,
6,REG_VHCL_MNFCTR,자동차제작사정보,USE_YN,사용여부,CHAR,1,,,,default 'Y',,REG_MARK.STATUS,,,,,,,,,,,,,,,,,,,,,,,,,,,,,,,
7,REG_VHCL_MNFCTR,자동차제작사정보,RGTR_ID,등록자ID,VARCHAR,20,,SYS_USER.USER_ID,,,,REG_MARK.CREATED_BY,SYSTEM_USER.ID,,,,,,,,,,,,,,,,,,,,,,,,,,,,,,
8,REG_VHCL_MNFCTR,자동차제작사정보,REG_DT,등록일시,DATETIME,,,,,default NOW(),,REG_MARK.CREATED_DATE,,,,,,,,,,,,,,,,,,,,,,,,,,,,,,,
9,REG_VHCL_MNFCTR,자동차제작사정보,MDFR_ID,수정자ID,VARCHAR,20,,SYS_USER.USER_ID,,,,REG_MARK.UPDATED_BY,SYSTEM_USER.ID,,,,,,,,,,,,,,,,,,,,,,,,,,,,,,
10,REG_VHCL_MNFCTR,자동차제작사정보,MDFCN_DT,수정일시,DATETIME,,,,,,,REG_MARK.UPDATED_DATE,,,,,,,,,,,,,,,,,,,,,,,,,,,,,,,
1,REG_VHCL_MDL,자동차모델정보,MDL_ID,모델ID,BIGINT,,Y,,Y,,ALTER TABLE REG_VHCL_MDL AUTO_INCREMENT=20883;,REG_MODEL.ID,,,,,,,,,,,,,,,,,,,,,,,,,,,,,,,
2,REG_VHCL_MDL,자동차모델정보,MDL_NM,모델명,VARCHAR,100,,,Y,,,REG_MODEL.NAME,,,,,,,,,,,,,,,,,,,,,,,,,,,,,,,
3,REG_VHCL_MDL,자동차모델정보,MNFCTR_CD,제작사코드,VARCHAR,8,,REG_VHCL_MNFCTR.MNFCTR_CD,,,,REG_MODEL.MARK_ID,REG_MARK.ID,,,,,,,,,,,,,,,,,,,,,,,,,,,,,,
4,REG_VHCL_MDL,자동차모델정보,USE_YN,사용여부,CHAR,1,,,,default 'Y',,REG_MODEL.STATUS,,,,,,,,,,,,,,,,,,,,,,,,,,,,,,,
5,REG_VHCL_MDL,자동차모델정보,RGTR_ID,등록자ID,VARCHAR,20,,SYS_USER.USER_ID,,,,REG_MODEL.CREATED_BY,SYSTEM_USER.ID,,,,,,,,,,,,,,,,,,,,,,,,,,,,,,
6,REG_VHCL_MDL,자동차모델정보,REG_DT,등록일시,DATETIME,,,,,default NOW(),,REG_MODEL.CREATED_DATE,,,,,,,,,,,,,,,,,,,,,,,,,,,,,,,
7,REG_VHCL_MDL,자동차모델정보,MDFR_ID,수정자ID,VARCHAR,20,,SYS_USER.USER_ID,,,,REG_MODEL.UPDATED_BY,SYSTEM_USER.ID,,,,,,,,,,,,,,,,,,,,,,,,,,,,,,
8,REG_VHCL_MDL,자동차모델정보,MDFCN_DT,수정일시,DATETIME,,,,,,,REG_MODEL.UPDATED_DATE,,,,,,,,,,,,,,,,,,,,,,,,,,,,,,,
1,REG_VHCL_ENGN_MDL,자동차엔진모델정보,ENGN_MDL_ID,엔진모델ID,BIGINT,,Y,,Y,,ALTER TABLE REG_VHCL_ENGN_MDL AUTO_INCREMENT=8418;,REF_ENGINE_MODEL.ID,,,,,,,,,,,,,,,,,,,,,,,,,,,,,,,
2,REG_VHCL_ENGN_MDL,자동차엔진모델정보,ENGN_MDL_NM,엔진모델명,VARCHAR,100,,,,,,REF_ENGINE_MODEL.NAME,,,,,,,,,,,,,,,,,,,,,,,,,,,,,,,
3,REG_VHCL_ENGN_MDL,자동차엔진모델정보,FUEL_TYPE_CD,연료유형코드,VARCHAR,2,,SYS_CD_GRP.GRP_ID,,,GRP_ID='004',REF_ENGINE_MODEL.FUEL_TYPE_ID,"REF_GENERAL.ID
REF_GENERAL.REF_TYPE=4",,,,,,,,,,,,,,,,,,,,,,,,,,,,,,
4,REG_VHCL_ENGN_MDL,자동차엔진모델정보,ECO_CLSF_CD,환경분류코드,VARCHAR,1,,SYS_CD_GRP.GRP_ID,,,GRP_ID='006',REF_ENGINE_MODEL.ECO_CLASS_ID,"REF_GENERAL.ID
REF_GENERAL.REF_TYPE=6 (유로)",,,,,,,,,,,,,,,,,,,,,,,,,,,,,,
5,REG_VHCL_ENGN_MDL,자동차엔진모델정보,ENGN_CPCT,엔진용량,INT,,,,,,배기량 ?,REF_ENGINE_MODEL.ENGINE_CAPACITY,,,,,,,,,,,,,,,,,,,,,,,,,,,,,,,
6,REG_VHCL_ENGN_MDL,자동차엔진모델정보,MNFCTR_CD,제작사코드,VARCHAR,8,,REG_VHCL_MNFCTR.MNFCTR_CD,,,,REF_ENGINE_MODEL.MARK_ID,REG_MARK.ID,,,,,,,,,,,,,,,,,,,,,,,,,,,,,,
7,REG_VHCL_ENGN_MDL,자동차엔진모델정보,OTHR_MNFCTR_YN,다른제작사여부,CHAR,1,,,,default 'N',,REF_ENGINE_MODEL.IS_OTHER_MARK,,,,,,,,,,,,,,,,,,,,,,,,,,,,,,,
8,REG_VHCL_ENGN_MDL,자동차엔진모델정보,ENGN_PW,엔진동력,INT,,,,,,,REF_ENGINE_MODEL.ENGINE_POWER,,,,,,,,,,,,,,,,,,,,,,,,,,,,,,,
9,REG_VHCL_ENGN_MDL,자동차엔진모델정보,OCTRT_CD,옥탄가코드,VARCHAR,1,,SYS_CD_GRP.GRP_ID,,,GRP_ID='012',REF_ENGINE_MODEL.OCTANE_NUM_ID,"REF_GENERAL.ID
REF_GENERAL_TYPE=?",,,,,,,,,,,,,,,,,,,,,,,,,,,,,,
10,REG_VHCL_ENGN_MDL,자동차엔진모델정보,TRBO_YN,터보여부,CHAR,1,,,,default 'N',,REF_ENGINE_MODEL.IS_TURBO,,,,,,,,,,,,,,,,,,,,,,,,,,,,,,,
11,REG_VHCL_ENGN_MDL,자동차엔진모델정보,USE_YN,사용여부,CHAR,1,,,,default 'Y',,REF_ENGINE_MODEL.STATUS,,,,,,,,,,,,,,,,,,,,,,,,,,,,,,,
12,REG_VHCL_ENGN_MDL,자동차엔진모델정보,RGTR_ID,등록자ID,VARCHAR,20,,SYS_USER.USER_ID,,,,REF_ENGINE_MODEL.CREATED_BY,SYSTEM_USER.ID,,,,,,,,,,,,,,,,,,,,,,,,,,,,,,
13,REG_VHCL_ENGN_MDL,자동차엔진모델정보,REG_DT,등록일시,DATETIME,,,,,default NOW(),,REF_ENGINE_MODEL.CREATED_DATE,,,,,,,,,,,,,,,,,,,,,,,,,,,,,,,
14,REG_VHCL_ENGN_MDL,자동차엔진모델정보,MDFR_ID,수정자ID,VARCHAR,20,,SYS_USER.USER_ID,,,,REF_ENGINE_MODEL.UPDATED_BY,SYSTEM_USER.ID,,,,,,,,,,,,,,,,,,,,,,,,,,,,,,
15,REG_VHCL_ENGN_MDL,자동차엔진모델정보,MDFCN_DT,수정일시,DATETIME,,,,,,,REF_ENGINE_MODEL.UPDATED_DATE,,,,,,,,,,,,,,,,,,,,,,,,,,,,,,,
1,REG_VHCL_TYPE,자동차유형정보,VHCL_TYPE_ID,자동차유형ID,BIGINT,,Y,,Y,,,REG_VEHICLE_TYPE.ID,,,,,,,,,,,,,,,,,,,,,,,,,,,,,,,
2,REG_VHCL_TYPE,자동차유형정보,VHCL_TYPE_NM,자동차유형명,VARCHAR,100,,,,,,REG_VEHICLE_TYPE.NAME,,,,,,,,,,,,,,,,,,,,,,,,,,,,,,,
3,REG_VHCL_TYPE,자동차유형정보,DCL_CRTR_VL,감속도기준값,DECIMAL,"10,2",,,,default 0,감속도계측정기준,REG_VEHICLE_TYPE.DECELERATION,,,,,,,,,,,,,,,,,,,,,,,,,,,,,,,
4,REG_VHCL_TYPE,자동차유형정보,TREAD_DPTH_CRTR_VL,트레드깊이기준값,DECIMAL,"10,2",,,,default 0,타이어홈깊이기준,REG_VEHICLE_TYPE.TREADDEPTH,,,,,,,,,,,,,,,,,,,,,,,,,,,,,,,
5,REG_VHCL_TYPE,자동차유형정보,AIR_PRS_CRTR_VL,공기압기준값,INT,,,,,default 0,공기압 기준값,REG_VEHICLE_TYPE.FREEOPERATION,,,,,,,,,,,,,,,,,,,,,,,,,,,,,,,
6,REG_VHCL_TYPE,자동차유형정보,USG_CD,용도코드,VARCHAR,1,,SYS_CD_GRP.GRP_ID,,,GRP_ID='034',REG_VEHICLE_TYPE.PURPOSE_ID,REF_PURPOSE.ID,,,,,,,,,,,,,,,,,,,,,,,,,,,,,,
7,REG_VHCL_TYPE,자동차유형정보,USG_BSC_CD,용도기본코드,VARCHAR,1,,SYS_CD_GRP.GRP_ID,,,GRP_ID='033',REG_VEHICLE_TYPE.BASETYPE,REF_PURPOSE_BASE.ID,,,,,,,,,,,,,,,,,,,,,,,,,,,,,,
8,REG_VHCL_TYPE,자동차유형정보,VHCL_TYPE_ENG_NM,자동차유형영문명,VARCHAR,100,,,,,,REG_VEHICLE_TYPE.NAMEENG,,,,,,,,,,,,,,,,,,,,,,,,,,,,,,,
9,REG_VHCL_TYPE,자동차유형정보,EXPLN,설명,VARCHAR,1000,,,,,,REG_VEHICLE_TYPE.DESCRIPTION,,,,,,,,,,,,,,,,,,,,,,,,,,,,,,,
10,REG_VHCL_TYPE,자동차유형정보,BFR_VHCL_TYPE_ID,이전자동차유형ID,BIGINT,,,REG_VHCL_TYPE.VHCL_TYPE_ID,,,,REG_VEHICLE_TYPE.OLD_ID,,,,,,,,,,,,,,,,,,,,,,,,,,,,,,,
11,REG_VHCL_TYPE,자동차유형정보,USE_YN,사용여부,CHAR,1,,,,default 'Y',,REG_VEHICLE_TYPE.STATUS,,,,,,,,,,,,,,,,,,,,,,,,,,,,,,,
12,REG_VHCL_TYPE,자동차유형정보,RGTR_ID,등록자ID,VARCHAR,20,,SYS_USER.USER_ID,,,,REG_VEHICLE_TYPE.CREATED_BY,SYSTEM_USER.ID,,,,,,,,,,,,,,,,,,,,,,,,,,,,,,
13,REG_VHCL_TYPE,자동차유형정보,REG_DT,등록일시,DATETIME,,,,,default NOW(),,REG_VEHICLE_TYPE.CREATED_DATE,,,,,,,,,,,,,,,,,,,,,,,,,,,,,,,
14,REG_VHCL_TYPE,자동차유형정보,MDFR_ID,수정자ID,VARCHAR,20,,SYS_USER.USER_ID,,,,REG_VEHICLE_TYPE.UPDATED_BY,SYSTEM_USER.ID,,,,,,,,,,,,,,,,,,,,,,,,,,,,,,
15,REG_VHCL_TYPE,자동차유형정보,MDFCN_DT,수정일시,DATETIME,,,,,,,REG_VEHICLE_TYPE.UPDATED_DATE,,,,,,,,,,,,,,,,,,,,,,,,,,,,,,,
1,REG_VHCL_SPEC,자동차제원정보,SPEC_ID,제원ID,BIGINT,,Y,,Y,,Sequence (일련번호),REG_MODIPICACE.ID,,,,,,,,,,,,,,,,,,,,,,,,,,,,,,,
2,REG_VHCL_SPEC,자동차제원정보,SPEC_MNG_NO,제원관리번호,VARCHAR,20,,,Y,,"ASIS 제원관리번호 없고 차량과 1:N로 되어 있음 (제원관리체계가 없음)
추후 관리를 위한 번호체계",,,,,,,,,,,,,,,,,,,,,,,,,,,,,,,,
3,REG_VHCL_SPEC,자동차제원정보,SPEC_VIN,제원차대번호,VARCHAR,17,,,,,"차대번호 앞자리(5,7)",REG_MODIPICACE.VIN_NO,,,,,,,,,,,,,,,,,,,,,,,,,,,,,,,
4,REG_VHCL_SPEC,자동차제원정보,MDL_ID,모델ID,BIGINT,,,REG_VHCL_MDL.MDL_ID,,,,REG_MODIPICACE.MODEL_ID,REG_MODEL.ID,,,,,,,,,,,,,,,,,,,,,,,,,,,,,,
5,REG_VHCL_SPEC,자동차제원정보,INI_MNFCTR_CD,최초제작사코드,VARCHAR,8,,REG_VHCL_MNFCTR.MNFCTR_CD,,,,,,,,,,,,,,,,,,,,,,,,,,,,,,,,,,,
6,REG_VHCL_SPEC,자동차제원정보,VHCL_TYPE_ID,자동차유형ID,BIGINT,,,REG_VHCL_TYPE.VHCL_TYPE_ID,,,,REG_MODIPICACE.VEHICLE_TYPE_ID,REG_VEHICLE_TYPE.ID,,,,,,,,,,,,,,,,,,,,,,,,,,,,,,
7,REG_VHCL_SPEC,자동차제원정보,CLSF_CD,분류코드,VARCHAR,1,,SYS_CD_GRP.GRP_ID,,,GRP_ID='002',REG_MODIPICACE.CLASSIFICATION_ID,"REF_GENERAL.ID
REF_GENERAL_TYPE=2",,,,,,,,,,,,,,,,,,,,,,,,,,,,,,
8,REG_VHCL_SPEC,자동차제원정보,GEAR_BX_SGN_CD,기어박스부호코드,VARCHAR,1,,SYS_CD_GRP.GRP_ID,,,GRP_ID= '307',,,,,,,,,,,,,,,,,,,,,,,,,,,,,,,,
9,REG_VHCL_SPEC,자동차제원정보,AXL_CNT,차축수,INT,,,,,,,REG_MODIPICACE.AXLE_COUNT,,,,,,,,,,,,,,,,,,,,,,,,,,,,,,,
10,REG_VHCL_SPEC,자동차제원정보,TWGHT,총중량,INT,,,,,,,REG_MODIPICACE.TOTAL_WEIGHT,,,,,,,,,,,,,,,,,,,,,,,,,,,,,,,
11,REG_VHCL_SPEC,자동차제원정보,SEAT_CNT,좌석수,INT,,,,,,,REG_MODIPICACE.SEAT_COUNT,,,,,,,,,,,,,,,,,,,,,,,,,,,,,,,
12,REG_VHCL_SPEC,자동차제원정보,DOOR_CNT,문수,INT,,,,,,,REG_MODIPICACE.DOOR_COUNT,,,,,,,,,,,,,,,,,,,,,,,,,,,,,,,
13,REG_VHCL_SPEC,자동차제원정보,MXLDC,최대적재용량,INT,,,,,,,REG_MODIPICACE.MAX_LOAD,,,,,,,,,,,,,,,,,,,,,,,,,,,,,,,
14,REG_VHCL_SPEC,자동차제원정보,WGHT,중량,INT,,,,,,,REG_MODIPICACE.OWN_WEIGHT,,,,,,,,,,,,,,,,,,,,,,,,,,,,,,,
15,REG_VHCL_SPEC,자동차제원정보,HGT,높이,INT,,,,,,,REG_MODIPICACE.HEIGHT,,,,,,,,,,,,,,,,,,,,,,,,,,,,,,,
16,REG_VHCL_SPEC,자동차제원정보,WDTH,가로,INT,,,,,,너비,REG_MODIPICACE.WIDTH,,,,,,,,,,,,,,,,,,,,,,,,,,,,,,,
17,REG_VHCL_SPEC,자동차제원정보,LEN,길이,INT,,,,,,,REG_MODIPICACE.LENGTH,,,,,,,,,,,,,,,,,,,,,,,,,,,,,,,
18,REG_VHCL_SPEC,자동차제원정보,VHCL_NM,자동차명,VARCHAR,100,,,,,,REG_MODIPICACE.MODIFICACE_NAME,,,,,,,,,,,,,,,,,,,,,,,,,,,,,,,
19,REG_VHCL_SPEC,자동차제원정보,HYBRD_YN,하이브리드여부,CHAR,1,,,,default 'N',,REG_MODIPICACE.IS_HYBRID,,,,,,,,,,,,,,,,,,,,,,,,,,,,,,,
20,REG_VHCL_SPEC,자동차제원정보,ENGN_MDL_ID,엔진모델ID,BIGINT,,,REG_VHCL_ENGN_MDL.ENGN_MDL_ID,,,,REG_MODIPICACE.ENGINE_MODEL_ID,REF_ENGINE_MODEL.ID,,,,,,,,,,,,,,,,,,,,,,,,,,,,,,
21,REG_VHCL_SPEC,자동차제원정보,STWHL_PSTN_CD,운전대위치코드,VARCHAR,1,,SYS_CD_GRP.GRP_ID,,,GRP_ID='003',REG_VEHICLE.WHEEL_ID,"REF_GENERAL.REF_TYPE=3
REF_GENERAL.ID",,,,,,,,,,,,,,,,,,,,,,,,,,,,,,
22,REG_VHCL_SPEC,자동차제원정보,DRV_MTH_CD,구동방식코드,VARCHAR,2,,SYS_CD_GRP.GRP_ID,,,GRP_ID= '005' (스티어링유형),REG_VEHICLE.STEERING_TYPE_ID,"REF_GENERAL.ID
REF_GENERAL.REF_TYPE=5",,,,,,,,,,,,,,,,,,,,,,,,,,,,,,
23,REG_VHCL_SPEC,자동차제원정보,MDL_YR_SYMBL_CD,모델연도기호코드,VARCHAR,4,,SYS_CD_GRP.GRP_ID,,,GRP_ID='310',,,,,,,,,,,,,,,,,,,,,,,,,,,,,,,,
24,REG_VHCL_SPEC,자동차제원정보,USE_YN,사용여부,CHAR,1,,,,default 'Y',,REG_MODIPICACE.STATUS,,,,,,,,,,,,,,,,,,,,,,,,,,,,,,,
25,REG_VHCL_SPEC,자동차제원정보,RGTR_ID,등록자ID,VARCHAR,20,,SYS_USER.USER_ID,,,,REG_MODIPICACE.CREATED_BY,SYSTEM_USER.ID,,,,,,,,,,,,,,,,,,,,,,,,,,,,,,
26,REG_VHCL_SPEC,자동차제원정보,REG_DT,등록일시,DATETIME,,,,,default NOW(),,REG_MODIPICACE.CREATED_DATE,,,,,,,,,,,,,,,,,,,,,,,,,,,,,,,
27,REG_VHCL_SPEC,자동차제원정보,MDFR_ID,수정자ID,VARCHAR,20,,SYS_USER.USER_ID,,,,REG_MODIPICACE.UPDATED_BY,SYSTEM_USER.ID,,,,,,,,,,,,,,,,,,,,,,,,,,,,,,
28,REG_VHCL_SPEC,자동차제원정보,MDFCN_DT,수정일시,DATETIME,,,,,,,REG_MODIPICACE.UPDATED_DATE,,,,,,,,,,,,,,,,,,,,,,,,,,,,,,,
1,REG_VHCL_MST,자동차마스터정보,FRST_VIN,최초차대번호,VARCHAR,17,Y,,Y,,,REG_VEHICLE.CABIN_NO,,,,,,,,,,,,,,,,,,,,,,,,,,,,,,,
2,REG_VHCL_MST,자동차마스터정보,VIN,차대번호,VARCHAR,17,,,Y,,,REG_VEHICLE.CABIN_NO,,,,,,,,,,,,,,,,,,,,,,,,,,,,,,,
3,REG_VHCL_MST,자동차마스터정보,VHRNO,자동차등록번호,VARCHAR,7,,,Y,,"숫자(4) + 지역(2) + 임의문자(1)
신규등록/차량번호변경 입력",REG_VEHICLE.PLATE_NO,,,,,,,,,,,,,,,,,,,,,,,,,,,,,,,
4,REG_VHCL_MST,자동차마스터정보,SPEC_ID,제원ID,BIGINT,,,REG_VHCL_SPEC.SPEC_ID,,,,REG_VEHICLE.MODEL_ID,,,,,,,,,,,,,,,,,,,,,,,,,,,,,,,
5,REG_VHCL_MST,자동차마스터정보,ENGN_NO,엔진번호,VARCHAR,18,,,,,,REG_VEHICLE.ENGINE_NO,,,,,,,,,,,,,,,,,,,,,,,,,,,,,,,
6,REG_VHCL_MST,자동차마스터정보,VHCL_REG_CERT_NO,자동차등록증번호,VARCHAR,20,,,,,,REG_VEHICLE.CERTIFICATE_NO,,,,,,,,,,,,,,,,,,,,,,,,,,,,,,,
7,REG_VHCL_MST,자동차마스터정보,VHCL_INCM_YMD,자동차수입일자,VARCHAR,8,,,Y,,YYYYMMDD,REG_VEHICLE.IMPORT_DATE,,,,,,,,,,,,,,,,,,,,,,,,,,,,,,,
8,REG_VHCL_MST,자동차마스터정보,INCM_DCLR_NO,수입신고번호,VARCHAR,17,,,,,,REG_VEHICLE.DECLARATION_NO,,,,,,,,,,,,,,,,,,,,,,,,,,,,,,,
9,REG_VHCL_MST,자동차마스터정보,VHCL_COLR_TYPE_CD,자동차색상타입코드,VARCHAR,1,,SYS_CD_GRP.GRP_ID,,,GRP_ID= '013',,"REF_COLOR.ID
REF_COLOR.TYPE_ID = REF_COLOR_TYPE.ID",,,,,,,,,,,,,,,,,,,,,,,,,,,,,,
10,REG_VHCL_MST,자동차마스터정보,VHCL_COLR_CD,자동차색상코드,VARCHAR,4,,SYS_CD_GRP.GRP_ID,,,GRP_ID= '014',REG_VEHICLE.COLOR_ID,REF_COLOR.ID,,,,,,,,,,,,,,,,,,,,,,,,,,,,,,
11,REG_VHCL_MST,자동차마스터정보,MDL_ID,모델ID,BIGINT,,,REG_VHCL_MDL.MDL_ID,,,,,,,,,,,,,,,,,,,,,,,,,,,,,,,,,,,
12,REG_VHCL_MST,자동차마스터정보,SPCL_USG_CD,특수용도코드,VARCHAR,3,,SYS_CD_GRP.GRP_ID,,,GRP_ID= '008',REG_VEHICLE.SPECIAL_ID,"REF_GENERAL.ID
REF_GENERAL.REF_TYPE=8",,,,,,,,,,,,,,,,,,,,,,,,,,,,,,
13,REG_VHCL_MST,자동차마스터정보,STWHL_PSTN_CD,운전대위치코드,VARCHAR,1,,SYS_CD_GRP.GRP_ID,,,GRP_ID= '003',REG_VEHICLE.WHEEL_ID,"REF_GENERAL.ID
REF_GENERAL.REF_TYPE=3",,,,,,,,,,,,,,,,,,,,,,,,,,,,,,
14,REG_VHCL_MST,자동차마스터정보,DRV_MTH_CD,구동방식코드,VARCHAR,2,,SYS_CD_GRP.GRP_ID,,,GRP_ID= '005' (스티어링유형),REG_VEHICLE.STEERING_TYPE_ID,"REF_GENERAL.ID
REF_GENERAL.REF_TYPE=5",,,,,,,,,,,,,,,,,,,,,,,,,,,,,,
15,REG_VHCL_MST,자동차마스터정보,ENGN_MDL_ID,엔진모델ID,BIGINT,,,REG_VHCL_ENGN_MDL.ENGN_MDL_ID,,,,REG_VEHICLE.ENGINE_MODEL_ID,REF_ENGINE_MODEL.ID,,,,,,,,,,,,,,,,,,,,,,,,,,,,,,
16,REG_VHCL_MST,자동차마스터정보,FUEL_TYPE_CD,연료유형코드,VARCHAR,2,,SYS_CD_GRP.GRP_ID,,,GRP_ID= '004',REF_ENGINE_MODEL.FUEL_TYPE_ID,,,,,,,,,,,,,,,,,,,,,,,,,,,,,,,
17,REG_VHCL_MST,자동차마스터정보,FBCTN_YMD,제작일자,VARCHAR,8,,,,,"YYYYMMDD 
('YYYYMM'||'01' , 'YYYY'||'0101')","REG_VEHICLE.BUILD_YEAR + 
REG_VEHICLE.BUILD_MONTH",,,,,,,,,,,,,,,,,,,,,,,,,,,,,,,
18,REG_VHCL_MST,자동차마스터정보,PAR_TYPE_CD,PAR유형코드,VARCHAR,3,,SYS_CD_GRP.GRP_ID,,,GRP_ID= '010',REG_VEHICLE.PAR_TYPE_ID,"REF_GENERAL.ID
REF_GENERAL.REF_TYPE=10",,,,,,,,,,,,,,,,,,,,,,,,,,,,,,
19,REG_VHCL_MST,자동차마스터정보,PAR_MNFCTR_ID,PAR제작사ID,VARCHAR,8,,REG_VHCL_MNFCTR.MNFCTR_CD,,,,REG_VEHICLE.PAR_MARKER_ID,REG_MARK.ID,,,,,,,,,,,,,,,,,,,,,,,,,,,,,,
20,REG_VHCL_MST,자동차마스터정보,NEW_REG_YMD,신규등록일자,VARCHAR,8,,,,,YYYYMMDD,,,,,,,,,,,,,,,,,,,,,,,,,,,,,,,,
21,REG_VHCL_MST,자동차마스터정보,NXT_INSP_YMD,다음검사일자,VARCHAR,8,,,,,,,,,,,,,,,,,,,,,,,,,,,,,,,,,,,,,
22,REG_VHCL_MST,자동차마스터정보,BFR_AIMG_CD,이전아이막코드,VARCHAR,2,,"SYS_CD_GRP.GRP_ID
REF_ADDR.ADDR_CD",,,"GRP_ID='023',
REF_ADDR.LEFT(ADDR_CD, 2) and 
COM_ADDR_INFO.ADDR_SE_CD='1'",REG_VEHICLE.OLD_PROVINCE_ID,,,,,,,,,,,,,,,,,,,,,,,,,,,,,,,
23,REG_VHCL_MST,자동차마스터정보,AIMG_CD,아이막코드,VARCHAR,2,,"SYS_CD_GRP.GRP_ID
REF_ADDR.ADDR_CD",,,"GRP_ID='023',
REF_ADDR.LEFT(ADDR_CD, 2) and 
COM_ADDR_INFO.ADDR_SE_CD='1'",REG_VEHICLE.PROVINCE_ID,,,,,,,,,,,,,,,,,,,,,,,,,,,,,,,
24,REG_VHCL_MST,자동차마스터정보,OWNR_UNQ_NO,소유자고유번호,VARCHAR,24,,REG_OWNR_MST.OWNR_UNQ_NO,,,"(암호화코드) - 소유자등록번호
신규등록시 입력",REG_VEHICLE.OWNER_ID,OWNER.ID,,,,,,,,,,,,,,,,,,,,,,,,,,,,,,
25,REG_VHCL_MST,자동차마스터정보,USER_UNQ_NO,사용자고유번호,VARCHAR,24,,REG_OWNR_MST.OWNR_UNQ_NO,,,"(암호화코드) - 사용자 등록번호
신규등록/사용자등록시 입력",REG_VEHICLE.OWNER1_ID,OWNER.ID,,,,,,,,,,,,,,,,,,,,,,,,,,,,,,
26,REG_VHCL_MST,자동차마스터정보,DSTDRV,주행거리,NUMBER,7,,,,,,REG_VEHICLE.IMPORT_ODOMETER,,,,,,,,,,,,,,,,,,,,,,,,,,,,,,,
27,REG_VHCL_MST,자동차마스터정보,INCM_NTN_NM,수입국가명,VARCHAR,100,,,,,,REG_VEHICLE.IMPORT_COUNTRY,,,,,,,,,,,,,,,,,,,,,,,,,,,,,,,
28,REG_VHCL_MST,자동차마스터정보,STLN_YN,도난여부,CHAR,1,,,,default 'N',"Value : 'Y', 'N'",REG_VEHICLE.IS_STOLEN,,,,,,,,,,,,,,,,,,,,,,,,,,,,,,,
29,REG_VHCL_MST,자동차마스터정보,VLTN_YN,위반여부,CHAR,1,,,,default 'N',"Value : 'Y', 'N'",REG_VEHICLE.IS_WARNING,,,,,,,,,,,,,,,,,,,,,,,,,,,,,,,
30,REG_VHCL_MST,자동차마스터정보,VHCL_REG_CERT_NO_RTRCN_YN,자동차등록증번호취소여부,CHAR,1,,,,default 'N',"Value : 'Y', 'N'",REG_VEHICLE.IS_CERT_REVOKE,,,,,,,,,,,,,,,,,,,,,,,,,,,,,,,
31,REG_VHCL_MST,자동차마스터정보,EXFMS_NO,배기가스번호,VARCHAR,40,,,,,,REG_VEHICLE.EXHAUST_NO,,,,,,,,,,,,,,,,,,,,,,,,,,,,,,,
32,REG_VHCL_MST,자동차마스터정보,VHCL_STTS_CD,자동차상태코드,VARCHAR,2,,SYS_CD_GRP.GRP_ID,,"
",GRP_ID='025',REG_VEHICLE.STATUS,REG_STATUS.ID,,,,,,,,,,,,,,,,,,,,,,,,,,,,,,
33,REG_VHCL_MST,자동차마스터정보,NOPLT_COLR_CD,번호판색상코드,VARCHAR,2,,SYS_CD_GRP.GRP_ID,,,"GRP_ID='030'
신규등록시 입력",SYSTEM_PLATE_FACTORY.PLATECOLOR,,,,,,,,,,,,,,,,,,,,,,,,,,,,,,,
34,REG_VHCL_MST,자동차마스터정보,RGTR_ID,등록자ID,VARCHAR,20,,SYS_USER.USER_ID,,,,REG_VEHICLE.CREATED_BY,SYSTEM_USER.ID,,,,,,,,,,,,,,,,,,,,,,,,,,,,,,
35,REG_VHCL_MST,자동차마스터정보,REG_DT,등록일시,DATETIME,,,,,default NOW(),,REG_VEHICLE.CREATED_DATE,,,,,,,,,,,,,,,,,,,,,,,,,,,,,,,
36,REG_VHCL_MST,자동차마스터정보,MDFR_ID,수정자ID,VARCHAR,20,,SYS_USER.USER_ID,,,,REG_VEHICLE.UPDATED_BY,SYSTEM_USER.ID,,,,,,,,,,,,,,,,,,,,,,,,,,,,,,
37,REG_VHCL_MST,자동차마스터정보,MDFCN_DT,수정일시,DATETIME,,,,,,,REG_VEHICLE.UPDATED_DATE,,,,,,,,,,,,,,,,,,,,,,,,,,,,,,,
1,REG_VHCL_ERSR_HIST,자동차말소이력정보,FRST_VIN,최초차대번호,VARCHAR,17,Y,,Y,,,REG_VEHICLE.CABIN_NO,,,,,,,,,,,,,,,,,,,,,,,,,,,,,,,
2,REG_VHCL_ERSR_HIST,자동차말소이력정보,ERSR_YMD,말소일자,VARCHAR,8,Y,,Y,,YYYYMMDD,,,,,,,,,,,,,,,,,,,,,,,,,,,,,,,,
3,REG_VHCL_ERSR_HIST,자동차말소이력정보,ERSR_RSN_CD,말소사유코드,VARCHAR,2,,SYS_CD_GRP.GRP_ID,,,GRP_ID='016',,,,,,,,,,,,,,,,,,,,,,,,,,,,,,,,
4,REG_VHCL_ERSR_HIST,자동차말소이력정보,VIN,차대번호,VARCHAR,17,,,Y,,,REG_VEHICLE.CABIN_NO,,,,,,,,,,,,,,,,,,,,,,,,,,,,,,,
5,REG_VHCL_ERSR_HIST,자동차말소이력정보,VHRNO,자동차등록번호,VARCHAR,7,,,,,숫자(4) + 지역(2) + 임의문자(1),REG_VEHICLE.PLATE_NO,,,,,,,,,,,,,,,,,,,,,,,,,,,,,,,
6,REG_VHCL_ERSR_HIST,자동차말소이력정보,ETC_CN,기타내용,VARCHAR,1000,,,,,,,,,,,,,,,,,,,,,,,,,,,,,,,,,,,,,
7,REG_VHCL_ERSR_HIST,자동차말소이력정보,SPEC_ID,제원ID,BIGINT,,,REG_VHCL_SPEC.SPEC_ID,,,"자동차와 1:N 관계 
실질적으로 [자동차 > 제원]의 관계 이므로 표준화를 위해서 제원의 PK를 참조 KEY로 가져감",REG_VEHICLE.MODEL_ID,,,,,,,,,,,,,,,,,,,,,,,,,,,,,,,
8,REG_VHCL_ERSR_HIST,자동차말소이력정보,ENGN_NO,엔진번호,VARCHAR,18,,,,,,REG_VEHICLE.ENGINE_NO,,,,,,,,,,,,,,,,,,,,,,,,,,,,,,,
9,REG_VHCL_ERSR_HIST,자동차말소이력정보,VHCL_REG_CERT_NO,자동차등록증번호,VARCHAR,20,,,,,,REG_VEHICLE.CERTIFICATE_NO,,,,,,,,,,,,,,,,,,,,,,,,,,,,,,,
10,REG_VHCL_ERSR_HIST,자동차말소이력정보,VHCL_INCM_YMD,자동차수입일자,VARCHAR,8,,,Y,,YYYYMMDD,REG_VEHICLE.IMPORT_DATE,,,,,,,,,,,,,,,,,,,,,,,,,,,,,,,
11,REG_VHCL_ERSR_HIST,자동차말소이력정보,INCM_DCLR_NO,수입신고번호,VARCHAR,17,,,,,,REG_VEHICLE.DECLARATION_NO,,,,,,,,,,,,,,,,,,,,,,,,,,,,,,,
12,REG_VHCL_ERSR_HIST,자동차말소이력정보,VHCL_COLR_TYPE_CD,자동차색상타입코드,VARCHAR,1,,SYS_CD_GRP.GRP_ID,,,GRP_ID= '013',,"REF_COLOR.ID
REF_COLOR.TYPE_ID = REF_COLOR_TYPE.ID",,,,,,,,,,,,,,,,,,,,,,,,,,,,,,
13,REG_VHCL_ERSR_HIST,자동차말소이력정보,VHCL_COLR_CD,자동차색상코드,VARCHAR,4,,SYS_CD_GRP.GRP_ID,,,GRP_ID= '014',REG_VEHICLE.COLOR_ID,REF_COLOR.ID,,,,,,,,,,,,,,,,,,,,,,,,,,,,,,
14,REG_VHCL_ERSR_HIST,자동차말소이력정보,MDL_ID,모델ID,BIGINT,,,REG_VHCL_MDL.MDL_ID,,,,,,,,,,,,,,,,,,,,,,,,,,,,,,,,,,,
15,REG_VHCL_ERSR_HIST,자동차말소이력정보,SPCL_USG_CD,특수용도코드,VARCHAR,3,,SYS_CD_GRP.GRP_ID,,,GRP_ID= '008',REG_VEHICLE.SPECIAL_ID,"REF_GENERAL.ID
REF_GENERAL.REF_TYPE=8",,,,,,,,,,,,,,,,,,,,,,,,,,,,,,
16,REG_VHCL_ERSR_HIST,자동차말소이력정보,STWHL_PSTN_CD,운전대위치코드,VARCHAR,1,,SYS_CD_GRP.GRP_ID,,,GRP_ID= '003',REG_VEHICLE.WHEEL_ID,"REF_GENERAL.ID
REF_GENERAL.REF_TYPE=3",,,,,,,,,,,,,,,,,,,,,,,,,,,,,,
17,REG_VHCL_ERSR_HIST,자동차말소이력정보,DRV_MTH_CD,구동방식코드,VARCHAR,2,,SYS_CD_GRP.GRP_ID,,,GRP_ID= '005' (스티어링유형),REG_VEHICLE.STEERING_TYPE_ID,"REF_GENERAL.ID
REF_GENERAL.REF_TYPE=5",,,,,,,,,,,,,,,,,,,,,,,,,,,,,,
18,REG_VHCL_ERSR_HIST,자동차말소이력정보,ENGN_MDL_ID,엔진모델ID,BIGINT,,,REG_VHCL_ENGN_MDL.ENGN_MDL_ID,,,,REG_VEHICLE.ENGINE_MODEL_ID,REF_ENGINE_MODEL.ID,,,,,,,,,,,,,,,,,,,,,,,,,,,,,,
19,REG_VHCL_ERSR_HIST,자동차말소이력정보,FBCTN_YMD,제작일자,VARCHAR,8,,,,,"YYYYMMDD 
('YYYYMM'||'01' , 'YYYY'||'0101')","REG_VEHICLE.BUILD_YEAR + 
REG_VEHICLE.BUILD_MONTH",,,,,,,,,,,,,,,,,,,,,,,,,,,,,,,
20,REG_VHCL_ERSR_HIST,자동차말소이력정보,PAR_TYPE_CD,PAR유형코드,VARCHAR,3,,,,,GRP_ID= '010',REG_VEHICLE.PAR_TYPE_ID,"REF_GENERAL.ID
REF_GENERAL.REF_TYPE=10",,,,,,,,,,,,,,,,,,,,,,,,,,,,,,
21,REG_VHCL_ERSR_HIST,자동차말소이력정보,PAR_MNFCTR_ID,PAR제작사ID,VARCHAR,8,,REG_VHCL_MNFCTR.MNFCTR_CD,,,,REG_VEHICLE.PAR_MARKER_ID,REG_MARK.ID,,,,,,,,,,,,,,,,,,,,,,,,,,,,,,
22,REG_VHCL_ERSR_HIST,자동차말소이력정보,NEW_REG_YMD,신규등록일자,VARCHAR,8,,,,,YYYYMMDD,,,,,,,,,,,,,,,,,,,,,,,,,,,,,,,,
23,REG_VHCL_ERSR_HIST,자동차말소이력정보,NXT_INSP_YMD,다음검사일자,VARCHAR,8,,,,,YYYYMMDD,,,,,,,,,,,,,,,,,,,,,,,,,,,,,,,,
24,REG_VHCL_ERSR_HIST,자동차말소이력정보,BFR_AIMG_CD,이전아이막코드,VARCHAR,2,,"SYS_CD_GRP.GRP_ID
REF_ADDR.ADDR_CD",,,"GRP_ID='023'
REF_ADDR.LEFT(ADDR_CD, 2) and 
COM_ADDR_INFO.ADDR_SE_CD='1'",REG_VEHICLE.OLD_PROVINCE_ID,,,,,,,,,,,,,,,,,,,,,,,,,,,,,,,
25,REG_VHCL_ERSR_HIST,자동차말소이력정보,AIMG_CD,아이막코드,VARCHAR,2,,"SYS_CD_GRP.GRP_ID
REF_ADDR.ADDR_CD",,,"GRP_ID='023'
REF_ADDR.LEFT(ADDR_CD, 2) and 
COM_ADDR_INFO.ADDR_SE_CD='1'",REG_VEHICLE.PROVINCE_ID,,,,,,,,,,,,,,,,,,,,,,,,,,,,,,,
26,REG_VHCL_ERSR_HIST,자동차말소이력정보,OWNR_UNQ_NO,소유자고유번호,VARCHAR,24,,REG_OWNR_MST.OWNR_UNQ_NO,,,(암호화코드) - 소유자등록번호,REG_VEHICLE.OWNER_ID,,,,,,,,,,,,,,,,,,,,,,,,,,,,,,,
27,REG_VHCL_ERSR_HIST,자동차말소이력정보,USER_UNQ_NO,사용자고유번호,VARCHAR,24,,REG_OWNR_MST.OWNR_UNQ_NO,,,(암호화코드) - 사용자 등록번호,,,,,,,,,,,,,,,,,,,,,,,,,,,,,,,,
28,REG_VHCL_ERSR_HIST,자동차말소이력정보,DSTDRV,주행거리,NUMBER,7,,,,,,REG_VEHICLE.IMPORT_ODOMETER,,,,,,,,,,,,,,,,,,,,,,,,,,,,,,,
29,REG_VHCL_ERSR_HIST,자동차말소이력정보,INCM_NTN_NM,수입국가명,VARCHAR,100,,,,,,REG_VEHICLE.IMPORT_COUNTRY,,,,,,,,,,,,,,,,,,,,,,,,,,,,,,,
30,REG_VHCL_ERSR_HIST,자동차말소이력정보,VLTN_YN,위반여부,CHAR,1,,,,default 'N',"Value : 'Y', 'N'",REG_VEHICLE.IS_WARNING,,,,,,,,,,,,,,,,,,,,,,,,,,,,,,,
31,REG_VHCL_ERSR_HIST,자동차말소이력정보,VHCL_REG_CERT_NO_RTRCN_YN,자동차등록증번호취소여부,CHAR,1,,,,default 'N',"Value : 'Y', 'N'",REG_VEHICLE.IS_CERT_REVOKE,,,,,,,,,,,,,,,,,,,,,,,,,,,,,,,
32,REG_VHCL_ERSR_HIST,자동차말소이력정보,EXFMS_NO,배기가스번호,VARCHAR,40,,,,,,REG_VEHICLE.EXHAUST_NO,,,,,,,,,,,,,,,,,,,,,,,,,,,,,,,
33,REG_VHCL_ERSR_HIST,자동차말소이력정보,VHCL_STTS_CD,자동차상태코드,VARCHAR,2,,SYS_CD_GRP.GRP_ID,,"
",GRP_ID='025',REG_VEHICLE.STATUS,REG_STATUS.ID,,,,,,,,,,,,,,,,,,,,,,,,,,,,,,
34,REG_VHCL_ERSR_HIST,자동차말소이력정보,NOPLT_COLR_CD,번호판색상코드,VARCHAR,2,,SYS_CD_GRP.GRP_ID,,,"GRP_ID='030'
신규등록시 입력",SYSTEM_PLATE_FACTORY.PLATECOLOR,,,,,,,,,,,,,,,,,,,,,,,,,,,,,,,
35,REG_VHCL_ERSR_HIST,자동차말소이력정보,VHRNO_KPNG_YN,자동차등록번호보관여부,CHAR,1,,,,default 'N',말소복원시 VHRNO_KPNG_YN='N'인 차량은 다른번호를 사용해야 함,,,,,,,,,,,,,,,,,,,,,,,,,,,,,,,,
36,REG_VHCL_ERSR_HIST,자동차말소이력정보,RGTR_ID,등록자ID,VARCHAR,20,,SYS_USER.USER_ID,,,,REG_VEHICLE.CREATED_BY,SYSTEM_USER.ID,,,,,,,,,,,,,,,,,,,,,,,,,,,,,,
37,REG_VHCL_ERSR_HIST,자동차말소이력정보,REG_DT,등록일시,DATETIME,,,,,default NOW(),,REG_VEHICLE.CREATED_DATE,,,,,,,,,,,,,,,,,,,,,,,,,,,,,,,
38,REG_VHCL_ERSR_HIST,자동차말소이력정보,MDFR_ID,수정자ID,VARCHAR,20,,SYS_USER.USER_ID,,,,REG_VEHICLE.UPDATED_BY,SYSTEM_USER.ID,,,,,,,,,,,,,,,,,,,,,,,,,,,,,,
39,REG_VHCL_ERSR_HIST,자동차말소이력정보,MDFCN_DT,수정일시,DATETIME,,,,,,,REG_VEHICLE.UPDATED_DATE,,,,,,,,,,,,,,,,,,,,,,,,,,,,,,,
1,REG_VHCL_HIST,자동차이력정보,FRST_VIN,최초차대번호,VARCHAR,17,Y,,Y,,,REG_VEHICLE_ARCHIVE.CABIN_NO,,,,,,,,,,,,,,,,,,,,,,,,,,,,,,,
2,REG_VHCL_HIST,자동차이력정보,SRVC_CD,서비스코드,VARCHAR,6,,REG_SRVC.SRVC_CD,,,,REG_VEHICLE_ARCHIVE.SERVIDE_ID,,,,,,,,,,,,,,,,,,,,,,,,,,,,,,,
3,REG_VHCL_HIST,자동차이력정보,HSTRY_DATE,처리일시,DATETIME,,Y,,Y,,,REG_VEHICLE_ARCHIVE.CREATED_DATE,,,,,,,,,,,,,,,,,,,,,,,,,,,,,,,
4,REG_VHCL_HIST,자동차이력정보,ETC_HSTRY_RSN,기타이력사유,VARCHAR,1000,,,,,,,,,,,,,,,,,,,,,,,,,,,,,,,,,,,,,
5,REG_VHCL_HIST,자동차이력정보,VIN,차대번호,VARCHAR,17,,,Y,,,REG_VEHICLE_ARCHIVE.CABIN_NO,,,,,,,,,,,,,,,,,,,,,,,,,,,,,,,
6,REG_VHCL_HIST,자동차이력정보,VHRNO,자동차등록번호,VARCHAR,7,,,Y,,숫자(4) + 지역(2) + 임의문자(1),REG_VEHICLE_ARCHIVE.PLATE_NO,,,,,,,,,,,,,,,,,,,,,,,,,,,,,,,
7,REG_VHCL_HIST,자동차이력정보,SPEC_ID,제원ID,INT,,,REG_VHCL_SPEC.SPEC_ID,,,"현재는 자동차와 1:1이지만 
실질적으로 자동차 > 제원의 관계 이므로 표준화를 위해서 제원의 PK를 참조 KEY로 가져감",,,,,,,,,,,,,,,,,,,,,,,,,,,,,,,,
8,REG_VHCL_HIST,자동차이력정보,ENGN_NO,엔진번호,VARCHAR,18,,,,,,REG_VEHICLE_ARCHIVE.ENGINE_NO,,,,,,,,,,,,,,,,,,,,,,,,,,,,,,,
9,REG_VHCL_HIST,자동차이력정보,VHCL_REG_CERT_NO,자동차등록증번호,VARCHAR,20,,,,,,REG_VEHICLE_ARCHIVE.CERTIFICATE_NO,,,,,,,,,,,,,,,,,,,,,,,,,,,,,,,
10,REG_VHCL_HIST,자동차이력정보,VHCL_INCM_YMD,자동차수입일자,VARCHAR,8,,,,,YYYYMMDD,REG_VEHICLE_ARCHIVE.IMPORT_DATE,,,,,,,,,,,,,,,,,,,,,,,,,,,,,,,
11,REG_VHCL_HIST,자동차이력정보,INCM_DCLR_NO,수입신고번호,VARCHAR,17,,,,,,REG_VEHICLE_ARCHIVE.DECLARATION_NO,,,,,,,,,,,,,,,,,,,,,,,,,,,,,,,
12,REG_VHCL_HIST,자동차이력정보,VHCL_COLR_TYPE_CD,자동차색상타입코드,VARCHAR,1,,SYS_CD_GRP.GRP_ID,,,GRP_ID= '013',,"REF_COLOR.ID
REF_COLOR.TYPE_ID = REF_COLOR_TYPE.ID",,,,,,,,,,,,,,,,,,,,,,,,,,,,,,
13,REG_VHCL_HIST,자동차이력정보,VHCL_COLR_CD,자동차색상코드,VARCHAR,4,,SYS_CD_GRP.GRP_ID,,,GRP_ID= '014',REG_VEHICLE_ARCHIVE.COLOR_ID,REF_COLOR.ID,,,,,,,,,,,,,,,,,,,,,,,,,,,,,,
14,REG_VHCL_HIST,자동차이력정보,SPCL_USG_CD,특수용도코드,VARCHAR,3,,SYS_CD_GRP.GRP_ID,,,GRP_ID= '008',REG_VEHICLE_ARCHIVE.SPECIAL_ID,"REF_GENERAL.ID
REF_GENERAL.REF_TYPE=8",,,,,,,,,,,,,,,,,,,,,,,,,,,,,,
15,REG_VHCL_HIST,자동차이력정보,STWHL_PSTN_CD,운전대위치코드,VARCHAR,1,,SYS_CD_GRP.GRP_ID,,,GRP_ID= '003',REG_VEHICLE_ARCHIVE.WHEEL_ID,"REF_GENERAL.ID
REF_GENERAL.REF_TYPE=3",,,,,,,,,,,,,,,,,,,,,,,,,,,,,,
16,REG_VHCL_HIST,자동차이력정보,DRV_MTH_CD,구동방식코드,VARCHAR,2,,SYS_CD_GRP.GRP_ID,,,GRP_ID= '005' (스티어링유형),REG_VEHICLE_ARCHIVE.STEERING_TYPE_ID,"REF_GENERAL.ID
REF_GENERAL.REF_TYPE=5",,,,,,,,,,,,,,,,,,,,,,,,,,,,,,
17,REG_VHCL_HIST,자동차이력정보,ENGN_MDL_ID,엔진모델ID,BIGINT,,,REG_VHCL_ENGN_MDL.ENGN_MDL_ID,,,,REG_VEHICLE_ARCHIVE.ENGINE_MODEL_ID,REF_ENGINE_MODEL.ID,,,,,,,,,,,,,,,,,,,,,,,,,,,,,,
18,REG_VHCL_HIST,자동차이력정보,FBCTN_YMD,제작일자,VARCHAR,8,,,,,YYYYMMDD (ASIS='YYYYMM'||'01'),"REG_VEHICLE_ARCHIVE.BUILD_YEAR + 
REG_VEHICLE_ARCHIVE.BUILD_MONTH + '01'",,,,,,,,,,,,,,,,,,,,,,,,,,,,,,,
19,REG_VHCL_HIST,자동차이력정보,PAR_TYPE_CD,PAR유형코드,VARCHAR,3,,,,,GRP_ID= ?,REG_VEHICLE_ARCHIVE.PAR_TYPE_ID,,,,,,,,,,,,,,,,,,,,,,,,,,,,,,,
20,REG_VHCL_HIST,자동차이력정보,PAR_MNFCTR_ID,PAR제작사ID,VARCHAR,8,,REG_VHCL_MNFCTR.MNFCTR_CD,,,,,,,,,,,,,,,,,,,,,,,,,,,,,,,,,,,
21,REG_VHCL_HIST,자동차이력정보,NEW_REG_YMD,신규등록일자,VARCHAR,8,,,,,YYYYMMDD,,,REG_WARNING.ID,,,,,,,,,,,,,,,,,,,,,,,,,,,,,
22,REG_VHCL_HIST,자동차이력정보,NXT_INSP_YMD,다음검사일자,VARCHAR,8,,,,,YYYYMMDD,,,REG_WARNING.,,,,,,,,,,,,,,,,,,,,,,,,,,,,,
23,REG_VHCL_HIST,자동차이력정보,AIMG_CD,아이막코드,VARCHAR,2,,"SYS_CD_GRP.GRP_ID
REF_ADDR.ADDR_CD",,,"GRP_ID='023'
REF_ADDR.LEFT(ADDR_CD, 2) and 
COM_ADDR_INFO.ADDR_SE_CD='1'",REG_VEHICLE_ARCHIVE.PROVINCE_ID,,REG_WARNING.,,,,,,,,,,,,,,,,,,,,,,,,,,,,,
24,REG_VHCL_HIST,자동차이력정보,OWNR_UNQ_NO,소유자고유번호,VARCHAR,24,,REG_OWNR_MST.OWNR_UNQ_NO,,,"OWNR_REG_INFO.OWNR_UNQ_NO
(암호화코드) - 소유자등록번호",REG_VEHICLE_ARCHIVE.OWNER_ID,,REG_WARNING.,,,,,,,,,,,,,,,,,,,,,,,,,,,,,
25,REG_VHCL_HIST,자동차이력정보,USER_UNQ_NO,사용자고유번호,VARCHAR,24,,REG_OWNR_MST.OWNR_UNQ_NO,,,"OWNR_REG_INFO.OWNR_UNQ_NO
(암호화코드) - 사용자 등록번호",,,REG_WARNING.RTN_CREATED_DATE,,,,,,,,,,,,,,,,,,,,,,,,,,,,,
26,REG_VHCL_HIST,자동차이력정보,ARCHV_NO,아카이브번호,VARCHAR,30,,REG_ARCHV_MST.ARCHV_NO,,,TOBE: UUID,REG_VEHICLE_ARCHIVE.ARCHIVE_NO,,REG_WARNING.,,,,,,,,,,,,,,,,,,,,,,,,,,,,,
27,REG_VHCL_HIST,자동차이력정보,FRST_ARCHV_NO,최초아카이브번호,VARCHAR,30,,REG_ARCHV_MST.ARCHV_NO,,,TOBE: UUID,REG_VEHICLE_ARCHIVE.FIRST_ARCHIVE_NO,,REG_WARNING.RVK_CAUSE_ID,,,,,,,,,,,,,,,,,,,,,,,,,,,,,
28,REG_VHCL_HIST,자동차이력정보,DSTDRV,주행거리,INT,,,,,,,REG_VEHICLE_ARCHIVE.IMPORT_ODOMETER,,REG_WARNING.VEHICLE_ID,,,,,,,,,,,,,,,,,,,,,,,,,,,,,
29,REG_VHCL_HIST,자동차이력정보,INCM_NTN_NM,수입국가명,VARCHAR,100,,,,,,REG_VEHICLE_ARCHIVE.IMPORT_COUNTRY,,REG_WARNING.VEHICLE_ID,,,,,,,,,,,,,,,,,,,,,,,,,,,,,
30,REG_VHCL_HIST,자동차이력정보,VLTN_YN,위반여부,CHAR,1,,,,default 'N',"Value : 'Y', 'N'",REG_VEHICLE_ARCHIVE.IS_WARNING,,,,,,,,,,,,,,,,,,,,,,,,,,,,,,,
31,REG_VHCL_HIST,자동차이력정보,VHCL_REG_CERT_NO_RTRCN_YN,자동차등록증번호취소여부,CHAR,1,,,,default 'N',"Value : 'Y', 'N'",REG_VEHICLE.IS_CERT_REVOKE,,REG_WARNING.,,,,,,,,,,,,,,,,,,,,,,,,,,,,,
32,REG_VHCL_HIST,자동차이력정보,EXFMS_NO,배기가스번호,VARCHAR,40,,,,,,REG_VEHICLE_ARCHIVE.EXHAUST_NO,,REG_WARNING.,,,,,,,,,,,,,,,,,,,,,,,,,,,,,
33,REG_VHCL_HIST,자동차이력정보,VHCL_STTS_CD,자동차상태코드,VARCHAR,2,,SYS_CD_GRP.GRP_ID,,"
",GRP_ID='025',REG_VEHICLE.STATUS,REG_STATUS.ID,"REG_WARNING.RVK_CAUSE_ID
REG_WARNING.RVK_DESC",,,,,,,,,,,,,,,,,,,,,,,,,,,,,
34,REG_VHCL_HIST,자동차이력정보,NOPLT_COLR_CD,번호판색상코드,VARCHAR,2,,SYS_CD_GRP.GRP_ID,,,"GRP_ID='030'
신규등록시 입력",SYSTEM_PLATE_FACTORY.PLATECOLOR,,,,,,,,,,,,,,,,,,,,,,,,,,,,,,,
35,REG_VHCL_HIST,자동차이력정보,RGTR_ID,등록자ID,VARCHAR,20,,SYS_USER.USER_ID,,,,REG_VEHICLE_ARCHIVE.CREATED_BY,SYSTEM_USER.ID,REG_WARNING.RVK_CREATED_BY,,,,,,,,,,,,,,,,,,,,,,,,,,,,,
36,REG_VHCL_HIST,자동차이력정보,REG_DT,등록일시,DATETIME,,,,,default NOW(),,REG_VEHICLE_ARCHIVE.CREATED_DATE,,REG_WARNING.RVK_CREATED_DATE,,,,,,,,,,,,,,,,,,,,,,,,,,,,,
37,REG_VHCL_HIST,자동차이력정보,MDFR_ID,수정자ID,VARCHAR,20,,SYS_USER.USER_ID,,,,REG_VEHICLE_ARCHIVE.UPDATED_BY,SYSTEM_USER.ID,REG_WARNING.RTN_CREATED_BY,,,,,,,,,,,,,,,,,,,,,,,,,,,,,
38,REG_VHCL_HIST,자동차이력정보,MDFCN_DT,수정일시,DATETIME,,,,,,,REG_VEHICLE_ARCHIVE.UPDATED_DATE,,REG_WARNING.RTN_CREATED_DATE,,,,,,,,,,,,,,,,,,,,,,,,,,,,,
1,REG_OWNR_MST,소유자마스터정보,OWNR_UNQ_NO,소유자고유번호,VARCHAR,24,Y,,Y,,소유자등록번호 암호화(단방향),OWNER.ID,,,,,,,,,,,,,,,,,,,,,,,,,,,,,,,
2,REG_OWNR_MST,소유자마스터정보,CTZN_ID,시민ID,DECIMAL,18,Y,,Y,,"개인식별번호 NULL 또는 중복이 없는지 확인
법인인 경우 ?",OWNER.CIVIL_ID,,,,,,,,,,,,,,,,,,,,,,,,,,,,,,,
3,REG_OWNR_MST,소유자마스터정보,OWNR_TYPE_CD,소유자유형코드,VARCHAR,2,,SYS_CD_GRP.GRP_ID,,,GRP_ID='022',OWNER.TYPE_ID,OWNER_TYPE.ID,,,,,,,,,,,,,,,,,,,,,,,,,,,,,,
4,REG_OWNR_MST,소유자마스터정보,OWNR_GNDR,성별,VARCHAR,1,,SYS_CD_GRP.GRP_ID,,,GRP_ID= '019',OWNER.GENDER,,,,,,,,,,,,,,,,,,,,,,,,,,,,,,,
5,REG_OWNR_MST,소유자마스터정보,OWNR_REG_NO,소유자등록번호,VARCHAR,24,,,Y,,"UNIQUE KEY
주민등록번호(암호화)",OWNER.REGISTER_NO,,,,,,,,,,,,,,,,,,,,,,,,,,,,,,,
6,REG_OWNR_MST,소유자마스터정보,FAM_NM,가족명,VARCHAR,200,,,,,아버지/어머니 성명,OWNER.FAMILY_NAME,,,,,,,,,,,,,,,,,,,,,,,,,,,,,,,
7,REG_OWNR_MST,소유자마스터정보,LNM,성,VARCHAR,100,,,,,,OWNER.LAST_NAME,,,,,,,,,,,,,,,,,,,,,,,,,,,,,,,
8,REG_OWNR_MST,소유자마스터정보,FNM,이름,VARCHAR,100,,,,,,OWNER.FIRST_NAME,,,,,,,,,,,,,,,,,,,,,,,,,,,,,,,
9,REG_OWNR_MST,소유자마스터정보,NTN_CD,국가코드,VARCHAR,3,,SYS_CD_GRP.GRP_ID,,,GRP_ID= '018',OWNER.COUNTRY_ID,REF_COUNTRY.ID,,,,,,,,,,,,,,,,,,,,,,,,,,,,,,
10,REG_OWNR_MST,소유자마스터정보,ADDR_CD,주소코드,VARCHAR,10,,REF_ADDR.ADDR_CD,,,"COM_ADDR_INFO.ADDR_SE_CD='3'
COM_ADDR_INFO.ADDR_CD (BAG(바그)",OWNER.DEVISION_UNIT_ID,ADDRESS_SUBDEV_UNIT.ID,,,,,,,,,,,,,,,,,,,,,,,,,,,,,,
11,REG_OWNR_MST,소유자마스터정보,DADDR,상세주소,VARCHAR,200,,,,,,OWNER.ADDRESS_DETAIL,,,,,,,,,,,,,,,,,,,,,,,,,,,,,,,
12,REG_OWNR_MST,소유자마스터정보,HOME_TELNO,자택전화번호,VARCHAR,13,,,,,,OWNER.HOMEPHONE,,,,,,,,,,,,,,,,,,,,,,,,,,,,,,,
13,REG_OWNR_MST,소유자마스터정보,CO_TELNO,회사전화번호,VARCHAR,13,,,,,,OWNER.WORKPHONE,,,,,,,,,,,,,,,,,,,,,,,,,,,,,,,
14,REG_OWNR_MST,소유자마스터정보,MBL_TELNO,휴대전화번호,VARCHAR,13,,,,,,OWNER.CELLPHONE,,REG_WARNING.RTN_CREATED_BY,,,,,,,,,,,,,,,,,,,,,,,,,,,,,
15,REG_OWNR_MST,소유자마스터정보,ORDR_QTY,주문수량,INT,,,,,,,OWNER.ORDER_QTY,,REG_WARNING.RTN_CREATED_DATE,,,,,,,,,,,,,,,,,,,,,,,,,,,,,
16,REG_OWNR_MST,소유자마스터정보,OWNR_STTS_CD,소유자상태코드,VARCHAR,1,,SYS_CD_GRP.GRP_ID,,,GRP_ID= '021',OWNER.STATUS,OWNER_STATUS.ID,,,,,,,,,,,,,,,,,,,,,,,,,,,,,,
17,REG_OWNR_MST,소유자마스터정보,BFR_ADDR_CD,이전_주소코드,VARCHAR,10,,,,,,"OWNER.OLD_PROVINCE_ID
OWNER.OLD_DISTRICT_ID
OWNER.OLD_DEVISION_UNIT_ID","ADDRESS_PROVINCE_OLD.ID
ADDRESS_SUBDEV_OLD.ID
ADDRESS_SUBDEV_UNIT_OLD.ID",,,,,,,,,,,,,,,,,,,,,,,,,,,,,,
18,REG_OWNR_MST,소유자마스터정보,RGTR_ID,등록자ID,VARCHAR,20,,SYS_USER.USER_ID,,,,OWNER.CREATED_BY_ID,SYSTEM_USER.ID,,,,,,,,,,,,,,,,,,,,,,,,,,,,,,
19,REG_OWNR_MST,소유자마스터정보,REG_DT,등록일시,DATETIME,,,,,default NOW(),,OWNER.CREATE_DATE,,,,,,,,,,,,,,,,,,,,,,,,,,,,,,,
20,REG_OWNR_MST,소유자마스터정보,MDFR_ID,수정자ID,VARCHAR,20,,SYS_USER.USER_ID,,,,OWNER.UPDATED_BY_ID,SYSTEM_USER.ID,,,,,,,,,,,,,,,,,,,,,,,,,,,,,,
21,REG_OWNR_MST,소유자마스터정보,MDFCN_DT,수정일시,DATETIME,,,,,,,OWNER.UPDATE_DATE,,,,,,,,,,,,,,,,,,,,,,,,,,,,,,,
1,REG_OWNR_CHG_HIST,소유자변경이력정보,FRST_VIN,최초차대번호,VARCHAR,17,Y,,Y,,,REG_VEHICLE_OWNERSHIP.VEHICLE_ID,REG_VEHICLE.CABIN_NO,,,,,,,,,,,,,,,,,,,,,,,,,,,,,,
2,REG_OWNR_CHG_HIST,소유자변경이력정보,OWNR_SE,소유자구분,CHAR,1,Y,,Y,,"1:소유자, 2:사용자",,,,,,,,,,,,,,,,,,,,,,,,,,,,,,,,
3,REG_OWNR_CHG_HIST,소유자변경이력정보,OWNR_UNQ_NO,소유자고유번호,VARCHAR,24,Y,REG_OWNR_MST.OWNR_UNQ_NO,Y,,주민등록번호(암호화),REG_VEHICLE_OWNERSHIP.OWNER_ID,OWNER.REGISTER_NO,,,,,,,,,,,,,,,,,,,,,,,,,,,,,,
4,REG_OWNR_CHG_HIST,소유자변경이력정보,VIN,차대번호,VARCHAR,17,,,Y,,,REG_VEHICLE_OWNERSHIP.VEHICLE_ID,REG_VEHICLE.CABIN_NO,,,,,,,,,,,,,,,,,,,,,,,,,,,,,,
5,REG_OWNR_CHG_HIST,소유자변경이력정보,VHRNO,자동차등록번호,VARCHAR,7,,,Y,,,REG_VEHICLE_OWNERSHIP.VEHICLE_ID,REG_VEHICLE.PLATE_NO,,,,,,,,,,,,,,,,,,,,,,,,,,,,,,
6,REG_OWNR_CHG_HIST,소유자변경이력정보,BGNG_YMD,시작일자,VARCHAR,8,Y,,Y,,,REG_VEHICLE_OWNERSHIP.START_DATE,,,,,,,,,,,,,,,,,,,,,,,,,,,,,,,
7,REG_OWNR_CHG_HIST,소유자변경이력정보,END_YMD,종료일자,VARCHAR,8,,,,,,REG_VEHICLE_OWNERSHIP.END_DATE,,,,,,,,,,,,,,,,,,,,,,,,,,,,,,,
8,REG_OWNR_CHG_HIST,소유자변경이력정보,OWNR_TYPE_CD,소유자유형코드,VARCHAR,2,,SYS_CD_GRP.GRP_ID,,,GRP_ID='022',REG_VEHICLE_OWNERSHIP.OWNERSHIP_TYPE_ID,,,,,,,,,,,,,,,,,,,,,,,,,,,,,,,
9,REG_OWNR_CHG_HIST,소유자변경이력정보,USE_YN,사용여부,CHAR,1,,,,default 'Y',,REG_VEHICLE_OWNERSHIP.STATUS,,,,,,,,,,,,,,,,,,,,,,,,,,,,,,,
10,REG_OWNR_CHG_HIST,소유자변경이력정보,RGTR_ID,등록자ID,VARCHAR,20,,SYS_USER.USER_ID,,,,REG_VEHICLE_OWNERSHIP.CREATED_BY,,,,,,,,,,,,,,,,,,,,,,,,,,,,,,,
11,REG_OWNR_CHG_HIST,소유자변경이력정보,REG_DT,등록일시,DATETIME,,,,,default NOW(),,REG_VEHICLE_OWNERSHIP.CREATED_DATE,,,,,,,,,,,,,,,,,,,,,,,,,,,,,,,
12,REG_OWNR_CHG_HIST,소유자변경이력정보,MDFR_ID,수정자ID,VARCHAR,20,,SYS_USER.USER_ID,,,,REG_VEHICLE_OWNERSHIP.UPDATED_BY,,,,,,,,,,,,,,,,,,,,,,,,,,,,,,,
13,REG_OWNR_CHG_HIST,소유자변경이력정보,MDFCN_DT,수정일시,DATETIME,,,,,,,REG_VEHICLE_OWNERSHIP.UPDATED_DATE,,,,,,,,,,,,,,,,,,,,,,,,,,,,,,,
1,REG_VHCL_NO_KPNG,자동차번호보관정보,VHRNO,자동차등록번호,VARCHAR,7,Y,,Y,,,REG_PLATENUMBER_SAVE.PLATE_NO,,,,,,,,,,,,,,,,,,,,,,,,,,,,,,,
2,REG_VHCL_NO_KPNG,자동차번호보관정보,OWNR_UNQ_NO,소유자고유번호,VARCHAR,24,Y,REG_OWNR_MST.OWNR_UNQ_NO,Y,,Index,REG_PLATENUMBER_SAVE.OWNER_ID,,,,,,,,,,,,,,,,,,,,,,,,,,,,,,,
3,REG_VHCL_NO_KPNG,자동차번호보관정보,NO_KPNG_BGNG_YMD,번호보관시작일자,VARCHAR,8,Y,,Y,,,REG_PLATENUMBER_SAVE.BEGIN_DATE,,,,,,,,,,,,,,,,,,,,,,,,,,,,,,,
4,REG_VHCL_NO_KPNG,자동차번호보관정보,NO_KPNG_END_YMD,번호보관종료일자,VARCHAR,8,,,Y,,,REG_PLATENUMBER_SAVE.END_DATE,,,,,,,,,,,,,,,,,,,,,,,,,,,,,,,
5,REG_VHCL_NO_KPNG,자동차번호보관정보,CUST_REG_NO,고객등록번호,VARCHAR,24,,,,,주민등록번호(암호화),REG_PLATENUMBER_SAVE.CUSTOMER_REGNUM,,,,,,,,,,,,,,,,,,,,,,,,,,,,,,,
6,REG_VHCL_NO_KPNG,자동차번호보관정보,CUST_LNM,고객성,VARCHAR,100,,,,,,REG_PLATENUMBER_SAVE.CUSTOMER_LASTNAME,,,,,,,,,,,,,,,,,,,,,,,,,,,,,,,
7,REG_VHCL_NO_KPNG,자동차번호보관정보,CUST_FNM,고객이름,VARCHAR,100,,,,,,REG_PLATENUMBER_SAVE.CUSTOMER_FIRSTNAME,,,,,,,,,,,,,,,,,,,,,,,,,,,,,,,
8,REG_VHCL_NO_KPNG,자동차번호보관정보,CUST_MBL_TELNO,고객휴대전화번호,VARCHAR,13,,,,,,REG_PLATENUMBER_SAVE.CUSTOMER_PHONE,,,,,,,,,,,,,,,,,,,,,,,,,,,,,,,
9,REG_VHCL_NO_KPNG,자동차번호보관정보,ARCHV_NO,아카이브번호,VARCHAR,30,,REG_ARCHV_MST.ARCHV_NO,,,TOBE: UUID,REG_PLATENUMBER_SAVE.ARCHIVE_NUMBER,,,,,,,,,,,,,,,,,,,,,,,,,,,,,,,
10,REG_VHCL_NO_KPNG,자동차번호보관정보,USE_YN,사용여부,CHAR,1,,,,default 'N',삭제시,REG_PLATENUMBER_SAVE.IS_DELETE,,,,,,,,,,,,,,,,,,,,,,,,,,,,,,,
11,REG_VHCL_NO_KPNG,자동차번호보관정보,VTLZ_YN,활성화여부,CHAR,1,,,,default 'Y',"""번호보관종료일자"" < NOW() = 'N'
VHRNO를 사용하면 = 'N'",REG_PLATENUMBER_SAVE.IS_ACTIVE,,,,,,,,,,,,,,,,,,,,,,,,,,,,,,,
12,REG_VHCL_NO_KPNG,자동차번호보관정보,SMS_UID,,VARCHAR,40,,,,,,REG_PLATENUMBER_SAVE.SMS_UID,,,,,,,,,,,,,,,,,,,,,,,,,,,,,,,
13,REG_VHCL_NO_KPNG,자동차번호보관정보,SMS_STTS,SMS상태,VARCHAR,1,,,,,?,REG_PLATENUMBER_SAVE.SMS_STATUS,,,,,,,,,,,,,,,,,,,,,,,,,,,,,,,
14,REG_VHCL_NO_KPNG,자동차번호보관정보,SMS_SNDNG_DT,SMS발송일시,DATETIME,,,,,,,REG_PLATENUMBER_SAVE.SMS_SEND_DATE,,,,,,,,,,,,,,,,,,,,,,,,,,,,,,,
15,REG_VHCL_NO_KPNG,자동차번호보관정보,EXPN_CNT,확장수,INT,,,,,,,REG_PLATENUMBER_SAVE.EXTEND_COUNT,,,,,,,,,,,,,,,,,,,,,,,,,,,,,,,
16,REG_VHCL_NO_KPNG,자동차번호보관정보,CS_SRVC_CD,원인서비스유형코드,VARCHAR,3,,SYS_CD_GRP.GRP_ID,,,"GRP_ID='501' (102, 103, 104)",,,,,,,,,,,,,,,,,,,,,,,,,,,,,,,,
17,REG_VHCL_NO_KPNG,자동차번호보관정보,KPNG_NO_USE_DSCTN,보관번호사용내역,VARCHAR,1000,,,,,,,,,,,,,,,,,,,,,,,,,,,,,,,,,,,,,
18,REG_VHCL_NO_KPNG,자동차번호보관정보,RGTR_ID,등록자ID,VARCHAR,20,,SYS_USER.USER_ID,,,,REG_PLATENUMBER_SAVE.CREATED_BY,,,,,,,,,,,,,,,,,,,,,,,,,,,,,,,
19,REG_VHCL_NO_KPNG,자동차번호보관정보,REG_DT,등록일시,DATETIME,,,,,default NOW(),,REG_PLATENUMBER_SAVE.CREATE_DATE,,,,,,,,,,,,,,,,,,,,,,,,,,,,,,,
20,REG_VHCL_NO_KPNG,자동차번호보관정보,MDFR_ID,수정자ID,VARCHAR,20,,SYS_USER.USER_ID,,,,REG_PLATENUMBER_SAVE.UPDATED_BY,,,,,,,,,,,,,,,,,,,,,,,,,,,,,,,
21,REG_VHCL_NO_KPNG,자동차번호보관정보,MDFCN_DT,수정일시,DATETIME,,,,,,,REG_PLATENUMBER_SAVE.UPDATE_DATE,,,,,,,,,,,,,,,,,,,,,,,,,,,,,,,
22,REG_VHCL_NO_KPNG,자동차번호보관정보,DLTR_ID,삭제자ID,VARCHAR,20,,SYS_USER.USER_ID,,,,REG_PLATENUMBER_SAVE.DELETED_BY,,,,,,,,,,,,,,,,,,,,,,,,,,,,,,,
23,REG_VHCL_NO_KPNG,자동차번호보관정보,DEL_DT,삭제일시,DATETIME,,,,,,,REG_PLATENUMBER_SAVE.DELETE_DATE,,,,,,,,,,,,,,,,,,,,,,,,,,,,,,,
1,REG_ARCHV_MST,아카이브마스터정보,ARCHV_NO,아카이브번호,VARCHAR,30,Y,,Y,,,REG_VEHICLE_ARCHIVE.ARCHIVE_NO,,,,,,,,,,,,,,,,,,,,,,,,,,,,,,,
2,REG_ARCHV_MST,아카이브마스터정보,ID,ID,INT,,Y,,Y,,TOBE: UUID,REG_VEHICLE_ARCHIVE.ID,,,,,,,,,,,,,,,,,,,,,,,,,,,,,,,
3,REG_ARCHV_MST,아카이브마스터정보,FRST_VIN,최초차대번호,VARCHAR,17,,,,,,REG_VEHICLE_ARCHIVE.CABIN_NO,,,,,,,,,,,,,,,,,,,,,,,,,,,,,,,
4,REG_ARCHV_MST,아카이브마스터정보,SRVC_CD,서비스코드,VARCHAR,6,,REG_SRVC.SRVC_CD,,,확인필,REG_VEHICLE_ARCHIVE.SERVIDE_ID,,,,,,,,,,,,,,,,,,,,,,,,,,,,,,,
5,REG_ARCHV_MST,아카이브마스터정보,HSTRY_DATE,처리일시,DATETIME,,,,,,,REG_VEHICLE_ARCHIVE.CREATED_DATE,,,,,,,,,,,,,,,,,,,,,,,,,,,,,,,
6,REG_ARCHV_MST,아카이브마스터정보,VIN,차대번호,VARCHAR,17,,,,,,REG_VEHICLE_ARCHIVE.CABIN_NO,,,,,,,,,,,,,,,,,,,,,,,,,,,,,,,
7,REG_ARCHV_MST,아카이브마스터정보,VHRNO,자동차등록번호,VARCHAR,7,,,,,,REG_VEHICLE_ARCHIVE.PLATE_NO,,,,,,,,,,,,,,,,,,,,,,,,,,,,,,,
8,REG_ARCHV_MST,아카이브마스터정보,PAGE_CNT,쪽수,INT,,,,,,,REG_VEHICLE_ARCHIVE.PAGE_COUNT,,,,,,,,,,,,,,,,,,,,,,,,,,,,,,,
9,REG_ARCHV_MST,아카이브마스터정보,EXPLN,설명,VARCHAR,1000,,,,,,REG_VEHICLE_ARCHIVE.DESCRIPTION,,,,,,,,,,,,,,,,,,,,,,,,,,,,,,,
10,REG_ARCHV_MST,아카이브마스터정보,RGTR_ID,등록자ID,VARCHAR,20,,SYS_USER.USER_ID,,,,REG_VEHICLE_ARCHIVE.CREATED_BY,,,,,,,,,,,,,,,,,,,,,,,,,,,,,,,
11,REG_ARCHV_MST,아카이브마스터정보,REG_DT,등록일시,DATETIME,,,,,default NOW(),,REG_VEHICLE_ARCHIVE.CREATED_DATE,,,,,,,,,,,,,,,,,,,,,,,,,,,,,,,
12,REG_ARCHV_MST,아카이브마스터정보,MDFR_ID,수정자ID,VARCHAR,20,,SYS_USER.USER_ID,,,,REG_VEHICLE_ARCHIVE.UPDATED_BY,,,,,,,,,,,,,,,,,,,,,,,,,,,,,,,
13,REG_ARCHV_MST,아카이브마스터정보,MDFCN_DT,수정일시,DATETIME,,,,,,,REG_VEHICLE_ARCHIVE.UPDATED_DATE,,,,,,,,,,,,,,,,,,,,,,,,,,,,,,,
1,REG_VHCL_ARCHV_PRCS_PRST,자동차아카이브처리현황,ARCHV_DEPT_CD,아카이브부서코드,VARCHAR,7,Y,SYS_OFFC.OFFC_CD,Y,,,ARCHIVE_NUMBER.ARCHIVE_DEPARTMENT_ID,SYSTEM_DEPARTMENT.ID,,,,,,,,,,,,,,,,,,,,,,,,,,,,,,
2,REG_VHCL_ARCHV_PRCS_PRST,자동차아카이브처리현황,ABBR,약어,VARCHAR,100,,,,,부서정보 참조,ARCHIVE_NUMBER.ABBR,,,,,,,,,,,,,,,,,,,,,,,,,,,,,,,
3,REG_VHCL_ARCHV_PRCS_PRST,자동차아카이브처리현황,PRCS_YR_MM,처리년월,VARCHAR,6,,,,,YYYYMM,ARCHIVE_NUMBER.YEAR+ARCHIVE_NUMBER.MONTH,,,,,,,,,,,,,,,,,,,,,,,,,,,,,,,
4,REG_VHCL_ARCHV_PRCS_PRST,자동차아카이브처리현황,ID,ID,INT,,,,,,Sequence (일련번호),ARCHIVE_NUMBER.ID,,,,,,,,,,,,,,,,,,,,,,,,,,,,,,,
5,REG_VHCL_ARCHV_PRCS_PRST,자동차아카이브처리현황,YR,년,VARCHAR,4,Y,,,,,ARCHIVE_NUMBER.YEAR,,,,,,,,,,,,,,,,,,,,,,,,,,,,,,,
6,REG_VHCL_ARCHV_PRCS_PRST,자동차아카이브처리현황,MM,월,VARCHAR,2,Y,,,,,ARCHIVE_NUMBER.MONTH,,,,,,,,,,,,,,,,,,,,,,,,,,,,,,,
7,REG_VHCL_ARCHV_PRCS_PRST,자동차아카이브처리현황,NEW_CNT,신규수,INT,,,,,,,ARCHIVE_NUMBER.NEW_COUNT,,,,,,,,,,,,,,,,,,,,,,,,,,,,,,,
8,REG_VHCL_ARCHV_PRCS_PRST,자동차아카이브처리현황,DEL_CNT,삭제수,INT,,,,,,,ARCHIVE_NUMBER.DELETE_COUNT,,,,,,,,,,,,,,,,,,,,,,,,,,,,,,,
9,REG_VHCL_ARCHV_PRCS_PRST,자동차아카이브처리현황,OTHR_CNT,다른수,INT,,,,,,,ARCHIVE_NUMBER.OTHER_COUNT,,,,,,,,,,,,,,,,,,,,,,,,,,,,,,,
10,REG_VHCL_ARCHV_PRCS_PRST,자동차아카이브처리현황,NOPLT_KPNG_CNT,번호판보관수,INT,,,,Y, default 0,,ARCHIVE_NUMBER.PLATE_SAVE_COUNT,,,,,,,,,,,,,,,,,,,,,,,,,,,,,,,
11,REG_VHCL_ARCHV_PRCS_PRST,자동차아카이브처리현황,RGTR_ID,등록자ID,VARCHAR,20,,,,,,ARCHIVE_NUMBER.CREATEDBY,,,,,,,,,,,,,,,,,,,,,,,,,,,,,,,
12,REG_VHCL_ARCHV_PRCS_PRST,자동차아카이브처리현황,REG_DT,등록일시,DATETIME,,,,,default NOW(),,ARCHIVE_NUMBER.CREATEDDATE,,,,,,,,,,,,,,,,,,,,,,,,,,,,,,,
13,REG_VHCL_ARCHV_PRCS_PRST,자동차아카이브처리현황,MDFR_ID,수정자ID,VARCHAR,20,,,,,,ARCHIVE_NUMBER.MODIFIEDBY,,,,,,,,,,,,,,,,,,,,,,,,,,,,,,,
14,REG_VHCL_ARCHV_PRCS_PRST,자동차아카이브처리현황,MDFCN_DT,수정일시,DATETIME,,,,,,,ARCHIVE_NUMBER.UPDATEDDATE,,,,,,,,,,,,,,,,,,,,,,,,,,,,,,,
1,REG_BURTGEL_MST,BURTGEL마스터정보,BURTGEL_ID,BURTGELID,BIGINT,,Y,,Y,,,SERIES.ID,,,,,,,,,,,,,,,,,,,,,,,,,,,,,,,
2,REG_BURTGEL_MST,BURTGEL마스터정보,NAME,,VARCHAR2,255,,,,,,SERIES.NAME,,,,,,,,,,,,,,,,,,,,,,,,,,,,,,,
3,REG_BURTGEL_MST,BURTGEL마스터정보,VHCL_TYPE_CD,자동차유형코드,VARCHAR,1,,SYS_CD_GRP.GRP_ID,,,GRP_ID='001',SERIES.TYPE,VEHICLE_TYPE.ID,,,,,,,,,,,,,,,,,,,,,,,,,,,,,,
4,REG_BURTGEL_MST,BURTGEL마스터정보,AIMG_CD,아이막코드,VARCHAR,2,,"SYS_CD_GRP.GRP_ID
REF_ADDR.ADDR_CD",,,"GRP_ID='023'
REF_ADDR.LEFT(ADDR_CD, 2) and 
COM_ADDR_INFO.ADDR_SE_CD='1'",SERIES.PROVINCE_ID,,,,,,,,,,,,,,,,,,,,,,,,,,,,,,,
5,REG_BURTGEL_MST,BURTGEL마스터정보,DPLC_YN,복제여부,CHAR,1,,,,default 'N',,SERIES.IS_DUPLICATE,,,,,,,,,,,,,,,,,,,,,,,,,,,,,,,
6,REG_BURTGEL_MST,BURTGEL마스터정보,BFR_YN,이전여부,CHAR,1,,,,default 'N',,SERIES.IS_OLD,,,,,,,,,,,,,,,,,,,,,,,,,,,,,,,
7,REG_BURTGEL_MST,BURTGEL마스터정보,ADDR_CHCK_YN,주소점검여부,CHAR,1,,,,default 'N',,SERIES.IS_CHECK_ADDRESS,,,,,,,,,,,,,,,,,,,,,,,,,,,,,,,
8,REG_BURTGEL_MST,BURTGEL마스터정보,RGTR_ID,등록자ID,VARCHAR,20,,SYS_USER.USER_ID,,,,SERIES.CREATED_BY_ID,,,,,,,,,,,,,,,,,,,,,,,,,,,,,,,
9,REG_BURTGEL_MST,BURTGEL마스터정보,REG_DT,등록일시,DATETIME,,,,,default NOW(),,SERIES.CREATE_DATE,,,,,,,,,,,,,,,,,,,,,,,,,,,,,,,
10,REG_BURTGEL_MST,BURTGEL마스터정보,MDFR_ID,수정자ID,VARCHAR,20,,SYS_USER.USER_ID,,,,SERIES.UPDATED_BY_ID,,,,,,,,,,,,,,,,,,,,,,,,,,,,,,,
11,REG_BURTGEL_MST,BURTGEL마스터정보,MDFCN_DT,수정일시,DATETIME,,,,,,,SERIES.UPDATE_DATE,,,,,,,,,,,,,,,,,,,,,,,,,,,,,,,
1,REG_BURTGEL_NO_SCTN_DTL,BURTGEL번호구간정보,BURTGEL_ID,BURTGELID,BIGINT,,Y,,Y,,,SERIES_INTERVAL.SERIES_ID,,,,,,,,,,,,,,,,,,,,,,,,,,,,,,,
2,REG_BURTGEL_NO_SCTN_DTL,BURTGEL번호구간정보,ID,ID,BIGINT,,Y,,Y,,,SERIES_INTERVAL.ID,,,,,,,,,,,,,,,,,,,,,,,,,,,,,,,
3,REG_BURTGEL_NO_SCTN_DTL,BURTGEL번호구간정보,NAME,,VARCHAR2,20,,,,,,SERIES_INTERVAL.NAME,,,,,,,,,,,,,,,,,,,,,,,,,,,,,,,
4,REG_BURTGEL_NO_SCTN_DTL,BURTGEL번호구간정보,VHCL_TYPE_CD,자동차유형코드,VARCHAR,1,,SYS_CD_GRP.GRP_ID,,,GRP_ID='001',SERIES.TYPE,VEHICLE_TYPE.ID,,,,,,,,,,,,,,,,,,,,,,,,,,,,,,
5,REG_BURTGEL_NO_SCTN_DTL,BURTGEL번호구간정보,STRT_NO,게시번호,INT,,,,,,0000 ~ 9999,SERIES_INTERVAL.FROM_NUMBER,,,,,,,,,,,,,,,,,,,,,,,,,,,,,,,
6,REG_BURTGEL_NO_SCTN_DTL,BURTGEL번호구간정보,END_NO,종료번호,INT,,,,,,0000 ~ 9999,SERIES_INTERVAL.TO_NUMBER,,,,,,,,,,,,,,,,,,,,,,,,,,,,,,,
7,REG_BURTGEL_NO_SCTN_DTL,BURTGEL번호구간정보,RGN_USER_ID,지역사용자ID,VARCHAR,20,,SYS_USER.USER_ID,,,,SERIES_INTERVAL.LOCAL_USER_ID,,,,,,,,,,,,,,,,,,,,,,,,,,,,,,,
8,REG_BURTGEL_NO_SCTN_DTL,BURTGEL번호구간정보,RGN_YN,지역여부,CHAR,1,,,,default 'N',,SERIES_INTERVAL.IS_LOCAL,,,,,,,,,,,,,,,,,,,,,,,,,,,,,,,
9,REG_BURTGEL_NO_SCTN_DTL,BURTGEL번호구간정보,ORDER_YN,발주여부,CHAR,1,,,,default 'N',,SERIES_INTERVAL.IS_ORDER,,,,,,,,,,,,,,,,,,,,,,,,,,,,,,,
10,REG_BURTGEL_NO_SCTN_DTL,BURTGEL번호구간정보,HIDE_YN,숨김여부,CHAR,1,,,,default 'N',,SERIES_INTERVAL.IS_HIDDEN,,,,,,,,,,,,,,,,,,,,,,,,,,,,,,,
11,REG_BURTGEL_NO_SCTN_DTL,BURTGEL번호구간정보,OPN_YN,개방여부,CHAR,1,,,,default 'N',,SERIES_INTERVAL.IS_OPENED,,,,,,,,,,,,,,,,,,,,,,,,,,,,,,,
12,REG_BURTGEL_NO_SCTN_DTL,BURTGEL번호구간정보,AUTO_YN,자동여부,CHAR,1,,,,default 'N',,SERIES_INTERVAL.IS_AUTO,,,,,,,,,,,,,,,,,,,,,,,,,,,,,,,
13,REG_BURTGEL_NO_SCTN_DTL,BURTGEL번호구간정보,RGTR_ID,등록자ID,VARCHAR,20,,SYS_USER.USER_ID,,,,SERIES_INTERVAL.CREATED_BY_ID,,,,,,,,,,,,,,,,,,,,,,,,,,,,,,,
14,REG_BURTGEL_NO_SCTN_DTL,BURTGEL번호구간정보,REG_DT,등록일시,DATETIME,,,,,default NOW(),,SERIES_INTERVAL.CREATE_DATE,,,,,,,,,,,,,,,,,,,,,,,,,,,,,,,
15,REG_BURTGEL_NO_SCTN_DTL,BURTGEL번호구간정보,MDFR_ID,수정자ID,VARCHAR,20,,SYS_USER.USER_ID,,,,SERIES_INTERVAL.UPDATED_BY_ID,,,,,,,,,,,,,,,,,,,,,,,,,,,,,,,
16,REG_BURTGEL_NO_SCTN_DTL,BURTGEL번호구간정보,MDFCN_DT,수정일시,DATETIME,,,,,,,SERIES_INTERVAL.UPDATE_DATE,,,,,,,,,,,,,,,,,,,,,,,,,,,,,,,
1,REG_BURTGEL_NO_DTL,BURTGEL번호정보,BURTGEL_ID,BURTGELID,BIGINT,,Y,,Y,,,SERIES_NUMBER.SERIES_ID,,,,,,,,,,,,,,,,,,,,,,,,,,,,,,,
2,REG_BURTGEL_NO_DTL,BURTGEL번호정보,ID,ID,BIGINT,,Y,,Y,,,SERIES_NUMBER.ID,,,,,,,,,,,,,,,,,,,,,,,,,,,,,,,
3,REG_BURTGEL_NO_DTL,BURTGEL번호정보,NAME,,VARCHAR2,20,,,Y,,,SERIES_NUMBER.NAME,,,,,,,,,,,,,,,,,,,,,,,,,,,,,,,
4,REG_BURTGEL_NO_DTL,BURTGEL번호정보,TYPE,,NUMBER,10,,,,,,SERIES_NUMBER.TYPE,,,,,,,,,,,,,,,,,,,,,,,,,,,,,,,
5,REG_BURTGEL_NO_DTL,BURTGEL번호정보,LMT_PRD,제한기간,INT,,,,,,,SERIES_NUMBER.LIMITED_DAY,,,,,,,,,,,,,,,,,,,,,,,,,,,,,,,
6,REG_BURTGEL_NO_DTL,BURTGEL번호정보,CAR_NO,차번호,VARCHAR,4,,,,,4자리 번호,SERIES_NUMBER.NO,,,,,,,,,,,,,,,,,,,,,,,,,,,,,,,
7,REG_BURTGEL_NO_DTL,BURTGEL번호정보,ORDER_DATE,발주일시,DATETIME,,,,,,,SERIES_NUMBER.ORDER_DATE,,,,,,,,,,,,,,,,,,,,,,,,,,,,,,,
8,REG_BURTGEL_NO_DTL,BURTGEL번호정보,ORDER_USER,발주자ID,VARCHAR,20,,,,,,SERIES_NUMBER.ORDER_USER,,,,,,,,,,,,,,,,,,,,,,,,,,,,,,,
9,REG_BURTGEL_NO_DTL,BURTGEL번호정보,RGN_USER_ID,지역사용자ID,VARCHAR,20,,SYS_USER.USER_ID,,,,SERIES_NUMBER.LOCAL_USER_ID,,,,,,,,,,,,,,,,,,,,,,,,,,,,,,,
10,REG_BURTGEL_NO_DTL,BURTGEL번호정보,VHRNO,자동차등록번호,VARCHAR,7,,REG_VHCL_MST.VHRNO,,,자동차등록정보에 등록된 번호,SERIES_NUMBER.VEHICLE_ID,,,,,,,,,,,,,,,,,,,,,,,,,,,,,,,
11,REG_BURTGEL_NO_DTL,BURTGEL번호정보,GIVE_YN,지급여부,CHAR,1,,,Y,default 'N',,SERIES_NUMBER.IS_GIVEN,,,,,,,,,,,,,,,,,,,,,,,,,,,,,,,
12,REG_BURTGEL_NO_DTL,BURTGEL번호정보,HIDE_YN,숨김여부,CHAR,1,,,Y,default 'N',,SERIES_NUMBER.IS_HIDDEN,,,,,,,,,,,,,,,,,,,,,,,,,,,,,,,
13,REG_BURTGEL_NO_DTL,BURTGEL번호정보,RGN_YN,지역여부,CHAR,1,,,Y,default 'N',,SERIES_NUMBER.IS_LOCAL,,,,,,,,,,,,,,,,,,,,,,,,,,,,,,,
14,REG_BURTGEL_NO_DTL,BURTGEL번호정보,OPN_YN,개방여부,CHAR,1,,,Y,default 'N',,SERIES_NUMBER.IS_OPENED,,,,,,,,,,,,,,,,,,,,,,,,,,,,,,,
15,REG_BURTGEL_NO_DTL,BURTGEL번호정보,ORDER_YN,발주여부,CHAR,1,,,Y,default 'N',,SERIES_NUMBER.IS_ORDER,,,,,,,,,,,,,,,,,,,,,,,,,,,,,,,
16,REG_BURTGEL_NO_DTL,BURTGEL번호정보,AUTO_YN,자동여부,CHAR,1,,,,default 'N',,SERIES_NUMBER.IS_AUTO,,,,,,,,,,,,,,,,,,,,,,,,,,,,,,,
17,REG_BURTGEL_NO_DTL,BURTGEL번호정보,SHOW_DATE,,VARCHAR,1000,,,,,,SERIES_NUMBER.SHOW_DATE,,,,,,,,,,,,,,,,,,,,,,,,,,,,,,,
18,REG_BURTGEL_NO_DTL,BURTGEL번호정보,IP_ADDR,IP주소,VARCHAR,50,,,,,,SERIES_NUMBER.IP_ADDRESS,,,,,,,,,,,,,,,,,,,,,,,,,,,,,,,
19,REG_BURTGEL_NO_DTL,BURTGEL번호정보,IP_INFO,IP정보,TEXT,,,,,,,SERIES_NUMBER.IP_INFO,,,,,,,,,,,,,,,,,,,,,,,,,,,,,,,
20,REG_BURTGEL_NO_DTL,BURTGEL번호정보,DOW_CD,요일코드,VARCHAR,1,,SYS_CD_GRP.GRP_ID,,,GRP_ID='028',SERIES_NUMBER.WEEKEND,,,,,,,,,,,,,,,,,,,,,,,,,,,,,,,
21,REG_BURTGEL_NO_DTL,BURTGEL번호정보,AUCTN_YN,경매여부,CHAR,1,,,Y,default 'N',,SERIES_NUMBER.ISAUCTION,,,,,,,,,,,,,,,,,,,,,,,,,,,,,,,
22,REG_BURTGEL_NO_DTL,BURTGEL번호정보,STRG_YN,저장여부,CHAR,1,,,Y,default 'N',,SERIES_NUMBER.IS_SAVE,,,,,,,,,,,,,,,,,,,,,,,,,,,,,,,
23,REG_BURTGEL_NO_DTL,BURTGEL번호정보,RGTR_ID,등록자ID,VARCHAR,20,,SYS_USER.USER_ID,,,,SERIES_NUMBER.CREATED_BY_ID,,,,,,,,,,,,,,,,,,,,,,,,,,,,,,,
24,REG_BURTGEL_NO_DTL,BURTGEL번호정보,REG_DT,등록일시,DATETIME,,,,,default NOW(),,SERIES_NUMBER.CREATE_DATE,,,,,,,,,,,,,,,,,,,,,,,,,,,,,,,
25,REG_BURTGEL_NO_DTL,BURTGEL번호정보,MDFR_ID,수정자ID,VARCHAR,20,,SYS_USER.USER_ID,,,,SERIES_NUMBER.UPDATED_BY_ID,,,,,,,,,,,,,,,,,,,,,,,,,,,,,,,
26,REG_BURTGEL_NO_DTL,BURTGEL번호정보,MDFCN_DT,수정일시,DATETIME,,,,,,,SERIES_NUMBER.UPDATE_DATE,,,,,,,,,,,,,,,,,,,,,,,,,,,,,,,
1,REG_NOPLT_CRT,번호판생성정보,ID,ID,BIGINT,,Y,,Y,,,SYSTEM_PLATE_FACTORY.ID,,,,,,,,,,,,,,,,,,,,,,,,,,,,,,,
2,REG_NOPLT_CRT,번호판생성정보,TYPE_ID,유형ID,NUMBER,,,,,,번호판색상 ?,SYSTEM_PLATE_FACTORY.TYPE_ID,,,,,,,,,,,,,,,,,,,,,,,,,,,,,,,
3,REG_NOPLT_CRT,번호판생성정보,FRST_VIN,최초차대번호,VARCHAR,17,,,,,,REG_VEHICLE_ARCHIVE.CABIN_NO,,,,,,,,,,,,,,,,,,,,,,,,,,,,,,,
4,REG_NOPLT_CRT,번호판생성정보,VHRNO,자동차등록번호,VARCHAR,7,,,,,,SYSTEM_PLATE_FACTORY.PLATE_NO,,,,,,,,,,,,,,,,,,,,,,,,,,,,,,,
5,REG_NOPLT_CRT,번호판생성정보,VIN,차대번호,VARCHAR,17,,,,,,,,,,,,,,,,,,,,,,,,,,,,,,,,,,,,,
6,REG_NOPLT_CRT,번호판생성정보,NOPLT_COLR_CD,번호판색상코드,VARCHAR,2,,SYS_CD_GRP.GRP_ID,,,"GRP_ID='030'
신규등록시 입력",SYSTEM_PLATE_FACTORY.PLATECOLOR,,,,,,,,,,,,,,,,,,,,,,,,,,,,,,,
7,REG_NOPLT_CRT,번호판생성정보,SRVC_CD,서비스코드,VARCHAR,6,,REG_SRVC.SRVC_CD,,,,SYSTEM_PLATE_FACTORY.SERVICE_ID,,,,,,,,,,,,,,,,,,,,,,,,,,,,,,,
8,REG_NOPLT_CRT,번호판생성정보,USER_ID,사용자ID,VARCHAR,20,,SYS_USER.USER_ID,,,,SYSTEM_PLATE_FACTORY.USER_ID,,,,,,,,,,,,,,,,,,,,,,,,,,,,,,,
9,REG_NOPLT_CRT,번호판생성정보,PRINT_ID,PRINTID,BIGINT,,,,,,,SYSTEM_PLATE_FACTORY.PRINT_ID,,,,,,,,,,,,,,,,,,,,,,,,,,,,,,,
10,REG_NOPLT_CRT,번호판생성정보,PRINT_YN,프린트유무,CHAR,1,,,,default 'Y',,SYSTEM_PLATE_FACTORY.IS_PRINT,,,,,,,,,,,,,,,,,,,,,,,,,,,,,,,
11,REG_NOPLT_CRT,번호판생성정보,RGTR_ID,등록자ID,VARCHAR,20,,SYS_USER.USER_ID,,,,,,,,,,,,,,,,,,,,,,,,,,,,,,,,,,,
12,REG_NOPLT_CRT,번호판생성정보,REG_DT,등록일시,DATETIME,,,,,default NOW(),,SYSTEM_PLATE_FACTORY.CREATE_DATE,,,,,,,,,,,,,,,,,,,,,,,,,,,,,,,
13,REG_NOPLT_CRT,번호판생성정보,MDFR_ID,수정자ID,VARCHAR,20,,SYS_USER.USER_ID,,,,,,,,,,,,,,,,,,,,,,,,,,,,,,,,,,,
14,REG_NOPLT_CRT,번호판생성정보,MDFCN_DT,수정일시,DATETIME,,,,,,,SYSTEM_PLATE_FACTORY.UPDATE_DATE,,,,,,,,,,,,,,,,,,,,,,,,,,,,,,,
1,COM_SPC_RCD,특별기록(압류)정보,SYS_SE,시스템구분,VARCHAR,1,Y,,Y,,"1:VRS, 2:MVIS",,,,,,,,,,,,,,,,,,,,,,,,,,,,,,,,
2,COM_SPC_RCD,특별기록(압류)정보,ID,ID,BIGINT,,Y,,Y,,,REG_LIMITED.ID,,,,,,,,,,,,,,,,,,,,,,,,,,,,,,,
3,COM_SPC_RCD,특별기록(압류)정보,SPC_RCD_NM,특별기록명,VARCHAR,255,,,,,,REG_LIMITED.NAME,,,,,,,,,,,,,,,,,,,,,,,,,,,,,,,
4,COM_SPC_RCD,특별기록(압류)정보,DCSN_NO,결정번호,VARCHAR,255,,,,,,REG_LIMITED.DEC_NO,,,,,,,,,,,,,,,,,,,,,,,,,,,,,,,
5,COM_SPC_RCD,특별기록(압류)정보,DCSN_DT,결정일시,DATETIME,,,,,,,REG_LIMITED.DEC_DATE,,,,,,,,,,,,,,,,,,,,,,,,,,,,,,,
6,COM_SPC_RCD,특별기록(압류)정보,END_DT,종료일시,DATETIME,,,,,,,REG_LIMITED.END_DATE,,,,,,,,,,,,,,,,,,,,,,,,,,,,,,,
7,COM_SPC_RCD,특별기록(압류)정보,MBL_TELNO,휴대전화번호,VARCHAR,13,,,,,,REG_LIMITED.PHONE_NO,,,,,,,,,,,,,,,,,,,,,,,,,,,,,,,
8,COM_SPC_RCD,특별기록(압류)정보,LMT_TYPE_CD,제한유형코드,NUMBER,1,,SYS_CD_GRP.GRP_ID,,,GRP_ID='032',REG_LIMITED.TYPE_ID,REG_LIMIT_TYPE.ID,,,,,,,,,,,,,,,,,,,,,,,,,,,,,,
9,COM_SPC_RCD,특별기록(압류)정보,VHRNO,자동차등록번호,VARCHAR,7,,,,,,REG_LIMITED.VEHICLE_ID,REG_VEHICLE.ID,,,,,,,,,,,,,,,,,,,,,,,,,,,,,,
10,COM_SPC_RCD,특별기록(압류)정보,VIN,차대번호,VARCHAR,17,,,,,,REG_LIMITED.VEHICLE_ID,REG_VEHICLE.ID,,,,,,,,,,,,,,,,,,,,,,,,,,,,,,
11,COM_SPC_RCD,특별기록(압류)정보,FRST_VIN,최초차대번호,VARCHAR,17,,,,,,,,,,,,,,,,,,,,,,,,,,,,,,,,,,,,,
12,COM_SPC_RCD,특별기록(압류)정보,RSTR_USER_ID,복구사용자ID,VARCHAR,20,,SYS_USER.USER_ID,,,,REG_LIMITED.RESTORE_USER_ID,SYSTEM_USER.ID,,,,,,,,,,,,,,,,,,,,,,,,,,,,,,
13,COM_SPC_RCD,특별기록(압류)정보,RSTR_YN,복구여부,CHAR,1,,,,default 'N',,REG_LIMITED.IS_RESTORED,,,,,,,,,,,,,,,,,,,,,,,,,,,,,,,
14,COM_SPC_RCD,특별기록(압류)정보,VLTN_RSN,위반사유,VARCHAR,1000,,,,,,,,,,,,,,,,,,,,,,,,,,,,,,,,,,,,,
15,COM_SPC_RCD,특별기록(압류)정보,RGTR_ID,등록자ID,VARCHAR,20,,SYS_USER.USER_ID,,,,REG_LIMITED.CREATEDBY,SYSTEM_USER.ID,,,,,,,,,,,,,,,,,,,,,,,,,,,,,,
16,COM_SPC_RCD,특별기록(압류)정보,REG_DT,등록일시,DATETIME,,,,,default NOW(),,REG_LIMITED.CREATEDDATE,,,,,,,,,,,,,,,,,,,,,,,,,,,,,,,
17,COM_SPC_RCD,특별기록(압류)정보,MDFR_ID,수정자ID,VARCHAR,20,,SYS_USER.USER_ID,,,,REG_LIMITED.MODIFIEDBY,SYSTEM_USER.ID,,,,,,,,,,,,,,,,,,,,,,,,,,,,,,
18,COM_SPC_RCD,특별기록(압류)정보,MDFCN_DT,수정일시,DATETIME,,,,,,,REG_LIMITED.MODIFIEDDATE,,,,,,,,,,,,,,,,,,,,,,,,,,,,,,,
1,REG_SRVC_STLM,등록서비스결제정보,STLM_NO,결제번호,VARCHAR,15,Y,,Y,,,,,,,,,,,,,,,,,,,,,,,,,,,,,,,,,,
2,REG_SRVC_STLM,등록서비스결제정보,STLM_SE_CD,결제구분코드,VARCHAR,1,,,,,CODE_ID= '314',,,,,,,,,,,,,,,,,,,,,,,,,,,,,,,,
3,REG_SRVC_STLM,등록서비스결제정보,STLM_BANK,결제은행,VARCHAR,,,,,,,,,,,,,,,,,,,,,,,,,,,,,,,,,,,,,,
4,REG_SRVC_STLM,등록서비스결제정보,STLM_ACTNO,결제계좌번호,VARCHAR,20,,,,,,,,,,,,,,,,,,,,,,,,,,,,,,,,,,,,,
5,REG_SRVC_STLM,등록서비스결제정보,SRVC_CD,서비스코드,VARCHAR,6,,,,,등록/검사수수료 코드,,,,,,,,,,,,,,,,,,,,,,,,,,,,,,,,
6,REG_SRVC_STLM,등록서비스결제정보,STLM_AMT,결제금액,INT,,,,,,,,,,,,,,,,,,,,,,,,,,,,,,,,,,,,,,
7,REG_SRVC_STLM,등록서비스결제정보,STLM_YN,결제여부,CHAR,1,,,,default 'N',,,,,,,,,,,,,,,,,,,,,,,,,,,,,,,,,
8,REG_SRVC_STLM,등록서비스결제정보,STLM_DATE,결제일시,DATETIME,,,,,,,,,,,,,,,,,,,,,,,,,,,,,,,,,,,,,,
9,REG_SRVC_STLM,등록서비스결제정보,SRVC_TYPE_CD,서비스유형코드,VARCHAR,3,,,,,,,,,,,,,,,,,,,,,,,,,,,,,,,,,,,,,
10,REG_SRVC_STLM,등록서비스결제정보,APLY_YMD,신청일자,VARCHAR,8,,,,,,,,,,,,,,,,,,,,,,,,,,,,,,,,,,,,,
11,REG_SRVC_STLM,등록서비스결제정보,APLY_SN,신청일련번호,VARCHAR,4,,,,,,,,,,,,,,,,,,,,,,,,,,,,,,,,,,,,,
12,REG_SRVC_STLM,등록서비스결제정보,RFND_ACTNO,환불계좌번호,VARCHAR,20,,,,,,,,,,,,,,,,,,,,,,,,,,,,,,,,,,,,,
13,REG_SRVC_STLM,등록서비스결제정보,RFND_BANK_NM,환불은행명,VARCHAR,200,,,,,,,,,,,,,,,,,,,,,,,,,,,,,,,,,,,,,
14,REG_SRVC_STLM,등록서비스결제정보,RFND_BACNT_OWNR_NM,환불계좌소유자명,VARCHAR,200,,,,,,,,,,,,,,,,,,,,,,,,,,,,,,,,,,,,,
15,REG_SRVC_STLM,등록서비스결제정보,RFND_YN,환불여부,CHAR,1,,,,,,,,,,,,,,,,,,,,,,,,,,,,,,,,,,,,,
16,REG_SRVC_STLM,등록서비스결제정보,RGTR_ID,등록자ID,VARCHAR,20,,,,,,,SYSTEM_USER.ID,,,,,,,,,,,,,,,,,,,,,,,,,,,,,,
17,REG_SRVC_STLM,등록서비스결제정보,REG_DT,등록일시,DATETIME,,,,,default NOW(),,,,,,,,,,,,,,,,,,,,,,,,,,,,,,,,,
18,REG_SRVC_STLM,등록서비스결제정보,MDFR_ID,수정자ID,VARCHAR,20,,,,,,,SYSTEM_USER.ID,,,,,,,,,,,,,,,,,,,,,,,,,,,,,,
19,REG_SRVC_STLM,등록서비스결제정보,MDFCN_DT,수정일시,DATETIME,,,,,,,,,,,,,,,,,,,,,,,,,,,,,,,,,,,,,,
1,REG_SRVC_MST,등록서비스마스터,REG_APLY_PRCS_DEPT_CD,등록신청처리부서코드,VARCHAR,7,Y,,Y,,등록사업소: 처리부서,,,,,,,,,,,,,,,,,,,,,,,,,,,,,,,,
2,REG_SRVC_MST,등록서비스마스터,REG_SRVC_TYPE_CD,등록서비스유형코드,VARCHAR,3,Y,,Y,,CODE_ID='501',,,,,,,,,,,,,,,,,,,,,,,,,,,,,,,,
3,REG_SRVC_MST,등록서비스마스터,REG_APLY_YMD,등록신청일자,VARCHAR,8,Y,,Y,,YYYYMMDD,,,,,,,,,,,,,,,,,,,,,,,,,,,,,,,,
4,REG_SRVC_MST,등록서비스마스터,REG_APLY_SN,등록신청일련번호,VARCHAR,4,Y,,Y,,,,,,,,,,,,,,,,,,,,,,,,,,,,,,,,,,
5,REG_SRVC_MST,등록서비스마스터,APLY_TYPE_CD,신청인유형코드,VARCHAR,1,,,,default '1',CODE_ID='504',,,,,,,,,,,,,,,,,,,,,,,,,,,,,,,,
6,REG_SRVC_MST,등록서비스마스터,APLCNT_NM,신청자명,VARCHAR,100,,,,,,,,,,,,,,,,,,,,,,,,,,,,,,,,,,,,,
7,REG_SRVC_MST,등록서비스마스터,APLCNT_MBL_TELNO,신청자휴대전화번호,VARCHAR,13,,,,,,,,,,,,,,,,,,,,,,,,,,,,,,,,,,,,,
8,REG_SRVC_MST,등록서비스마스터,SRVC_CD,서비스코드,VARCHAR,6,,REG_SRVC.SRVC_CD,,,등록수수료 코드,,,,,,,,,,,,,,,,,,,,,,,,,,,,,,,,
9,REG_SRVC_MST,등록서비스마스터,SRVC_FEE_ AMT,서비스수수료금액,INT,,,,Y,,,,,,,,,,,,,,,,,,,,,,,,,,,,,,,,,,
10,REG_SRVC_MST,등록서비스마스터,STLM_AMT,결제금액,INT,,,,Y,,,,,,,,,,,,,,,,,,,,,,,,,,,,,,,,,,
11,REG_SRVC_MST,등록서비스마스터,VHRNO,자동차등록번호,VARCHAR,7,,,,,"신규등록인 경우
자동차번호보관정보 or
BURTGEL번호정보 (번호선택)",,,,,,,,,,,,,,,,,,,,,,,,,,,,,,,,
12,REG_SRVC_MST,등록서비스마스터,VIN,차대번호,VARCHAR,17,,,,,"자동차등록정보 or 
자동차말소정보 or 신규검사차량정보",,,,,,,,,,,,,,,,,,,,,,,,,,,,,,,,
13,REG_SRVC_MST,등록서비스마스터,APLY_RSN_CD,신청사유코드,VARCHAR,4,,,,,CODE_ID='505' ,,,,,,,,,,,,,,,,,,,,,,,,,,,,,,,,
14,REG_SRVC_MST,등록서비스마스터,VHRNO_KPNG_YN,자동차등록번호보관여부,CHAR,1,,,,,,,,,,,,,,,,,,,,,,,,,,,,,,,,,,,,,
15,REG_SRVC_MST,등록서비스마스터,NEW_VHRNO,신규자동차등록번호,VARCHAR,7,,,,,"이전자동차등록번호 or
자동차번호보관정보 or
BURTGEL번호정보 (번호선택)",,,,,,,,,,,,,,,,,,,,,,,,,,,,,,,,
16,REG_SRVC_MST,등록서비스마스터,ARCHV_NO,아카이브번호,VARCHAR,30,,,,,TOBE: UUID,,,,,,,,,,,,,,,,,,,,,,,,,,,,,,,,
17,REG_SRVC_MST,등록서비스마스터,REG_APLY_STTS_CD,등록신청상태코드,VARCHAR,2,,,,,CODE_ID='502',,,,,,,,,,,,,,,,,,,,,,,,,,,,,,,,
18,REG_SRVC_MST,등록서비스마스터,STLM_NO,결제번호,VARCHAR,15,,REG_SRVC_STLM.STLM_NO,,,,,,,,,,,,,,,,,,,,,,,,,,,,,,,,,,,
19,REG_SRVC_MST,등록서비스마스터,RGTR_ID,등록자ID,VARCHAR,20,,,,,,,,,,,,,,,,,,,,,,,,,,,,,,,,,,,,,
20,REG_SRVC_MST,등록서비스마스터,REG_DT,등록일시,DATETIME,,,,,default NOW(),,,,,,,,,,,,,,,,,,,,,,,,,,,,,,,,,
21,REG_SRVC_MST,등록서비스마스터,MDFR_ID,수정자ID,VARCHAR,20,,,,,,,,,,,,,,,,,,,,,,,,,,,,,,,,,,,,,
22,REG_SRVC_MST,등록서비스마스터,MDFCN_DT,수정일시,DATETIME,,,,,,,,,,,,,,,,,,,,,,,,,,,,,,,,,,,,,,
1,REG_NEW_REG_APLY,신규등록신청정보,REG_APLY_PRCS_DEPT_CD,등록신청처리부서코드,VARCHAR,7,Y,REG_SRVC_MST.REG_APLY_PRCS_DEPT_CD,Y,,등록사업소: 처리부서,,,,,,,,,,,,,,,,,,,,,,,,,,,,,,,,
2,REG_NEW_REG_APLY,신규등록신청정보,REG_SRVC_TYPE_CD,등록서비스유형코드,VARCHAR,3,Y,REG_SRVC_MST.REG_SRVC_CD,Y,,,,,,,,,,,,,,,,,,,,,,,,,,,,,,,,,,
3,REG_NEW_REG_APLY,신규등록신청정보,REG_APLY_YMD,등록신청일자,VARCHAR,8,Y,REG_SRVC_MST.REG_APLY_YMD,Y,,,,,,,,,,,,,,,,,,,,,,,,,,,,,,,,,,
4,REG_NEW_REG_APLY,신규등록신청정보,REG_APLY_SN,등록신청일련번호,VARCHAR,4,Y,REG_SRVC_MST.REG_APLY_SN,Y,,,,,,,,,,,,,,,,,,,,,,,,,,,,,,,,,,
5,REG_NEW_REG_APLY,신규등록신청정보,OWNR_UNQ_NO,소유자고유번호,VARCHAR,24,,REG_OWNR_MST.OWNR_UNQ_NO,,,신규등록신청시 DB에 소유자정보가 없을 경우 소유자등록(팝업:등록 및 연계),,,,,,,,,,,,,,,,,,,,,,,,,,,,,,,,
6,REG_NEW_REG_APLY,신규등록신청정보,CTZN_ID,시민ID,DECIMAL,18,,,,,개인식별번호,,,,,,,,,,,,,,,,,,,,,,,,,,,,,,,,
7,REG_NEW_REG_APLY,신규등록신청정보,OWNR_NM,소유자명,VARCHAR,200,,,,,LNM + FNM (성 + 이름),,,,,,,,,,,,,,,,,,,,,,,,,,,,,,,,
8,REG_NEW_REG_APLY,신규등록신청정보,OWNR_ADDR_CD,소유자주소코드,VARCHAR,10,,,,,,,,,,,,,,,,,,,,,,,,,,,,,,,,,,,,,
9,REG_NEW_REG_APLY,신규등록신청정보,OWNR_DADDR,소유자상세주소,VARCHAR,200,,,,,,,,,,,,,,,,,,,,,,,,,,,,,,,,,,,,,
10,REG_NEW_REG_APLY,신규등록신청정보,OWNER_EML,소유자이메일,VARCHAR,100,,,,,,,,,,,,,,,,,,,,,,,,,,,,,,,,,,,,,
11,REG_NEW_REG_APLY,신규등록신청정보,OWNER_MBL_TELNO,소유자휴대전화번호,VARCHAR,13,,,,,,,,,,,,,,,,,,,,,,,,,,,,,,,,,,,,,
12,REG_NEW_REG_APLY,신규등록신청정보,INCM_DCLR_NO,수입신고번호,VARCHAR,17,,,,,,,,,,,,,,,,,,,,,,,,,,,,,,,,,,,,,
13,REG_NEW_REG_APLY,신규등록신청정보,NOPLT_COLR_CD,번호판색상코드,VARCHAR,2,,,,default '01',CODE_ID='030',Цагаан (white),,,,,,,,,,,,,,,,,,,,,,,,,,,,,,,
14,REG_NEW_REG_APLY,신규등록신청정보,RGTR_ID,등록자ID,VARCHAR,20,,,,,,,,,,,,,,,,,,,,,,,,,,,,,,,,,,,,,
15,REG_NEW_REG_APLY,신규등록신청정보,REG_DT,등록일시,DATETIME,,,,,default NOW(),,,,,,,,,,,,,,,,,,,,,,,,,,,,,,,,,
16,REG_NEW_REG_APLY,신규등록신청정보,MDFR_ID,수정자ID,VARCHAR,20,,,,,,,,,,,,,,,,,,,,,,,,,,,,,,,,,,,,,
17,REG_NEW_REG_APLY,신규등록신청정보,MDFCN_DT,수정일시,DATETIME,,,,,,,,,,,,,,,,,,,,,,,,,,,,,,,,,,,,,,
1,REG_BFR_REG_APLY,이전등록신청정보,REG_APLY_PRCS_DEPT_CD,등록신청처리부서코드,VARCHAR,7,Y,REG_SRVC_MST.REG_APLY_PRCS_DEPT_CD,Y,,등록사업소: 처리부서,,,,,,,,,,,,,,,,,,,,,,,,,,,,,,,,
2,REG_BFR_REG_APLY,이전등록신청정보,REG_SRVC_TYPE_CD,등록서비스유형코드,VARCHAR,3,Y,REG_SRVC_MST.REG_SRVC_CD,Y,,,,,,,,,,,,,,,,,,,,,,,,,,,,,,,,,,
3,REG_BFR_REG_APLY,이전등록신청정보,REG_APLY_YMD,등록신청일자,VARCHAR,8,Y,REG_SRVC_MST.REG_APLY_YMD,Y,,,,,,,,,,,,,,,,,,,,,,,,,,,,,,,,,,
4,REG_BFR_REG_APLY,이전등록신청정보,REG_APLY_SN,등록신청일련번호,VARCHAR,4,Y,REG_SRVC_MST.REG_APLY_SN,Y,,,,,,,,,,,,,,,,,,,,,,,,,,,,,,,,,,
5,REG_BFR_REG_APLY,이전등록신청정보,NEW_VHRNO,신규자동차등록번호,VARCHAR,7,,,,,"이전자동차등록번호 or
자동차번호보관정보 or
BURTGEL번호정보 (번호선택)",,,,,,,,,,,,,,,,,,,,,,,,,,,,,,,,
6,REG_BFR_REG_APLY,이전등록신청정보,TRSFR_OWNR_UNQ_NO,양도인소유자고유번호,VARCHAR,24,,,,,,,,,,,,,,,,,,,,,,,,,,,,,,,,,,,,,
7,REG_BFR_REG_APLY,이전등록신청정보,TRSFR_CTZN_ID,양도인시민ID,DECIMAL,18,,,,,개인식별번호,,,,,,,,,,,,,,,,,,,,,,,,,,,,,,,,
8,REG_BFR_REG_APLY,이전등록신청정보,TRSFR_OWNR_NM,양도인소유자명,VARCHAR,200,,,,,LNM + FNM (성 + 이름),,,,,,,,,,,,,,,,,,,,,,,,,,,,,,,,
9,REG_BFR_REG_APLY,이전등록신청정보,TRSFR_OWNR_ADDR_CD,양도인소유자주소코드,VARCHAR,10,,,,,,,,,,,,,,,,,,,,,,,,,,,,,,,,,,,,,
10,REG_BFR_REG_APLY,이전등록신청정보,TRSFR_OWNR_DADDR,양도인소유자상세주소,VARCHAR,200,,,,,,,,,,,,,,,,,,,,,,,,,,,,,,,,,,,,,
11,REG_BFR_REG_APLY,이전등록신청정보,TRSFR_OWNER_EML,양도인소유자이메일,VARCHAR,100,,,,,,,,,,,,,,,,,,,,,,,,,,,,,,,,,,,,,
12,REG_BFR_REG_APLY,이전등록신청정보,TRSFR_OWNER_MBL_TELNO,양도인소유자휴대전화번호,VARCHAR,13,,,,,,,,,,,,,,,,,,,,,,,,,,,,,,,,,,,,,
13,REG_BFR_REG_APLY,이전등록신청정보,GRNE_OWNR_UNQ_NO,양수인소유자고유번호,VARCHAR,24,,,,,,,,,,,,,,,,,,,,,,,,,,,,,,,,,,,,,
14,REG_BFR_REG_APLY,이전등록신청정보,GRNE_CTZN_ID,양수인시민ID,DECIMAL,18,,,,,개인식별번호,,,,,,,,,,,,,,,,,,,,,,,,,,,,,,,,
15,REG_BFR_REG_APLY,이전등록신청정보,GRNE_OWNR_NM,양수인소유자명,VARCHAR,200,,,,,,,,,,,,,,,,,,,,,,,,,,,,,,,,,,,,,
16,REG_BFR_REG_APLY,이전등록신청정보,GRNE_OWNR_ADDR_CD,양수인소유자주소코드,VARCHAR,10,,,,,,,,,,,,,,,,,,,,,,,,,,,,,,,,,,,,,
17,REG_BFR_REG_APLY,이전등록신청정보,GRNE_OWNR_DADDR,양수인소유자상세주소,VARCHAR,200,,,,,,,,,,,,,,,,,,,,,,,,,,,,,,,,,,,,,
18,REG_BFR_REG_APLY,이전등록신청정보,GRNE_OWNER_EML,양수인소유자이메일,VARCHAR,100,,,,,,,,,,,,,,,,,,,,,,,,,,,,,,,,,,,,,
19,REG_BFR_REG_APLY,이전등록신청정보,GRNE_OWNER_MBL_TELNO,양수인소유자휴대전화번호,VARCHAR,13,,,,,,,,,,,,,,,,,,,,,,,,,,,,,,,,,,,,,
20,REG_BFR_REG_APLY,이전등록신청정보,REG_CS_CD,등록원인코드,NUMBER,1,,,,,CODE_ID='503',,,,,,,,,,,,,,,,,,,,,,,,,,,,,,,,
21,REG_BFR_REG_APLY,이전등록신청정보,APLY_AGRE_YN,신청동의여부,CHAR,1,,,,default 'N',양도인/양수인 동의여부,,,,,,,,,,,,,,,,,,,,,,,,,,,,,,,,
22,REG_BFR_REG_APLY,이전등록신청정보,RGTR_ID,등록자ID,VARCHAR,20,,,,,,,,,,,,,,,,,,,,,,,,,,,,,,,,,,,,,
23,REG_BFR_REG_APLY,이전등록신청정보,REG_DT,등록일시,DATETIME,,,,,default NOW(),,,,,,,,,,,,,,,,,,,,,,,,,,,,,,,,,
24,REG_BFR_REG_APLY,이전등록신청정보,MDFR_ID,수정자ID,VARCHAR,20,,,,,,,,,,,,,,,,,,,,,,,,,,,,,,,,,,,,,
25,REG_BFR_REG_APLY,이전등록신청정보,MDFCN_DT,수정일시,DATETIME,,,,,,,,,,,,,,,,,,,,,,,,,,,,,,,,,,,,,,
1,REG_ERSR_REG_APLY,말소등록신청정보,REG_APLY_PRCS_DEPT_CD,등록신청처리부서코드,VARCHAR,7,Y,REG_SRVC_MST.REG_APLY_PRCS_DEPT_CD,Y,,등록사업소: 처리부서,,,,,,,,,,,,,,,,,,,,,,,,,,,,,,,,
2,REG_ERSR_REG_APLY,말소등록신청정보,REG_SRVC_TYPE_CD,등록서비스유형코드,VARCHAR,3,Y,REG_SRVC_MST.REG_SRVC_CD,Y,,,,,,,,,,,,,,,,,,,,,,,,,,,,,,,,,,
3,REG_ERSR_REG_APLY,말소등록신청정보,REG_APLY_YMD,등록신청일자,VARCHAR,8,Y,REG_SRVC_MST.REG_APLY_YMD,Y,,,,,,,,,,,,,,,,,,,,,,,,,,,,,,,,,,
4,REG_ERSR_REG_APLY,말소등록신청정보,REG_APLY_SN,등록신청일련번호,VARCHAR,4,Y,REG_SRVC_MST.REG_APLY_SN,Y,,,,,,,,,,,,,,,,,,,,,,,,,,,,,,,,,,
5,REG_ERSR_REG_APLY,말소등록신청정보,TMPR_NOPLT_APLY_YN,임시번호판신청여부,CHAR,1,,,,default 'N',,,,,,,,,,,,,,,,,,,,,,,,,,,,,,,,,
6,REG_ERSR_REG_APLY,말소등록신청정보,RGTR_ID,등록자ID,VARCHAR,20,,,,,,,,,,,,,,,,,,,,,,,,,,,,,,,,,,,,,
7,REG_ERSR_REG_APLY,말소등록신청정보,REG_DT,등록일시,DATETIME,,,,,default NOW(),,,,,,,,,,,,,,,,,,,,,,,,,,,,,,,,,
8,REG_ERSR_REG_APLY,말소등록신청정보,MDFR_ID,수정자ID,VARCHAR,20,,,,,,,,,,,,,,,,,,,,,,,,,,,,,,,,,,,,,
9,REG_ERSR_REG_APLY,말소등록신청정보,MDFCN_DT,수정일시,DATETIME,,,,,,,,,,,,,,,,,,,,,,,,,,,,,,,,,,,,,,
,REG_NOPLT_CHG_APLY,번호판변경신청정보,,,,,,,,,,,,,,,,,,,,,,,,,,,,,,,,,,,,,,,,,
,REG_NOPLT_CHG_APLY,번호판변경신청정보,RGTR_ID,등록자ID,VARCHAR,20,,,,,,,,,,,,,,,,,,,,,,,,,,,,,,,,,,,,,
,REG_NOPLT_CHG_APLY,번호판변경신청정보,REG_DT,등록일시,DATETIME,,,,,,,,,,,,,,,,,,,,,,,,,,,,,,,,,,,,,,
,REG_NOPLT_CHG_APLY,번호판변경신청정보,MDFR_ID,수정자ID,VARCHAR,20,,,,,,,,,,,,,,,,,,,,,,,,,,,,,,,,,,,,,
1,REG_NOPLT_CHG_APLY,번호판변경신청정보,MDFCN_DT,수정일시,DATETIME,,,,,,,,,,,,,,,,,,,,,,,,,,,,,,,,,,,,,,
1,REG_NOPLT_RISSU_APLY,번호판재발급신청정보,REG_APLY_PRCS_DEPT_CD,등록신청처리부서코드,VARCHAR,7,Y,REG_SRVC_MST.REG_APLY_PRCS_DEPT_CD,Y,,등록사업소: 처리부서,,,,,,,,,,,,,,,,,,,,,,,,,,,,,,,,
2,REG_NOPLT_RISSU_APLY,번호판재발급신청정보,REG_SRVC_TYPE_CD,등록서비스유형코드,VARCHAR,3,Y,REG_SRVC_MST.REG_SRVC_CD,Y,,,,,,,,,,,,,,,,,,,,,,,,,,,,,,,,,,
3,REG_NOPLT_RISSU_APLY,번호판재발급신청정보,REG_APLY_YMD,등록신청일자,VARCHAR,8,Y,REG_SRVC_MST.REG_APLY_YMD,Y,,,,,,,,,,,,,,,,,,,,,,,,,,,,,,,,,,
4,REG_NOPLT_RISSU_APLY,번호판재발급신청정보,REG_APLY_SN,등록신청일련번호,VARCHAR,4,Y,REG_SRVC_MST.REG_APLY_SN,Y,,,,,,,,,,,,,,,,,,,,,,,,,,,,,,,,,,
5,REG_NOPLT_RISSU_APLY,번호판재발급신청정보,PBANC_MEDIA,공고매체,VARCHAR,200,,,,,,,,,,,,,,,,,,,,,,,,,,,,,,,,,,,,,
6,REG_NOPLT_RISSU_APLY,번호판재발급신청정보,PBANC_DSCTN,공고내역,VARCHAR,1000,,,,,,,,,,,,,,,,,,,,,,,,,,,,,,,,,,,,,
7,REG_NOPLT_RISSU_APLY,번호판재발급신청정보,RGTR_ID,등록자ID,VARCHAR,20,,,,,,,,,,,,,,,,,,,,,,,,,,,,,,,,,,,,,
8,REG_NOPLT_RISSU_APLY,번호판재발급신청정보,REG_DT,등록일시,DATETIME,,,,,default NOW(),,,,,,,,,,,,,,,,,,,,,,,,,,,,,,,,,
9,REG_NOPLT_RISSU_APLY,번호판재발급신청정보,MDFR_ID,수정자ID,VARCHAR,20,,,,,,,,,,,,,,,,,,,,,,,,,,,,,,,,,,,,,
10,REG_NOPLT_RISSU_APLY,번호판재발급신청정보,MDFCN_DT,수정일시,DATETIME,,,,,,,,,,,,,,,,,,,,,,,,,,,,,,,,,,,,,,
1,REG_VHCL_REG_CERT_RISSU_APLY,자동차등록증재발급신청정보,REG_APLY_PRCS_DEPT_CD,등록신청처리부서코드,VARCHAR,7,Y,REG_SRVC_MST.REG_APLY_PRCS_DEPT_CD,Y,,등록사업소: 처리부서,,,,,,,,,,,,,,,,,,,,,,,,,,,,,,,,
2,REG_VHCL_REG_CERT_RISSU_APLY,자동차등록증재발급신청정보,REG_SRVC_TYPE_CD,등록서비스유형코드,VARCHAR,3,Y,REG_SRVC_MST.REG_SRVC_CD,Y,,,,,,,,,,,,,,,,,,,,,,,,,,,,,,,,,,
3,REG_VHCL_REG_CERT_RISSU_APLY,자동차등록증재발급신청정보,REG_APLY_YMD,등록신청일자,VARCHAR,8,Y,REG_SRVC_MST.REG_APLY_YMD,Y,,,,,,,,,,,,,,,,,,,,,,,,,,,,,,,,,,
4,REG_VHCL_REG_CERT_RISSU_APLY,자동차등록증재발급신청정보,REG_APLY_SN,등록신청일련번호,VARCHAR,4,Y,REG_SRVC_MST.REG_APLY_SN,Y,,,,,,,,,,,,,,,,,,,,,,,,,,,,,,,,,,
5,REG_VHCL_REG_CERT_RISSU_APLY,자동차등록증재발급신청정보,VHCL_REG_CERT_NO,자동차등록증번호,VARCHAR,20,,,,,,,,,,,,,,,,,,,,,,,,,,,,,,,,,,,,,
6,REG_VHCL_REG_CERT_RISSU_APLY,자동차등록증재발급신청정보,RISSU_RPLC_SE_CD,재발급교체구분,CHAR,1,,,,,"1:재발급, 2:교체",,,,,,,,,,,,,,,,,,,,,,,,,,,,,,,,
7,REG_VHCL_REG_CERT_RISSU_APLY,자동차등록증재발급신청정보,RGTR_ID,등록자ID,VARCHAR,20,,,,,,,,,,,,,,,,,,,,,,,,,,,,,,,,,,,,,
8,REG_VHCL_REG_CERT_RISSU_APLY,자동차등록증재발급신청정보,REG_DT,등록일시,DATETIME,,,,,default NOW(),,,,,,,,,,,,,,,,,,,,,,,,,,,,,,,,,
9,REG_VHCL_REG_CERT_RISSU_APLY,자동차등록증재발급신청정보,MDFR_ID,수정자ID,VARCHAR,20,,,,,,,,,,,,,,,,,,,,,,,,,,,,,,,,,,,,,
10,REG_VHCL_REG_CERT_RISSU_APLY,자동차등록증재발급신청정보,MDFCN_DT,수정일시,DATETIME,,,,,,,,,,,,,,,,,,,,,,,,,,,,,,,,,,,,,,
1,REG_NO_KPNG_REG_APLY,번호보관등록신청정보,REG_APLY_PRCS_DEPT_CD,등록신청처리부서코드,VARCHAR,7,Y,REG_SRVC_MST.REG_APLY_PRCS_DEPT_CD,Y,,등록사업소: 처리부서,,,,,,,,,,,,,,,,,,,,,,,,,,,,,,,,
2,REG_NO_KPNG_REG_APLY,번호보관등록신청정보,REG_SRVC_TYPE_CD,등록서비스유형코드,VARCHAR,3,Y,REG_SRVC_MST.REG_SRVC_CD,Y,,단독으로 번호보관등록신청이 존재하지 않음.,,,,,,,,,,,,,,,,,,,,,,,,,,,,,,,,
3,REG_NO_KPNG_REG_APLY,번호보관등록신청정보,REG_APLY_YMD,등록신청일자,VARCHAR,8,Y,REG_SRVC_MST.REG_APLY_YMD,Y,,,,,,,,,,,,,,,,,,,,,,,,,,,,,,,,,,
4,REG_NO_KPNG_REG_APLY,번호보관등록신청정보,REG_APLY_SN,등록신청일련번호,VARCHAR,4,Y,REG_SRVC_MST.REG_APLY_SN,Y,,,,,,,,,,,,,,,,,,,,,,,,,,,,,,,,,,
5,REG_NO_KPNG_REG_APLY,번호보관등록신청정보,OWNR_UNQ_NO,소유자고유번호,VARCHAR,24,,,,,암호화,,,,,,,,,,,,,,,,,,,,,,,,,,,,,,,,
6,REG_NO_KPNG_REG_APLY,번호보관등록신청정보,CTZN_ID,시민ID,DECIMAL,18,,,,,개인식별번호,,,,,,,,,,,,,,,,,,,,,,,,,,,,,,,,
7,REG_NO_KPNG_REG_APLY,번호보관등록신청정보,OWNR_NM,소유자명,VARCHAR,200,,,,,LNM + FNM (성 + 이름),,,,,,,,,,,,,,,,,,,,,,,,,,,,,,,,
8,REG_NO_KPNG_REG_APLY,번호보관등록신청정보,OWNER_EML,소유자이메일,VARCHAR,100,,,,,,,,,,,,,,,,,,,,,,,,,,,,,,,,,,,,,
9,REG_NO_KPNG_REG_APLY,번호보관등록신청정보,OWNER_MBL_TELNO,소유자휴대전화번호,VARCHAR,13,,,,,,,,,,,,,,,,,,,,,,,,,,,,,,,,,,,,,
10,REG_NO_KPNG_REG_APLY,번호보관등록신청정보,RGTR_ID,등록자ID,VARCHAR,20,,,,,,,,,,,,,,,,,,,,,,,,,,,,,,,,,,,,,
11,REG_NO_KPNG_REG_APLY,번호보관등록신청정보,REG_DT,등록일시,DATETIME,,,,,default NOW(),,,,,,,,,,,,,,,,,,,,,,,,,,,,,,,,,
12,REG_NO_KPNG_REG_APLY,번호보관등록신청정보,MDFR_ID,수정자ID,VARCHAR,20,,,,,,,,,,,,,,,,,,,,,,,,,,,,,,,,,,,,,
13,REG_NO_KPNG_REG_APLY,번호보관등록신청정보,MDFCN_DT,수정일시,DATETIME,,,,,,,,,,,,,,,,,,,,,,,,,,,,,,,,,,,,,,
1,COM_IF_TRGT_LINK_MST,인터페이스대상별연계마스터,IF_TRGT_CD,인터페이스대상코드,VARCHAR,2,Y,,Y,,CODE_ID='031' (호출하는 화면에서),,,,,,,,,,,,,,,,,,,,,,,,,,,,,,,,
2,COM_IF_TRGT_LINK_MST,인터페이스대상별연계마스터,SRVC_TYPE_CD,서비스유형코드,VARCHAR,3,Y,,Y,,CODE_ID='501' (호출하는 화면에서),,,,,,,,,,,,,,,,,,,,,,,,,,,,,,,,
3,COM_IF_TRGT_LINK_MST,인터페이스대상별연계마스터,IF_INQ_DT,인터페이스조회일시,DATETIME,,Y,,Y,,,,,,,,,,,,,,,,,,,,,,,,,,,,,,,,,,
4,COM_IF_TRGT_LINK_MST,인터페이스대상별연계마스터,VHRNO,자동차등록번호,VARCHAR,7,,,,,,,,,,,,,,,,,,,,,,,,,,,,,,,,,,,,,
5,COM_IF_TRGT_LINK_MST,인터페이스대상별연계마스터,VIN,차대번호,VARCHAR,17,,,,,,,,,,,,,,,,,,,,,,,,,,,,,,,,,,,,,
6,COM_IF_TRGT_LINK_MST,인터페이스대상별연계마스터,OWNR_UNQ_NO,소유자고유번호,VARCHAR,24,,,,,,,,,,,,,,,,,,,,,,,,,,,,,,,,,,,,,
7,COM_IF_TRGT_LINK_MST,인터페이스대상별연계마스터,VLTN_YN,위반여부,CHAR,1,,,,default 'N',Y':위반,,,,,,,,,,,,,,,,,,,,,,,,,,,,,,,,
8,COM_IF_TRGT_LINK_MST,인터페이스대상별연계마스터,VLTN_CN,위반내용,VARCHAR,1000,,,,,VLTN_YN = 'Y'인 경우,,,,,,,,,,,,,,,,,,,,,,,,,,,,,,,,
9,COM_IF_TRGT_LINK_MST,인터페이스대상별연계마스터,RGTR_ID,등록자ID,VARCHAR,20,,,,,,,,,,,,,,,,,,,,,,,,,,,,,,,,,,,,,
10,COM_IF_TRGT_LINK_MST,인터페이스대상별연계마스터,REG_DT,등록일시,DATETIME,,,,,default NOW(),,,,,,,,,,,,,,,,,,,,,,,,,,,,,,,,,
11,COM_IF_TRGT_LINK_MST,인터페이스대상별연계마스터,MDFR_ID,수정자ID,VARCHAR,20,,,,,,,,,,,,,,,,,,,,,,,,,,,,,,,,,,,,,
12,COM_IF_TRGT_LINK_MST,인터페이스대상별연계마스터,MDFCN_DT,수정일시,DATETIME,,,,,,,,,,,,,,,,,,,,,,,,,,,,,,,,,,,,,,
1,COM_NATARY_INFO_LINK_DTL,공증정보연계상세,IF_TRGT_CD,인터페이스대상코드,VARCHAR,2,Y,WEB_IF_TRGT_LINK_MST.IF_TRGT_CD,Y,,,,,,,,,,,,,,,,,,,,,,,,,,,,,,,,,,
2,COM_NATARY_INFO_LINK_DTL,공증정보연계상세,SRVC_TYPE_CD,서비스유형코드,VARCHAR,3,Y,WEB_IF_TRGT_LINK_MST.SRVC_TYPE_CD,Y,,,,,,,,,,,,,,,,,,,,,,,,,,,,,,,,,,
3,COM_NATARY_INFO_LINK_DTL,공증정보연계상세,IF_INQ_DT,인터페이스조회일시,DATETIME,,Y,WEB_IF_TRGT_LINK_MST.IF_INQ_DT,Y,,,,,,,,,,,,,,,,,,,,,,,,,,,,,,,,,,
4,COM_NATARY_INFO_LINK_DTL,공증정보연계상세,NATARY_NO,공증번호,VARCHAR,100,,,Y,,,,,,,,,,,,,,,,,,,,,,,,,,,,,,,,,,
5,COM_NATARY_INFO_LINK_DTL,공증정보연계상세,status,status,VARCHAR,1,,,,,,,,,,,,,,,,,,,,,,,,,,,,,,,,,,,,,
6,COM_NATARY_INFO_LINK_DTL,공증정보연계상세,id,id,VARCHAR,100,,,,,,,,,,,,,,,,,,,,,,,,,,,,,,,,,,,,,
7,COM_NATARY_INFO_LINK_DTL,공증정보연계상세,bookdate,bookdate,DATETIME,,,,,,,,,,,,,,,,,,,,,,,,,,,,,,,,,,,,,,
8,COM_NATARY_INFO_LINK_DTL,공증정보연계상세,booknumber,booknumber,VARCHAR,100,,,,,,,,,,,,,,,,,,,,,,,,,,,,,,,,,,,,,
9,COM_NATARY_INFO_LINK_DTL,공증정보연계상세,employeecode,employeecode,VARCHAR,100,,,,,,,,,,,,,,,,,,,,,,,,,,,,,,,,,,,,,
10,COM_NATARY_INFO_LINK_DTL,공증정보연계상세,servicename,servicename,VARCHAR,100,,,,,,,,,,,,,,,,,,,,,,,,,,,,,,,,,,,,,
11,COM_NATARY_INFO_LINK_DTL,공증정보연계상세,firstname,firstname,VARCHAR,100,,,,,,,,,,,,,,,,,,,,,,,,,,,,,,,,,,,,,
12,COM_NATARY_INFO_LINK_DTL,공증정보연계상세,lastname,lastname,VARCHAR,100,,,,,,,,,,,,,,,,,,,,,,,,,,,,,,,,,,,,,
13,COM_NATARY_INFO_LINK_DTL,공증정보연계상세,stateregnumber,stateregnumber,VARCHAR,100,,,,,,,,,,,,,,,,,,,,,,,,,,,,,,,,,,,,,
14,COM_NATARY_INFO_LINK_DTL,공증정보연계상세,vehicle,vehicle,VARCHAR,100,,,,,,,,,,,,,,,,,,,,,,,,,,,,,,,,,,,,,
15,COM_NATARY_INFO_LINK_DTL,공증정보연계상세,vincode,vincode,VARCHAR,100,,,,,,,,,,,,,,,,,,,,,,,,,,,,,,,,,,,,,
16,COM_NATARY_INFO_LINK_DTL,공증정보연계상세,physicalpath,physicalpath,VARCHAR,100,,,,,,,,,,,,,,,,,,,,,,,,,,,,,,,,,,,,,
17,COM_NATARY_INFO_LINK_DTL,공증정보연계상세,servicefile,servicefile,VARCHAR,1000,,,,,,,,,,,,,,,,,,,,,,,,,,,,,,,,,,,,,
18,COM_NATARY_INFO_LINK_DTL,공증정보연계상세,wfmstatusid,wfmstatusid,VARCHAR,100,,,,,,,,,,,,,,,,,,,,,,,,,,,,,,,,,,,,,
19,COM_NATARY_INFO_LINK_DTL,공증정보연계상세,statusname,statusname,VARCHAR,100,,,,,,,,,,,,,,,,,,,,,,,,,,,,,,,,,,,,,
20,COM_NATARY_INFO_LINK_DTL,공증정보연계상세,RGTR_ID,등록자ID,VARCHAR,20,,,,,,,,,,,,,,,,,,,,,,,,,,,,,,,,,,,,,
21,COM_NATARY_INFO_LINK_DTL,공증정보연계상세,REG_DT,등록일시,DATETIME,,,,,default NOW(),,,,,,,,,,,,,,,,,,,,,,,,,,,,,,,,,
22,COM_NATARY_INFO_LINK_DTL,공증정보연계상세,MDFR_ID,수정자ID,VARCHAR,20,,,,,,,,,,,,,,,,,,,,,,,,,,,,,,,,,,,,,
23,COM_NATARY_INFO_LINK_DTL,공증정보연계상세,MDFCN_DT,수정일시,DATETIME,,,,,,,,,,,,,,,,,,,,,,,,,,,,,,,,,,,,,,
1,COM_JOIN_INFO_LINK_DTL,보험가입정보연계상세,IF_TRGT_CD,인터페이스대상코드,VARCHAR,2,Y,WEB_IF_TRGT_LINK_MST.IF_TRGT_CD,Y,,,,,,,,,,,,,,,,,,,,,,,,,,,,,,,,,,
2,COM_JOIN_INFO_LINK_DTL,보험가입정보연계상세,SRVC_TYPE_CD,서비스유형코드,VARCHAR,3,Y,WEB_IF_TRGT_LINK_MST.SRVC_TYPE_CD,Y,,,,,,,,,,,,,,,,,,,,,,,,,,,,,,,,,,
3,COM_JOIN_INFO_LINK_DTL,보험가입정보연계상세,IF_INQ_DT,인터페이스조회일시,DATETIME,,Y,WEB_IF_TRGT_LINK_MST.IF_INQ_DT,Y,,,,,,,,,,,,,,,,,,,,,,,,,,,,,,,,,,
4,COM_JOIN_INFO_LINK_DTL,보험가입정보연계상세,INSRNC_CMP_NM,보험회사명,VARCHAR,100,,,,,,,,,,,,,,,,,,,,,,,,,,,,,,,,,,,,,
5,COM_JOIN_INFO_LINK_DTL,보험가입정보연계상세,INSRNC_TYPE_NM,보험유형명,VARCHAR,100,,,,,,,,,,,,,,,,,,,,,,,,,,,,,,,,,,,,,
6,COM_JOIN_INFO_LINK_DTL,보험가입정보연계상세,INSRNC_JOIN_BGNG_YMD,보험가입시작일자,VARCHAR,8,,,,,,,,,,,,,,,,,,,,,,,,,,,,,,,,,,,,,
7,COM_JOIN_INFO_LINK_DTL,보험가입정보연계상세,INSRNC_JOIN_END_YMD,보험가입종료일자,VARCHAR,8,,,,,,,,,,,,,,,,,,,,,,,,,,,,,,,,,,,,,
8,COM_JOIN_INFO_LINK_DTL,보험가입정보연계상세,RGTR_ID,등록자ID,VARCHAR,20,,,,,,,,,,,,,,,,,,,,,,,,,,,,,,,,,,,,,
9,COM_JOIN_INFO_LINK_DTL,보험가입정보연계상세,REG_DT,등록일시,DATETIME,,,,,default NOW(),,,,,,,,,,,,,,,,,,,,,,,,,,,,,,,,,
10,COM_JOIN_INFO_LINK_DTL,보험가입정보연계상세,MDFR_ID,수정자ID,VARCHAR,20,,,,,,,,,,,,,,,,,,,,,,,,,,,,,,,,,,,,,
11,COM_JOIN_INFO_LINK_DTL,보험가입정보연계상세,MDFCN_DT,수정일시,DATETIME,,,,,,,,,,,,,,,,,,,,,,,,,,,,,,,,,,,,,,
1,COM_INFO_LINK_DTL,관세정보연계상세,IF_TRGT_CD,인터페이스대상코드,VARCHAR,2,Y,WEB_IF_TRGT_LINK_MST.IF_TRGT_CD,Y,,,,,,,,,,,,,,,,,,,,,,,,,,,,,,,,,,
2,COM_INFO_LINK_DTL,관세정보연계상세,SRVC_TYPE_CD,서비스유형코드,VARCHAR,3,Y,WEB_IF_TRGT_LINK_MST.SRVC_TYPE_CD,Y,,,,,,,,,,,,,,,,,,,,,,,,,,,,,,,,,,
3,COM_INFO_LINK_DTL,관세정보연계상세,IF_INQ_DT,인터페이스조회일시,DATETIME,,Y,WEB_IF_TRGT_LINK_MST.IF_INQ_DT,Y,,,,,,,,,,,,,,,,,,,,,,,,,,,,,,,,,,
4,COM_INFO_LINK_DTL,관세정보연계상세,buildDate,제조일자,VARCHAR,10,,,,,,,,,,,,,,,,,,,,,,,,,,,,,,,,,,,,,
5,COM_INFO_LINK_DTL,관세정보연계상세,changeMode,변경모드,VARCHAR,100,,,,,,,,,,,,,,,,,,,,,,,,,,,,,,,,,,,,,
6,COM_INFO_LINK_DTL,관세정보연계상세,cstmCd,관세코드,VARCHAR,100,,,,,,,,,,,,,,,,,,,,,,,,,,,,,,,,,,,,,
7,COM_INFO_LINK_DTL,관세정보연계상세,cstmDutySumAmt,관세합계금액,DECIMAL,"10,2",,,,,,,,,,,,,,,,,,,,,,,,,,,,,,,,,,,,,
8,COM_INFO_LINK_DTL,관세정보연계상세,dclrTypeCd,신고유형코드,VARCHAR,100,,,,,,,,,,,,,,,,,,,,,,,,,,,,,,,,,,,,,
9,COM_INFO_LINK_DTL,관세정보연계상세,impExpDclrNo,수입신고번호,VARCHAR,17,,,,,INCM_DCLR_NO,,,,,,,,,,,,,,,,,,,,,,,,,,,,,,,,
10,COM_INFO_LINK_DTL,관세정보연계상세,importerAddr,수입업체주소,VARCHAR,100,,,,,,,,,,,,,,,,,,,,,,,,,,,,,,,,,,,,,
11,COM_INFO_LINK_DTL,관세정보연계상세,importerNm,수입업체명,VARCHAR,100,,,,,,,,,,,,,,,,,,,,,,,,,,,,,,,,,,,,,
12,COM_INFO_LINK_DTL,관세정보연계상세,importerPhone,수입업체전화번호,VARCHAR,100,,,,,,,,,,,,,,,,,,,,,,,,,,,,,,,,,,,,,
13,COM_INFO_LINK_DTL,관세정보연계상세,importerRgNo,수입업체등록번호,VARCHAR,100,,,,,,,,,,,,,,,,,,,,,,,,,,,,,,,,,,,,,
14,COM_INFO_LINK_DTL,관세정보연계상세,inspctorId,검사관ID,VARCHAR,100,,,,,,,,,,,,,,,,,,,,,,,,,,,,,,,,,,,,,
15,COM_INFO_LINK_DTL,관세정보연계상세,moreImpormation,추가정보,VARCHAR,100,,,,,,,,,,,,,,,,,,,,,,,,,,,,,,,,,,,,,
16,COM_INFO_LINK_DTL,관세정보연계상세,regDate,등록일시,DATETIME,,,,,,,,,,,,,,,,,,,,,,,,,,,,,,,,,,,,,,
17,COM_INFO_LINK_DTL,관세정보연계상세,regUserId,등록사용자ID,VARCHAR,100,,,,,,,,,,,,,,,,,,,,,,,,,,,,,,,,,,,,,
18,COM_INFO_LINK_DTL,관세정보연계상세,sendDate,전송일자,VARCHAR,100,,,,,,,,,,,,,,,,,,,,,,,,,,,,,,,,,,,,,
19,COM_INFO_LINK_DTL,관세정보연계상세,sendReadyFlag,전송준비플래그,VARCHAR,100,,,,,,,,,,,,,,,,,,,,,,,,,,,,,,,,,,,,,
20,COM_INFO_LINK_DTL,관세정보연계상세,teamMgrId,팀관리자ID,VARCHAR,100,,,,,,,,,,,,,,,,,,,,,,,,,,,,,,,,,,,,,
21,COM_INFO_LINK_DTL,관세정보연계상세,teamMgrInspctDate,팀관리자검사일자,DATETIME,,,,,,,,,,,,,,,,,,,,,,,,,,,,,,,,,,,,,,
22,COM_INFO_LINK_DTL,관세정보연계상세,vehCargoCapacity,적재용량,VARCHAR,100,,,,,,,,,,,,,,,,,,,,,,,,,,,,,,,,,,,,,
23,COM_INFO_LINK_DTL,관세정보연계상세,vehEngineCapacity,엔진배기량,VARCHAR,100,,,,,,,,,,,,,,,,,,,,,,,,,,,,,,,,,,,,,
24,COM_INFO_LINK_DTL,관세정보연계상세,vehEngineNo,엔진번호,VARCHAR,100,,,,,,,,,,,,,,,,,,,,,,,,,,,,,,,,,,,,,
25,COM_INFO_LINK_DTL,관세정보연계상세,vehMark,제작사명,VARCHAR,100,,,,,,,,,,,,,,,,,,,,,,,,,,,,,,,,,,,,,
26,COM_INFO_LINK_DTL,관세정보연계상세,vehModelNo,모델번호,VARCHAR,100,,,,,,,,,,,,,,,,,,,,,,,,,,,,,,,,,,,,,
27,COM_INFO_LINK_DTL,관세정보연계상세,breakInfo,브레이크정보,VARCHAR,1000,,,,,,,,,,,,,,,,,,,,,,,,,,,,,,,,,,,,,
28,COM_INFO_LINK_DTL,관세정보연계상세,carMile,주행거리,VARCHAR,100,,,,,,,,,,,,,,,,,,,,,,,,,,,,,,,,,,,,,
29,COM_INFO_LINK_DTL,관세정보연계상세,RGTR_ID,등록자ID,VARCHAR,20,,SYS_USER.USER_ID,,,,,,,,,,,,,,,,,,,,,,,,,,,,,,,,,,,
30,COM_INFO_LINK_DTL,관세정보연계상세,REG_DT,등록일시,DATETIME,,,,,default NOW(),,,,,,,,,,,,,,,,,,,,,,,,,,,,,,,,,
31,COM_INFO_LINK_DTL,관세정보연계상세,MDFR_ID,수정자ID,VARCHAR,20,,SYS_USER.USER_ID,,,,,,,,,,,,,,,,,,,,,,,,,,,,,,,,,,,
32,COM_INFO_LINK_DTL,관세정보연계상세,MDFCN_DT,수정일시,DATETIME,,,,,,,,,,,,,,,,,,,,,,,,,,,,,,,,,,,,,,
1,,#N/A,IF_TRGT_CD,인터페이스대상코드,VARCHAR,2,Y,WEB_IF_TRGT_LINK_MST.IF_TRGT_CD,Y,,,PAY_TARIFF.ID,,,,,,,,,,,,,,,,,,,,,,,,,,,,,,,
2,,#N/A,SRVC_TYPE_CD,서비스유형코드,VARCHAR,3,Y,WEB_IF_TRGT_LINK_MST.SRVC_TYPE_CD,Y,,,PAY_TARIFF.ID,,,,,,,,,,,,,,,,,,,,,,,,,,,,,,,
3,,#N/A,IF_INQ_DT,인터페이스조회일시,DATETIME,,Y,WEB_IF_TRGT_LINK_MST.IF_INQ_DT,Y,,,PAY_TARIFF.ID,,,,,,,,,,,,,,,,,,,,,,,,,,,,,,,
4,,#N/A,INCM_DCLR_NO,수입신고번호,VARCHAR,17,,,,,,,,,,,,,,,,,,,,,,,,,,,,,,,,,,,,,
5,,#N/A,MONEY,금액,NUMBER,10,,,,,,PAY_TARIFF.MONEY,,,,,,,,,,,,,,,,,,,,,,,,,,,,,,,
6,,#N/A,VEHICLETYPE_ID,차종ID,NUMBER,10,,,,,,PAY_TARIFF.VEHICLETYPE_ID,,,,,,,,,,,,,,,,,,,,,,,,,,,,,,,
7,,#N/A,TRANSACTIONTYPE_ID,거래유형ID,NUMBER,10,,,,,,PAY_TARIFF.TRANSACTIONTYPE_ID,,,,,,,,,,,,,,,,,,,,,,,,,,,,,,,
8,,#N/A,STATUS,상태,NUMBER,1,,,,,,PAY_TARIFF.STATUS,,,,,,,,,,,,,,,,,,,,,,,,,,,,,,,
9,,#N/A,BRANCH_ID,지점ID,NUMBER,38,,,,,,PAY_TARIFF.BRANCH_ID,,,,,,,,,,,,,,,,,,,,,,,,,,,,,,,
10,,#N/A,BRANCH_BY,지점구분,NUMBER,38,,,,,,PAY_TARIFF.BRANCH_BY,,,,,,,,,,,,,,,,,,,,,,,,,,,,,,,
11,,#N/A,RGTR_ID,등록자ID,VARCHAR,20,,SYS_USER.USER_ID,,,,PAY_TARIFF.CREATED_BY,,,,,,,,,,,,,,,,,,,,,,,,,,,,,,,
12,,#N/A,REG_DT,등록일시,DATETIME,,,,,default NOW(),,PAY_TARIFF.CREATED_DATE,,,,,,,,,,,,,,,,,,,,,,,,,,,,,,,
13,,#N/A,MDFR_ID,수정자ID,VARCHAR,20,,SYS_USER.USER_ID,,,,PAY_TARIFF.UPDATED_BY,,,,,,,,,,,,,,,,,,,,,,,,,,,,,,,
14,,#N/A,MDFCN_DT,수정일시,DATETIME,,,,,,,PAY_TARIFF.UPDATED_DATE,,,,,,,,,,,,,,,,,,,,,,,,,,,,,,,
1,COM_VHCL_VLTN,자동차위반정보,VLTN_DSCTN_ID,위반내역ID,BIGINT,,Y,,Y,,,REG_WARNING.ID,,,,,,,,,,,,,,,,,,,,,,,,,,,,,,,
2,COM_VHCL_VLTN,자동차위반정보,VHRNO,자동차등록번호,VARCHAR,7,,,Y,,,,,,,,,,,,,,,,,,,,,,,,,,,,,,,,,,
3,COM_VHCL_VLTN,자동차위반정보,VIN,차대번호,VARCHAR,17,,,Y,,,,,,,,,,,,,,,,,,,,,,,,,,,,,,,,,,
4,COM_VHCL_VLTN,자동차위반정보,FRST_VIN,최초차대번호,VARCHAR,17,,,Y,,,REG_WARNING.VEHICLE_ID,,,,,,,,,,,,,,,,,,,,,,,,,,,,,,,
5,COM_VHCL_VLTN,자동차위반정보,VLTN_RSN_CD,위반사유코드,VARCHAR,,,,Y,,GRP_ID='없음' REF_WARNING.ID,REG_WARNING.RVK_CAUSE_ID,,,,,,,,,,,,,,,,,,,,,,,,,,,,,,,
6,COM_VHCL_VLTN,자동차위반정보,DSCL_DEPT_CD,적발부서코드,VARCHAR,,,,Y,,GRP_ID='없음' REF_WARNING.ID,REG_WARNING.RVK_SECTION_ID,,,,,,,,,,,,,,,,,,,,,,,,,,,,,,,
7,COM_VHCL_VLTN,자동차위반정보,DSCL_PIC_ID,적발담당자ID,VARCHAR,20,,,,,GRP_ID='없음' REF_WARNING.ID,REG_WARNING.RVK_USER,,,,,,,,,,,,,,,,,,,,,,,,,,,,,,,
8,COM_VHCL_VLTN,자동차위반정보,DSCL_CN,적발내용,VARCHAR,200,,,,,,REG_WARNING.RVK_DESC,,,,,,,,,,,,,,,,,,,,,,,,,,,,,,,
9,COM_VHCL_VLTN,자동차위반정보,DSCL_TYPE_CD,적발유형코드,VARCHAR,1,,SYS_CD_GRP.GRP_ID,Y,,"GRP_ID= '338'
1: Гэрчилгээ хураагдсан (운전면허 취소)
2: Зөрчилтэй (위반)
3: Хулгайд алдагдсан (도난)",REG_WARNING.TYPE_ID,,,,,,,,,,,,,,,,,,,,,,,,,,,,,,,
10,COM_VHCL_VLTN,자동차위반정보,CNCLR_ID,취소자ID,VARCHAR,20,,SYS_USER.USER_ID,,,,,,,,,,,,,,,,,,,,,,,,,,,,,,,,,,,
11,COM_VHCL_VLTN,자동차위반정보,RTRCN_DT,취소일시,DATETIME,,,,,,,,,,,,,,,,,,,,,,,,,,,,,,,,,,,,,,
12,COM_VHCL_VLTN,자동차위반정보,RGTR_ID,등록자ID,VARCHAR,20,,SYS_USER.USER_ID,Y,,,,,,,,,,,,,,,,,,,,,,,,,,,,,,,,,,
13,COM_VHCL_VLTN,자동차위반정보,REG_DT,등록일시,DATETIME,,,,Y,,,,,,,,,,,,,,,,,,,,,,,,,,,,,,,,,,
14,COM_VHCL_VLTN,자동차위반정보,MDFR_ID,수정자ID,VARCHAR,20,,SYS_USER.USER_ID,,,,REG_LIMITED.MODIFIEDBY,SYSTEM_USER.ID,,,,,,,,,,,,,,,,,,,,,,,,,,,,,,
15,COM_VHCL_VLTN,자동차위반정보,MDFCN_DT,수정일시,DATETIME,,,,,,,REG_LIMITED.MODIFIEDDATE,,,,,,,,,,,,,,,,,,,,,,,,,,,,,,,
1,,#N/A,ID,시퀀스번호,NUMBER,10,Y,,Y,,,,,,,,,,,,,,,,,,,,,,,,,,,,,,,,,,
2,,#N/A,PROVINCEID,주(아이막)ID,NUMBER,10,,,Y,,ADDRESS_PROVINCE.ID,,,,,,,,,,,,,,,,,,,,,,,,,,,,,,,,
3,,#N/A,DEPARTMENTID,부서ID,NUMBER,10,,,Y,,SYSTEM_DEPARTMENT.ID,,,,,,,,,,,,,,,,,,,,,,,,,,,,,,,,
4,,#N/A,ARCHIVE,아카이브번호,VARCHAR2,150,,,Y,,,,,,,,,,,,,,,,,,,,,,,,,,,,,,,,,,
5,,#N/A,ABBR,약어,VARCHAR2,50,,,Y,,,,,,,,,,,,,,,,,,,,,,,,,,,,,,,,,,
6,,#N/A,CREATEDBY,생성자ID,NUMBER,19,,,Y,,,,,,,,,,,,,,,,,,,,,,,,,,,,,,,,,,
7,,#N/A,MODIFIEDBY,수정자ID,NUMBER,19,,,Y,,,,,,,,,,,,,,,,,,,,,,,,,,,,,,,,,,
8,,#N/A,CREATEDDATE,생성일시,TIMESTAMP,,,,Y,,,,,,,,,,,,,,,,,,,,,,,,,,,,,,,,,,
9,,#N/A,MODIFIEDDATE,수정일시,TIMESTAMP,,,,Y,,,,,,,,,,,,,,,,,,,,,,,,,,,,,,,,,,
10,,#N/A,DELETED_AT,삭제일시,TIMESTAMP,,,,,,,,,,,,,,,,,,,,,,,,,,,,,,,,,,,,,,
11,,#N/A,ID,시퀀스번호,NUMBER,10,Y,,Y,,,,,,,,,,,,,,,,,,,,,,,,,,,,,,,,,,
12,,#N/A,NAME,,VARCHAR2,50,,,,,,,,,,,,,,,,,,,,,,,,,,,,,,,,,,,,,
13,,#N/A,X,,VARCHAR2,20,,,,,,,,,,,,,,,,,,,,,,,,,,,,,,,,,,,,,
14,,#N/A,Y,,VARCHAR2,20,,,,,,,,,,,,,,,,,,,,,,,,,,,,,,,,,,,,,
15,,#N/A,LINE,,VARCHAR2,20,,,,,,,,,,,,,,,,,,,,,,,,,,,,,,,,,,,,,
16,,#N/A,TEXT,,VARCHAR2,20,,,,,,,,,,,,,,,,,,,,,,,,,,,,,,,,,,,,,
17,,#N/A,CREATED_DATE,생성일시,DATE,,,,,,,,,,,,,,,,,,,,,,,,,,,,,,,,,,,,,,
18,,#N/A,UPDATED_DATE,수정일시,DATE,,,,,,,,,,,,,,,,,,,,,,,,,,,,,,,,,,,,,,
19,,#N/A,ID,시퀀스번호,NUMBER,38,Y,,Y,,,,,,,,,,,,,,,,,,,,,,,,,,,,,,,,,,
20,,#N/A,TRANSACTION_ID,거래ID,NUMBER,38,,,,TRANSACTION.ID,,,,,,,,,,,,,,,,,,,,,,,,,,,,,,,,,
21,,#N/A,VEHICLE_ID,자동차등록ID,NUMBER,38,,,,REG_VEHICLE.ID,,,,,,,,,,,,,,,,,,,,,,,,,,,,,,,,,
22,,#N/A,ARKHIVE_NO,아카이브번호,NVARCHAR2,50,,,,,,,,,,,,,,,,,,,,,,,,,,,,,,,,,,,,,
23,,#N/A,AMOUNT,금액,BIGINT,50,,,,,,,,,,,,,,,,,,,,,,,,,,,,,,,,,,,,,
24,,#N/A,PAY_TYPE,결재유형,NUMBER,10,,,, default 0,,,,,,,,,,,,,,,,,,,,,,,,,,,,,,,,,
25,,#N/A,CREATED_BY,생성자ID,NUMBER,38,,,,,,,,,,,,,,,,,,,,,,,,,,,,,,,,,,,,,
26,,#N/A,CREATED_AT,생성일시,DATE,,,,,,,,,,,,,,,,,,,,,,,,,,,,,,,,,,,,,,
27,,#N/A,PAY_TYPE_NAME,결재유형명,NVARCHAR2,50,,,,,,,,,,,,,,,,,,,,,,,,,,,,,,,,,,,,,
28,,#N/A,SERVICE_TYPE,서비스유형,VARCHAR2,20,,,,,,,,,,,,,,,,,,,,,,,,,,,,,,,,,,,,,
29,,#N/A,SERVICE_ID,서비스ID,NUMBER,10,,,,SYSTEM_SERVICE.ID,,,,,,,,,,,,,,,,,,,,,,,,,,,,,,,,,
30,,#N/A,ID,시퀀스번호,NUMBER,38,Y,,Y,,,,,,,,,,,,,,,,,,,,,,,,,,,,,,,,,,
31,,#N/A,ACCOUNT_NUMBER,계좌번호,NUMBER,,,,,,,,,,,,,,,,,,,,,,,,,,,,,,,,,,,,,,
32,,#N/A,INVOICE_ID,,NUMBER,38,,,,,,,,,,,,,,,,,,,,,,,,,,,,,,,,,,,,,
33,,#N/A,DESCRIPTION,설명,NVARCHAR2,2000,,,,,,,,,,,,,,,,,,,,,,,,,,,,,,,,,,,,,
34,,#N/A,RELATED_ACCOUNT,,NUMBER,38,,,,,,,,,,,,,,,,,,,,,,,,,,,,,,,,,,,,,
35,,#N/A,OWNER_NAME,소유자명,NVARCHAR2,50,,,,,,,,,,,,,,,,,,,,,,,,,,,,,,,,,,,,,
36,,#N/A,AMOUNT,총액,NVARCHAR2,50,,,,,,,,,,,,,,,,,,,,,,,,,,,,,,,,,,,,,
37,,#N/A,TRANSACTION_DATE,거래일시,TIMESTAMP,,,,,,,,,,,,,,,,,,,,,,,,,,,,,,,,,,,,,,
38,,#N/A,TYPE,,NUMBER,10,,,,,,,,,,,,,,,,,,,,,,,,,,,,,,,,,,,,,
39,,#N/A,ARKHIVE_NO,아카이브번호,NVARCHAR2,50,,,,,,,,,,,,,,,,,,,,,,,,,,,,,,,,,,,,,
40,,#N/A,ID,,NUMBER,10,,,,,,,,,,,,,,,,,,,,,,,,,,,,,,,,,,,,,
41,,#N/A,NAME,,NVARCHAR2,20,,,,,,,,,,,,,,,,,,,,,,,,,,,,,,,,,,,,,
1,INSP_SRVC,검사서비스정보,SRVC_CD,서비스코드,VARCHAR,6,Y,,Y,,검사유형(1)+검사구분코드(2)+검사구분상세코드(2)+용도(1),PAY_SERVICE.ID,,,,,,,,,,,,,,,,,,,,,,,,,,,,,,,
2,INSP_SRVC,검사서비스정보,FEE_APLCN_YMD,수수료적용일자,VARCHAR,8,Y,,,,,,,,,,,,,,,,,,,,,,,,,,,,,,,,,,,,
3,INSP_SRVC,검사서비스정보,FEE_EXPRY_YMD,수수료만료일자,VARCHAR,8,,,,,,,,,,,,,,,,,,,,,,,,,,,,,,,,,,,,,
4,INSP_SRVC,검사서비스정보,SRVC_CD_NM,서비스코드명,VARCHAR,100,,,,,,PAY_SERVICE.NAME,,,,,,,,,,,,,,,,,,,,,,,,,,,,,,,
5,INSP_SRVC,검사서비스정보,INSP_SE_CD,검사구분코드,VARCHAR,2,,SYS_CD_GRP.GRP_ID,,,GRP_ID='299',,,,,,,,,,,,,,,,,,,,,,,,,,,,,,,,
6,INSP_SRVC,검사서비스정보,INSP_SE_DTL_CD,검사구분상세코드,VARCHAR,2,,SYS_CD_GRP.GRP_ID,,,GRP_ID='300',,,,,,,,,,,,,,,,,,,,,,,,,,,,,,,,
7,INSP_SRVC,검사서비스정보,USG_BSC_CD,용도기본코드,VARCHAR,1,Y,,,,GRP_ID='033',PAY_SERVICE.USE_PURPOSE,,,,,,,,,,,,,,,,,,,,,,,,,,,,,,,
8,INSP_SRVC,검사서비스정보,VAT_AMT,부가세금액,BIGINT,,,,,,,PAY_SERVICE.VAT_AMOUNT,,,,,,,,,,,,,,,,,,,,,,,,,,,,,,,
9,INSP_SRVC,검사서비스정보,SRVC_FEE_AMT,서비스수수료금액,BIGINT,,,,,,,,,,,,,,,,,,,,,,,,,,,,,,,,,,,,,,
10,INSP_SRVC,검사서비스정보,GRAMT,총금액,BIGINT,,,,,,부과세포함금액,PAY_SERVICE.TOTAL_AMOUNT,,,,,,,,,,,,,,,,,,,,,,,,,,,,,,,
11,INSP_SRVC,검사서비스정보,INSP_SE_VLD_PRD_CD,검사구분유효기간코드,VARCHAR,1,,SYS_CD_GRP.GRP_ID,,,GRP_ID='319',PAY_SERVICE.INSP_EXPIRE_DAY,,,,,,,,,,,,,,,,,,,,,,,,,,,,,,,
12,INSP_SRVC,검사서비스정보,USE_YN,사용여부,CHAR,1,,,,default 'Y',,PAY_SERVICE.STATUS,,,,,,,,,,,,,,,,,,,,,,,,,,,,,,,
13,INSP_SRVC,검사서비스정보,RGTR_ID,등록자ID,VARCHAR,20,,SYS_USER.USER_ID,,,,,,,,,,,,,,,,,,,,,,,,,,,,,,,,,,,
14,INSP_SRVC,검사서비스정보,REG_DT,등록일시,DATETIME,,,,,,,,,,,,,,,,,,,,,,,,,,,,,,,,,,,,,,
15,INSP_SRVC,검사서비스정보,MDFR_ID,수정자ID,VARCHAR,20,,SYS_USER.USER_ID,,,,,,,,,,,,,,,,,,,,,,,,,,,,,,,,,,,
16,INSP_SRVC,검사서비스정보,MDFCN_DT,수정일시,DATETIME,,,,,,,,,,,,,,,,,,,,,,,,,,,,,,,,,,,,,,
1,INSP_TUN_MST,튜닝마스터정보,INSPST_CD,검사소코드,VARCHAR,7,Y,SYS_OFFC.OFFC_CD,Y,,,,,,,,,,,,,,,,,,,,,,,,,,,,,,,,,,
2,INSP_TUN_MST,튜닝마스터정보,TUN_APRV_YMD,튜닝승인일자,VARCHAR,8,Y,,Y,,,,,,,,,,,,,,,,,,,,,,,,,,,,,,,,,,
3,INSP_TUN_MST,튜닝마스터정보,TUN_APRV_SN,튜닝승인일련번호,VARCHAR,5,Y,,Y,,,,,,,,,,,,,,,,,,,,,,,,,,,,,,,,,,
4,INSP_TUN_MST,튜닝마스터정보,VHRNO,자동차등록번호,VARCHAR,7,,,,,,,,,,,,,,,,,,,,,,,,,,,,,,,,,,,,,
5,INSP_TUN_MST,튜닝마스터정보,VIN,차대번호,VARCHAR,17,,,,,튜닝완료한 순서 최종튜닝을 찾기 위해서,,,,,,,,,,,,,,,,,,,,,,,,,,,,,,,,
6,INSP_TUN_MST,튜닝마스터정보,FRST_VIN,최초차대번호,VARCHAR,17,,,,,튜닝검사 최종합격된 접수번호 그리고 이미지를 찾기 위해서,,,,,,,,,,,,,,,,,,,,,,,,,,,,,,,,
7,INSP_TUN_MST,튜닝마스터정보,TUN_APRV_DSCTN,튜닝승인내역,VARCHAR,1000,,,,,최초차대번호는 유일하다,,,,,,,,,,,,,,,,,,,,,,,,,,,,,,,,
8,INSP_TUN_MST,튜닝마스터정보,TUN_RJCT_RSN,튜닝반려사유,VARCHAR,1000,,,,,자동차등록에서 변경등록 하지 않는경우 최종완료 튜닝아님,,,,,,,,,,,,,,,,,,,,,,,,,,,,,,,,
9,INSP_TUN_MST,튜닝마스터정보,TUN_INSP_CMPTN_TERM,튜닝검사완료기한,VARCHAR,8,,,,,,,,,,,,,,,,,,,,,,,,,,,,,,,,,,,,,
10,INSP_TUN_MST,튜닝마스터정보,TUN_CMPTN_SEQ_NO,튜닝완료순서번호,INT,,,,,,,,,,,,,,,,,,,,,,,,,,,,,,,,,,,,,,
11,INSP_TUN_MST,튜닝마스터정보,TUN_INSP_INSPST_CD,튜닝검사검사소코드,VARCHAR,7,,INSP_RCPT_MST.INSPST_CD,,,튜닝검사 합격인 경우에만,,,,,,,,,,,,,,,,,,,,,,,,,,,,,,,,
12,INSP_TUN_MST,튜닝마스터정보,TUN_INSP_RCPT_YMD,튜닝검사접수일자,VARCHAR,8,,INSP_RCPT_MST.RCPT_YMD,,,튜닝검사 합격인 경우에만,,,,,,,,,,,,,,,,,,,,,,,,,,,,,,,,
13,INSP_TUN_MST,튜닝마스터정보,TUN_INSP_RCPT_SEQ,튜닝검사접수순서,VARCHAR,4,,INSP_RCPT_MST.RCPT_SEQ,,,튜닝검사 합격인 경우에만,,,,,,,,,,,,,,,,,,,,,,,,,,,,,,,,
14,INSP_TUN_MST,튜닝마스터정보,TUN_INSP_YMD,튜닝검사일자,VARCHAR,8,,,,,,,,,,,,,,,,,,,,,,,,,,,,,,,,,,,,,
15,INSP_TUN_MST,튜닝마스터정보,TUN_APLCN_YMD,튜닝적용일자,VARCHAR,8,,,,,,,,,,,,,,,,,,,,,,,,,,,,,,,,,,,,,
16,INSP_TUN_MST,튜닝마스터정보,TUN_DSCTN,튜닝내역,VARCHAR,255,,,,,,,,,,,,,,,,,,,,,,,,,,,,,,,,,,,,,
17,INSP_TUN_MST,튜닝마스터정보,TUN_DTL_CD,튜닝코드,VARCHAR,255,,,,,,,,,,,,,,,,,,,,,,,,,,,,,,,,,,,,,
18,INSP_TUN_MST,튜닝마스터정보,SPEC_ID,제원ID,VARCHAR,17,,REG_VHCL_SPEC.SPEC_ID,,,,,,,,,,,,,,,,,,,,,,,,,,,,,,,,,,,
19,INSP_TUN_MST,튜닝마스터정보,SPEC_MNG_NO,제원관리번호,VARCHAR,20,,REG_VHCL_SPEC.SPEC_MNG_NO,,,,,,,,,,,,,,,,,,,,,,,,,,,,,,,,,,,
20,INSP_TUN_MST,튜닝마스터정보,SPEC_VIN,제원차대번호,VARCHAR,17,,,,,,,,,,,,,,,,,,,,,,,,,,,,,,,,,,,,,
21,INSP_TUN_MST,튜닝마스터정보,MDL_ID,모델ID,BIGINT,,,REG_VHCL_MDL.MDL_ID,,,,,,,,,,,,,,,,,,,,,,,,,,,,,,,,,,,
22,INSP_TUN_MST,튜닝마스터정보,VHCL_TYPE_ID,자동차유형ID,BIGINT,,,REG_VHCL_TYPE.VHCL_TYPE_ID,,,,,,,,,,,,,,,,,,,,,,,,,,,,,,,,,,,
23,INSP_TUN_MST,튜닝마스터정보,CLSF_CD,분류코드,VARCHAR,1,,SYS_CD_GRP.GRP_ID,,,GRP_ID='002',REG_MODIPICACE.CLASSIFICATION_ID,,,,,,,,,,,,,,,,,,,,,,,,,,,,,,,
24,INSP_TUN_MST,튜닝마스터정보,AXL_CNT,차축수,INT,,,,,,,,,,,,,,,,,,,,,,,,,,,,,,,,,,,,,,
25,INSP_TUN_MST,튜닝마스터정보,TWGHT,총중량,INT,,,,,,,,,,,,,,,,,,,,,,,,,,,,,,,,,,,,,,
26,INSP_TUN_MST,튜닝마스터정보,SEAT_CNT,좌석수,INT,,,,,,,,,,,,,,,,,,,,,,,,,,,,,,,,,,,,,,
27,INSP_TUN_MST,튜닝마스터정보,DOOR_CNT,문수,INT,,,,,,,,,,,,,,,,,,,,,,,,,,,,,,,,,,,,,,
28,INSP_TUN_MST,튜닝마스터정보,MXLDC,최대적재용량,INT,,,,,,,,,,,,,,,,,,,,,,,,,,,,,,,,,,,,,,
29,INSP_TUN_MST,튜닝마스터정보,WGHT,중량,INT,,,,,,,,,,,,,,,,,,,,,,,,,,,,,,,,,,,,,,
30,INSP_TUN_MST,튜닝마스터정보,HGT,높이,INT,,,,,,,,,,,,,,,,,,,,,,,,,,,,,,,,,,,,,,
31,INSP_TUN_MST,튜닝마스터정보,WDTH,가로,INT,,,,,,,,,,,,,,,,,,,,,,,,,,,,,,,,,,,,,,
32,INSP_TUN_MST,튜닝마스터정보,LEN,길이,INT,,,,,,,,,,,,,,,,,,,,,,,,,,,,,,,,,,,,,,
33,INSP_TUN_MST,튜닝마스터정보,VHCL_COLR_TYPE_CD,자동차색상타입코드,VARCHAR,1,,SYS_CD_GRP.GRP_ID,,,GRP_ID= '013',,,,,,,,,,,,,,,,,,,,,,,,,,,,,,,,
34,INSP_TUN_MST,튜닝마스터정보,VHCL_COLR_CD,자동차색상코드,VARCHAR,4,,SYS_CD_GRP.GRP_ID,,,GRP_ID= '014',INS_INSPRESULT.COLOR,,,,,,,,,,,,,,,,,,,,,,,,,,,,,,,
35,INSP_TUN_MST,튜닝마스터정보,VHCL_NM,자동차명,VARCHAR,100,,,,,,,,,,,,,,,,,,,,,,,,,,,,,,,,,,,,,
36,INSP_TUN_MST,튜닝마스터정보,HYBRD_YN,하이브리드여부,CHAR,1,,,,,,,,,,,,,,,,,,,,,,,,,,,,,,,,,,,,,
37,INSP_TUN_MST,튜닝마스터정보,ENGN_MDL_ID,엔진모델ID,BIGINT,,,REG_VHCL_ENGN_MDL.ENGN_MDL_ID,,,,,,,,,,,,,,,,,,,,,,,,,,,,,,,,,,,
38,INSP_TUN_MST,튜닝마스터정보,STWHL_PSTN_CD,운전대위치코드,VARCHAR,1,,SYS_CD_GRP.GRP_ID,,,GRP_ID= '003',,,,,,,,,,,,,,,,,,,,,,,,,,,,,,,,
39,INSP_TUN_MST,튜닝마스터정보,DRV_MTH_CD,구동방식코드,VARCHAR,2,,SYS_CD_GRP.GRP_ID,,,GRP_ID= '005',,,,,,,,,,,,,,,,,,,,,,,,,,,,,,,,
40,INSP_TUN_MST,튜닝마스터정보,USE_YN,사용여부,CHAR,1,,,,,,,,,,,,,,,,,,,,,,,,,,,,,,,,,,,,,
41,INSP_TUN_MST,튜닝마스터정보,RGTR_ID,등록자ID,VARCHAR,20,,SYS_USER.USER_ID,,,,,,,,,,,,,,,,,,,,,,,,,,,,,,,,,,,
42,INSP_TUN_MST,튜닝마스터정보,REG_DT,등록일시,DATETIME,,,,,,,,,,,,,,,,,,,,,,,,,,,,,,,,,,,,,,
43,INSP_TUN_MST,튜닝마스터정보,MDFR_ID,수정자ID,VARCHAR,20,,SYS_USER.USER_ID,,,,,,,,,,,,,,,,,,,,,,,,,,,,,,,,,,,
44,INSP_TUN_MST,튜닝마스터정보,MDFCN_DT,수정일시,DATETIME,,,,,,,,,,,,,,,,,,,,,,,,,,,,,,,,,,,,,,
1,INSP_TUN_DTL,튜닝상세정보,INSPST_CD,검사소코드,VARCHAR,7,Y,SYS_OFFC.OFFC_CD,Y,,,,,,,,,,,,,,,,,,,,,,,,,,,,,,,,,,
2,INSP_TUN_DTL,튜닝상세정보,TUN_APRV_YMD,튜닝승인일자,VARCHAR,8,Y,,Y,,,,,,,,,,,,,,,,,,,,,,,,,,,,,,,,,,
3,INSP_TUN_DTL,튜닝상세정보,TUN_APRV_SN,튜닝승인일련번호,VARCHAR,5,Y,,Y,,,,,,,,,,,,,,,,,,,,,,,,,,,,,,,,,,
4,INSP_TUN_DTL,튜닝상세정보,TUN_APRV_DTL_CD,튜닝승인상세코드,VARCHAR,3,Y,SYS_CD_GRP.GRP_ID,Y,,GRP_ID= '341',,,,,,,,,,,,,,,,,,,,,,,,,,,,,,,,
5,INSP_TUN_DTL,튜닝상세정보,TUN_APRV_ETC_RSN,튜닝승인기타사유,VARCHAR,1000,,,,,,,,,,,,,,,,,,,,,,,,,,,,,,,,,,,,,
6,INSP_TUN_DTL,튜닝상세정보,RGTR_ID,등록자ID,VARCHAR,20,,SYS_USER.USER_ID,,,,,,,,,,,,,,,,,,,,,,,,,,,,,,,,,,,
7,INSP_TUN_DTL,튜닝상세정보,REG_DT,등록일시,DATETIME,,,,,default NOW(),,,,,,,,,,,,,,,,,,,,,,,,,,,,,,,,,
8,INSP_TUN_DTL,튜닝상세정보,MDFR_ID,수정자ID,VARCHAR,20,,SYS_USER.USER_ID,,,,,,,,,,,,,,,,,,,,,,,,,,,,,,,,,,,
9,INSP_TUN_DTL,튜닝상세정보,MDFCN_DT,수정일시,DATETIME,,,,,,,,,,,,,,,,,,,,,,,,,,,,,,,,,,,,,,
1,INSP_VIN_MARK_SN,차대번호표기일련번호정보,VIN_FRDGT,차대번호앞자리,VARCHAR,12,Y,,,,,,,,,,,,,,,,,,,,,,,,,,,,,,,,,,,,
2,INSP_VIN_MARK_SN,차대번호표기일련번호정보,VIN_LAST_SN,차대번호최종일련번호,VARCHAR,5,,,,,"00001 일련번호 생성시 업데이트를 한다. 
표기승인 삭제 후 일련번호 생성하면 다음것으로 생성 한다.",,,,,,,,,,,,,,,,,,,,,,,,,,,,,,,,
3,INSP_VIN_MARK_SN,차대번호표기일련번호정보,RGTR_ID,등록자ID,VARCHAR,20,,SYS_USER.USER_ID,,,,,,,,,,,,,,,,,,,,,,,,,,,,,,,,,,,
4,INSP_VIN_MARK_SN,차대번호표기일련번호정보,REG_DT,등록일시,DATETIME,,,,,default NOW(),,,,,,,,,,,,,,,,,,,,,,,,,,,,,,,,,
5,INSP_VIN_MARK_SN,차대번호표기일련번호정보,MDFR_ID,수정자ID,VARCHAR,20,,SYS_USER.USER_ID,,,,,,,,,,,,,,,,,,,,,,,,,,,,,,,,,,,
6,INSP_VIN_MARK_SN,차대번호표기일련번호정보,MDFCN_DT,수정일시,DATETIME,,,,,,,,,,,,,,,,,,,,,,,,,,,,,,,,,,,,,,
1,INSP_VIN_MARK_MST,차대번호표기마스터정보,INSPST_CD,검사소코드,VARCHAR,7,Y,SYS_OFFC.OFFC_CD,Y,,,,,,,,,,,,,,,,,,,,,,,,,,,,,,,,,,
2,INSP_VIN_MARK_MST,차대번호표기마스터정보,MARK_APRV_YMD,표기승인일자,VARCHAR,8,Y,,Y,,,,,,,,,,,,,,,,,,,,,,,,,,,,,,,,,,
3,INSP_VIN_MARK_MST,차대번호표기마스터정보,MARK_APRV_SN,표기승인일련번호,VARCHAR,5,Y,,Y,,,,,,,,,,,,,,,,,,,,,,,,,,,,,,,,,,
4,INSP_VIN_MARK_MST,차대번호표기마스터정보,MARK_CMPTN_TERM_YMD,표기완료기한일자,VARCHAR,8,,,Y,,"보통 1개월,교통사고,도난 등 특수 3개월",,,,,,,,,,,,,,,,,,,,,,,,,,,,,,,,
5,INSP_VIN_MARK_MST,차대번호표기마스터정보,FRST_VIN,최초차대번호,VARCHAR,17,,,,,,,,,,,,,,,,,,,,,,,,,,,,,,,,,,,,,
6,INSP_VIN_MARK_MST,차대번호표기마스터정보,APLCNT_NM,신청자명,VARCHAR,50,,,,,,,,,,,,,,,,,,,,,,,,,,,,,,,,,,,,,
7,INSP_VIN_MARK_MST,차대번호표기마스터정보,APLCNT_TELNO,신청자전화번호,VARCHAR,13,,,,,,,,,,,,,,,,,,,,,,,,,,,,,,,,,,,,,
8,INSP_VIN_MARK_MST,차대번호표기마스터정보,MARK_APRV_TASK_CD,표기승인업무코드,VARCHAR,1,,SYS_CD_GRP.GRP_ID,Y,,GRP_ID= '301',,,,,,,,,,,,,,,,,,,,,,,,,,,,,,,,
9,INSP_VIN_MARK_MST,차대번호표기마스터정보,MARK_APRV_CD,표기승인코드,VARCHAR,1,,SYS_CD_GRP.GRP_ID,Y,,GRP_ID= '302',,,,,,,,,,,,,,,,,,,,,,,,,,,,,,,,
10,INSP_VIN_MARK_MST,차대번호표기마스터정보,MARK_APRV_DSCTN,표기승인내역,VARCHAR,255,,,Y,,MARK_ORD_CD가 기타 인 경우,,,,,,,,,,,,,,,,,,,,,,,,,,,,,,,,
11,INSP_VIN_MARK_MST,차대번호표기마스터정보,MKEX_CMPTN_YMD,표기시행완료일자,VARCHAR,8,,,,,,,,,,,,,,,,,,,,,,,,,,,,,,,,,,,,,
12,INSP_VIN_MARK_MST,차대번호표기마스터정보,VIN_MARK_SGN_CD,차대번호표기부호코드,VARCHAR,1,,SYS_CD_GRP.GRP_ID,,,GRP_ID= '303',,,,,,,,,,,,,,,,,,,,,,,,,,,,,,,,
13,INSP_VIN_MARK_MST,차대번호표기마스터정보,VHCL_CLSF_MARK_SGN_CD,자동차분류표기부호코드,VARCHAR,1,,SYS_CD_GRP.GRP_ID,,,GRP_ID= '304',,,,,,,,,,,,,,,,,,,,,,,,,,,,,,,,
14,INSP_VIN_MARK_MST,차대번호표기마스터정보,VHCL_USG_MARK_SGN_CD,자동차용도표기부호코드,VARCHAR,1,,SYS_CD_GRP.GRP_ID,,,GRP_ID= '305',,,,,,,,,,,,,,,,,,,,,,,,,,,,,,,,
15,INSP_VIN_MARK_MST,차대번호표기마스터정보,VHCL_TWGHT_MARK_SGN_CD,자동차중량표기부호코드,VARCHAR,1,,SYS_CD_GRP.GRP_ID,,,GRP_ID= '306',,,,,,,,,,,,,,,,,,,,,,,,,,,,,,,,
16,INSP_VIN_MARK_MST,차대번호표기마스터정보,GEAR_BX_SGN_CD,기어박스부호코드,VARCHAR,1,,SYS_CD_GRP.GRP_ID,,,GRP_ID= '307',,,,,,,,,,,,,,,,,,,,,,,,,,,,,,,,
17,INSP_VIN_MARK_MST,차대번호표기마스터정보,DSVLM_SGN_CD,배기량부호코드,VARCHAR,1,,SYS_CD_GRP.GRP_ID,,,GRP_ID= '308',,,,,,,,,,,,,,,,,,,,,,,,,,,,,,,,
18,INSP_VIN_MARK_MST,차대번호표기마스터정보,FUEL_KND_SGN_CD,연료종류부호코드,VARCHAR,1,,SYS_CD_GRP.GRP_ID,,,GRP_ID= '309',,,,,,,,,,,,,,,,,,,,,,,,,,,,,,,,
19,INSP_VIN_MARK_MST,차대번호표기마스터정보,MDL_YR_CD,모델연도코드,VARCHAR,1,,SYS_CD_GRP.GRP_ID,,,GRP_ID= '310',,,,,,,,,,,,,,,,,,,,,,,,,,,,,,,,
20,INSP_VIN_MARK_MST,차대번호표기마스터정보,MKEX_INSPST_SGN_CD,표기시행검사소부호코드,VARCHAR,2,,SYS_CD_GRP.GRP_ID,,,GRP_ID= '311',,,,,,,,,,,,,,,,,,,,,,,,,,,,,,,,
21,INSP_VIN_MARK_MST,차대번호표기마스터정보,BFR_VIN,이전차대번호,VARCHAR,17,,,,,,,,,,,,,,,,,,,,,,,,,,,,,,,,,,,,,
22,INSP_VIN_MARK_MST,차대번호표기마스터정보,AFTR_VIN,이후차대번호,VARCHAR,17,,,,,,,,,,,,,,,,,,,,,,,,,,,,,,,,,,,,,
23,INSP_VIN_MARK_MST,차대번호표기마스터정보,VIN_MARK_PSTN1,차대번호표기위치1,VARCHAR,1,,SYS_CD_GRP.GRP_ID,,,GRP_ID= '312',,,,,,,,,,,,,,,,,,,,,,,,,,,,,,,,
24,INSP_VIN_MARK_MST,차대번호표기마스터정보,VIN_MARK_PSTN2,차대번호표기위치2,VARCHAR,1,,SYS_CD_GRP.GRP_ID,,,GRP_ID= '313',,,,,,,,,,,,,,,,,,,,,,,,,,,,,,,,
25,INSP_VIN_MARK_MST,차대번호표기마스터정보,UUID,UUID,INT,,,SYS_FILE_MNG.UUID,,,TB_MARK_ORD_FILE[표기승인파일]은 파일관리 공통사용,,,,,,,,,,,,,,,,,,,,,,,,,,,,,,,,
26,INSP_VIN_MARK_MST,차대번호표기마스터정보,MKEX_INSPST_CD,표기시행검사소코드,VARCHAR,7,,INSP_RCPT_MST.INSPST_CD,,,,,,,,,,,,,,,,,,,,,,,,,,,,,,,,,,,
27,INSP_VIN_MARK_MST,차대번호표기마스터정보,MKEX_RCPT_YMD,표기시행접수일자,VARCHAR,8,,INSP_RCPT_MST.RCPT_YMD,,,,,,,,,,,,,,,,,,,,,,,,,,,,,,,,,,,
28,INSP_VIN_MARK_MST,차대번호표기마스터정보,MKEX_RCPT_SEQ,표기시행접수순서,VARCHAR,4,,INSP_RCPT_MST.RCPT_SEQ,,,,,,,,,,,,,,,,,,,,,,,,,,,,,,,,,,,
29,INSP_VIN_MARK_MST,차대번호표기마스터정보,USE_YN,사용여부,CHAR,1,,,,default 'Y',,,,,,,,,,,,,,,,,,,,,,,,,,,,,,,,,
30,INSP_VIN_MARK_MST,차대번호표기마스터정보,RGTR_ID,등록자ID,VARCHAR,20,,SYS_USER.USER_ID,,,,,,,,,,,,,,,,,,,,,,,,,,,,,,,,,,,
31,INSP_VIN_MARK_MST,차대번호표기마스터정보,REG_DT,등록일시,DATETIME,,,,,,,,,,,,,,,,,,,,,,,,,,,,,,,,,,,,,,
32,INSP_VIN_MARK_MST,차대번호표기마스터정보,MDFR_ID,수정자ID,VARCHAR,20,,SYS_USER.USER_ID,,,,,,,,,,,,,,,,,,,,,,,,,,,,,,,,,,,
33,INSP_VIN_MARK_MST,차대번호표기마스터정보,MDFCN_DT,수정일시,DATETIME,,,,,,,,,,,,,,,,,,,,,,,,,,,,,,,,,,,,,,
1,INSP_PRM_CRTR,검사허용기준정보,INSP_CRTR_CD,검사기준코드,VARCHAR,2,Y,SYS_CD_GRP.GRP_ID,,,"GRP_ID='339'
배출,매연,등화,브레이크",INS_STANDARD_TYPE.ID,,,,,,,,,,,,,,,,,,,,,,,,,,,,,,,
2,INSP_PRM_CRTR,검사허용기준정보,INSP_CRTR_DTL_CD,검사기준상세코드,VARCHAR,2,Y,SYS_CD_GRP.GRP_ID,,,GRP_ID='3XX',INS_STANDARD.ID,,,,,,,,,,,,,,,,,,,,,,,,,,,,,,,
3,INSP_PRM_CRTR,검사허용기준정보,FBCTN_BGNG_YMD,제작시작일자,VARCHAR,8,Y,,,,,,,,,,,,,,,,,,,,,,,,,,,,,,,,,,,,
4,INSP_PRM_CRTR,검사허용기준정보,FBCTN_END_YMD,제작종료일자,VARCHAR,8,Y,,,,,,,,,,,,,,,,,,,,,,,,,,,,,,,,,,,,
5,INSP_PRM_CRTR,검사허용기준정보,APLCN_BGNG_YMD,적용시작일자,VARCHAR,8,Y,,,,,,,,,,,,,,,,,,,,,,,,,,,,,,,,,,,,
6,INSP_PRM_CRTR,검사허용기준정보,APLCN_END_YMD,적용종료일자,VARCHAR,8,,,,,,,,,,,,,,,,,,,,,,,,,,,,,,,,,,,,,
7,INSP_PRM_CRTR,검사허용기준정보,INSP_CRTR_VL,검사기준값,DECIMAL,"10,2",,,,,,INS_STANDARD.STANDARD,,,,,,,,,,,,,,,,,,,,,,,,,,,,,,,
8,INSP_PRM_CRTR,검사허용기준정보,INSP_PRM_CRTR_NM,검사허용기준명,VARCHAR,100,,,,,,INS_STANDARD.NAME,,,,,,,,,,,,,,,,,,,,,,,,,,,,,,,
9,INSP_PRM_CRTR,검사허용기준정보,RGTR_ID,등록자ID,VARCHAR,20,,SYS_USER.USER_ID,,,,,,,,,,,,,,,,,,,,,,,,,,,,,,,,,,,
10,INSP_PRM_CRTR,검사허용기준정보,REG_DT,등록일시,DATETIME,,,,,,,,,,,,,,,,,,,,,,,,,,,,,,,,,,,,,,
11,INSP_PRM_CRTR,검사허용기준정보,MDFR_ID,수정자ID,VARCHAR,20,,SYS_USER.USER_ID,,,,,,,,,,,,,,,,,,,,,,,,,,,,,,,,,,,
12,INSP_PRM_CRTR,검사허용기준정보,MDFCN_DT,수정일시,DATETIME,,,,,,,,,,,,,,,,,,,,,,,,,,,,,,,,,,,,,,
1,TMPR_VHCL_SPEC,임시제원정보,TMPR_SPEC_ID,임시제원ID,BIGINT,,Y,,Y,AUTO_INCREMEN,,,,,,,,,,,,,,,,,,,,,,,,,,,,,,,,,
2,TMPR_VHCL_SPEC,임시제원정보,SPEC_VIN,제원차대번호,VARCHAR,17,,,,,"차대번호 앞자리(5,7)",,,,,,,,,,,,,,,,,,,,,,,,,,,,,,,,
3,TMPR_VHCL_SPEC,임시제원정보,MDL_ID,모델ID,BIGINT,,,REG_VHCL_MDL.MDL_ID,,,,,REG_MODEL.ID,,,,,,,,,,,,,,,,,,,,,,,,,,,,,,
4,TMPR_VHCL_SPEC,임시제원정보,MDL_NM,모델명,VARCHAR,100,,,,,,,,,,,,,,,,,,,,,,,,,,,,,,,,,,,,,
5,TMPR_VHCL_SPEC,임시제원정보,INI_MNFCTR_CD,최초제작사코드,VARCHAR,8,,REG_VHCL_MNFCTR.MNFCTR_CD,,,,,,,,,,,,,,,,,,,,,,,,,,,,,,,,,,,
6,TMPR_VHCL_SPEC,임시제원정보,INI_MNFCTR_NM,최초제작사명,VARCHAR,100,,,,,,,,,,,,,,,,,,,,,,,,,,,,,,,,,,,,,
7,TMPR_VHCL_SPEC,임시제원정보,VHCL_TYPE_ID,자동차유형ID,BIGINT,,,REG_VHCL_TYPE.VHCL_TYPE_ID,,,,,REG_VEHICLE_TYPE.ID,,,,,,,,,,,,,,,,,,,,,,,,,,,,,,
8,TMPR_VHCL_SPEC,임시제원정보,VHCL_TYPE_NM,자동차유형명,VARCHAR,100,,,,,,,,,,,,,,,,,,,,,,,,,,,,,,,,,,,,,
9,TMPR_VHCL_SPEC,임시제원정보,USG_CD,용도코드,VARCHAR,1,,SYS_CD_GRP.GRP_ID,,,GRP_ID='034',,,,,,,,,,,,,,,,,,,,,,,,,,,,,,,,
10,TMPR_VHCL_SPEC,임시제원정보,USG_NM,용도명,VARCHAR,100,,,,,,,,,,,,,,,,,,,,,,,,,,,,,,,,,,,,,
11,TMPR_VHCL_SPEC,임시제원정보,CLSF_CD,분류코드,VARCHAR,1,,SYS_CD_GRP.GRP_ID,,,GRP_ID='002',,"REF_GENERAL.ID
REF_GENERAL_TYPE=2",,,,,,,,,,,,,,,,,,,,,,,,,,,,,,
12,TMPR_VHCL_SPEC,임시제원정보,GEAR_BX_SGN_CD,기어박스부호코드,VARCHAR,1,,SYS_CD_GRP.GRP_ID,,,GRP_ID='307',,,,,,,,,,,,,,,,,,,,,,,,,,,,,,,,
13,TMPR_VHCL_SPEC,임시제원정보,AXL_CNT,차축수,INT,,,,,,최대: 1자리,,,,,,,,,,,,,,,,,,,,,,,,,,,,,,,,
14,TMPR_VHCL_SPEC,임시제원정보,TWGHT,총중량,INT,,,,,,최대: 7자리 (kg),,,,,,,,,,,,,,,,,,,,,,,,,,,,,,,,
15,TMPR_VHCL_SPEC,임시제원정보,SEAT_CNT,좌석수,INT,,,,,,최대: 3자리,,,,,,,,,,,,,,,,,,,,,,,,,,,,,,,,
16,TMPR_VHCL_SPEC,임시제원정보,DOOR_CNT,문수,INT,,,,,,최대: 1자리,,,,,,,,,,,,,,,,,,,,,,,,,,,,,,,,
17,TMPR_VHCL_SPEC,임시제원정보,MXLDC,최대적재용량,INT,,,,,,최대: 7자리 (kg),,,,,,,,,,,,,,,,,,,,,,,,,,,,,,,,
18,TMPR_VHCL_SPEC,임시제원정보,WGHT,중량,INT,,,,,,최대: 7자리 (kg),,,,,,,,,,,,,,,,,,,,,,,,,,,,,,,,
19,TMPR_VHCL_SPEC,임시제원정보,HGT,높이,INT,,,,,,최대: 7자리  (cm),,,,,,,,,,,,,,,,,,,,,,,,,,,,,,,,
20,TMPR_VHCL_SPEC,임시제원정보,WDTH,가로,INT,,,,,,최대: 7자리 (cm),,,,,,,,,,,,,,,,,,,,,,,,,,,,,,,,
21,TMPR_VHCL_SPEC,임시제원정보,LEN,길이,INT,,,,,,최대: 7자리 (cm),,,,,,,,,,,,,,,,,,,,,,,,,,,,,,,,
22,TMPR_VHCL_SPEC,임시제원정보,VHCL_NM,자동차명,VARCHAR,100,,,,,,,,,,,,,,,,,,,,,,,,,,,,,,,,,,,,,
23,TMPR_VHCL_SPEC,임시제원정보,HYBRD_YN,하이브리드여부,CHAR,1,,,,default 'N',,,,,,,,,,,,,,,,,,,,,,,,,,,,,,,,,
24,TMPR_VHCL_SPEC,임시제원정보,ENGN_MDL_ID,엔진모델ID,BIGINT,,,REG_VHCL_ENGN_MDL.ENGN_MDL_ID,,,,,REF_ENGINE_MODEL.ID,,,,,,,,,,,,,,,,,,,,,,,,,,,,,,
25,TMPR_VHCL_SPEC,임시제원정보,ENGN_MDL_NM,엔진모델명,VARCHAR,100,,,,,,,,,,,,,,,,,,,,,,,,,,,,,,,,,,,,,
26,TMPR_VHCL_SPEC,임시제원정보,STWHL_PSTN_CD,운전대위치코드,VARCHAR,1,,SYS_CD_GRP.GRP_ID,,,GRP_ID='003',,"REF_GENERAL.REF_TYPE=3
REF_GENERAL.ID",,,,,,,,,,,,,,,,,,,,,,,,,,,,,,
27,TMPR_VHCL_SPEC,임시제원정보,DRV_MTH_CD,구동방식코드,VARCHAR,2,,SYS_CD_GRP.GRP_ID,,,GRP_ID= '005' (스티어링유형),,"REF_GENERAL.ID
REF_GENERAL.REF_TYPE=5",,,,,,,,,,,,,,,,,,,,,,,,,,,,,,
28,TMPR_VHCL_SPEC,임시제원정보,MDL_YR_SYMBL_CD,모델연도기호코드,VARCHAR,4,,SYS_CD_GRP.GRP_ID,,,GRP_ID='310',,,,,,,,,,,,,,,,,,,,,,,,,,,,,,,,
29,TMPR_VHCL_SPEC,임시제원정보,INSPST_CD,검사소코드,VARCHAR,7,,INSP_RCPT_MST.INSPST_CD,,,,,,,,,,,,,,,,,,,,,,,,,,,,,,,,,,,
30,TMPR_VHCL_SPEC,임시제원정보,RCPT_YMD,접수일자,VARCHAR,8,,INSP_RCPT_MST.RCPT_YMD,,,,,,,,,,,,,,,,,,,,,,,,,,,,,,,,,,,
31,TMPR_VHCL_SPEC,임시제원정보,RCPT_SEQ,접수순서,VARCHAR,4,,INSP_RCPT_MST.RCPT_SEQ,,,,,,,,,,,,,,,,,,,,,,,,,,,,,,,,,,,
32,TMPR_VHCL_SPEC,임시제원정보,USE_YN,사용여부,CHAR,1,,,,default 'Y',,,,,,,,,,,,,,,,,,,,,,,,,,,,,,,,,
33,TMPR_VHCL_SPEC,임시제원정보,RGTR_ID,등록자ID,VARCHAR,20,,SYS_USER.USER_ID,,,,,SYSTEM_USER.ID,,,,,,,,,,,,,,,,,,,,,,,,,,,,,,
34,TMPR_VHCL_SPEC,임시제원정보,REG_DT,등록일시,DATETIME,,,,,default NOW(),,,,,,,,,,,,,,,,,,,,,,,,,,,,,,,,,
35,TMPR_VHCL_SPEC,임시제원정보,MDFR_ID,수정자ID,VARCHAR,20,,SYS_USER.USER_ID,,,,,SYSTEM_USER.ID,,,,,,,,,,,,,,,,,,,,,,,,,,,,,,
36,TMPR_VHCL_SPEC,임시제원정보,MDFCN_DT,수정일시,DATETIME,,,,,,,,,,,,,,,,,,,,,,,,,,,,,,,,,,,,,,
1,INSP_RCPT_MST,검사접수마스터정보,INSPST_CD,검사소코드,VARCHAR,7,Y,SYS_OFFC.OFFC_CD,Y,,"화면에 표시시 접수부서코드-접수일자-접수순서
예)0001-20260102-0001",INS_INSPRESULT.BRANCH_ID,,,,,,,,,,,,,,,,,,,,,,,,,,,,,,,
2,INSP_RCPT_MST,검사접수마스터정보,RCPT_YMD,접수일자,VARCHAR,8,Y,,Y,,,,,,,,,,,,,,,,,,,,,,,,,,,,,,,,,,
3,INSP_RCPT_MST,검사접수마스터정보,RCPT_SEQ,접수순서,VARCHAR,4,Y,,Y,,0001 부터 시작,,,,,,,,,,,,,,,,,,,,,,,,,,,,,,,,
4,INSP_RCPT_MST,검사접수마스터정보,VHRNO,자동차등록번호,VARCHAR,7,,,,,,INS_INSPRESULT.PLATENO,,,,,,,,,,,,,,,,,,,,,,,,,,,,,,,
5,INSP_RCPT_MST,검사접수마스터정보,VIN,차대번호,VARCHAR,17,,,,,,INS_INSPRESULT.CHASSISNO,,,,,,,,,,,,,,,,,,,,,,,,,,,,,,,
6,INSP_RCPT_MST,검사접수마스터정보,FRST_VIN,최초차대번호,VARCHAR,17,,,,,,INS_INSPRESULT.VEHICLE_ID,,,,,,,,,,,,,,,,,,,,,,,,,,,,,,,
7,INSP_RCPT_MST,검사접수마스터정보,OWNR_UNQ_NO,소유자고유번호,VARCHAR,24,,,,,"암호화
신규검사 시 못들어감",INS_INSPRESULT.OWNERREGNO,,,,,,,,,,,,,,,,,,,,,,,,,,,,,,,
8,INSP_RCPT_MST,검사접수마스터정보,USER_UNQ_NO,사용자고유번호,VARCHAR,24,,,,,신규검사 시 못들어감,,,,,,,,,,,,,,,,,,,,,,,,,,,,,,,,
9,INSP_RCPT_MST,검사접수마스터정보,APLCNT_UNQ_NO,신청자고유번호,VARCHAR,24,,,,,,INS_INSPRESULT.INSP_REG_NO,,,,,,,,,,,,,,,,,,,,,,,,,,,,,,,
10,INSP_RCPT_MST,검사접수마스터정보,APLCNT_TELNO,신청자전화번호,VARCHAR,13,,,,,,INS_INSPRESULT.INSP_MOBILE_NUM,,,,,,,,,,,,,,,,,,,,,,,,,,,,,,,
11,INSP_RCPT_MST,검사접수마스터정보,INSP_SE_CD,검사구분코드,VARCHAR,2,,SYS_CD_GRP.GRP_ID,,,GRP_ID= '299',INS_INSPRESULT.SERVICE_ID,,,,,,,,,,,,,,,,,,,,,,,,,,,,,,,
12,INSP_RCPT_MST,검사접수마스터정보,INSP_SE_DTL_CD,검사구분상세코드,VARCHAR,2,,SYS_CD_GRP.GRP_ID,,,GRP_ID= '300',,,,,,,,,,,,,,,,,,,,,,,,,,,,,,,,
13,INSP_RCPT_MST,검사접수마스터정보,SPEC_ID,제원ID,BIGINT,,,REG_VHCL_SPEC.SPEC_ID,,,,,,,,,,,,,,,,,,,,,,,,,,,,,,,,,,,
14,INSP_RCPT_MST,검사접수마스터정보,ENGN_MDL_ID,엔진모델ID,BIGINT,,,REG_VHCL_ENGN_MDL.ENGN_MDL_ID,,,코드가 아닌 명이 들어가 있음 (확인),INS_INSPRESULT.ENGINENO,,,,,,,,,,,,,,,,,,,,,,,,,,,,,,,
15,INSP_RCPT_MST,검사접수마스터정보,VHCL_COLR_TYPE_CD,자동차색상타입코드,VARCHAR,1,,SYS_CD_GRP.GRP_ID,,,GRP_ID= '013',,,,,,,,,,,,,,,,,,,,,,,,,,,,,,,,
16,INSP_RCPT_MST,검사접수마스터정보,VHCL_COLR_CD,자동차색상코드,VARCHAR,4,,SYS_CD_GRP.GRP_ID,,,GRP_ID= '014',INS_INSPRESULT.COLOR,색상ID가 아닌 NAME으로 입력되어 있음,,,,,,,,,,,,,,,,,,,,,,,,,,,,,,
17,INSP_RCPT_MST,검사접수마스터정보,MNFTR_YR,제조년도,VARCHAR,4,,,,,,INS_INSPRESULT.MANUFACTUREDYEAR,,,,,,,,,,,,,,,,,,,,,,,,,,,,,,,
18,INSP_RCPT_MST,검사접수마스터정보,VHCL_INCM_YMD,자동차수입일자,VARCHAR,8,,,,,,,,,,,,,,,,,,,,,,,,,,,,,,,,,,,,,
19,INSP_RCPT_MST,검사접수마스터정보,INCM_DCLR_NO,수입신고번호,VARCHAR,17,,,,,,,,,,,,,,,,,,,,,,,,,,,,,,,,,,,,,
20,INSP_RCPT_MST,검사접수마스터정보,MNFCTR_CD,제작사코드,VARCHAR,8,,REG_VHCL_MNFCTR.MNFCTR_CD,,,코드가 아닌 명이 들어가 있음,INS_INSPRESULT.MARK,,,,,,,,,,,,,,,,,,,,,,,,,,,,,,,
21,INSP_RCPT_MST,검사접수마스터정보,MDL_ID,모델ID,BIGINT,,,REG_VHCL_MDL.MDL_ID,,,"명으로 들어가 있음 예) Prius - XW20 이렇게 되어 있는지 모르것음
여기 컬럼 코드로 못할수 있음 ",INS_INSPRESULT.MODEL,,,,,,,,,,,,,,,,,,,,,,,,,,,,,,,
22,INSP_RCPT_MST,검사접수마스터정보,DSTDRV,주행거리,NUMBER,7,,,,,,INS_INSPRESULT.ODOMETER,,,,,,,,,,,,,,,,,,,,,,,,,,,,,,,
23,INSP_RCPT_MST,검사접수마스터정보,AXL_CNT,차축수,INT,,,,,,,INS_INSPRESULT.NUMBEROFAXLES,,,,,,,,,,,,,,,,,,,,,,,,,,,,,,,
24,INSP_RCPT_MST,검사접수마스터정보,BULB_TYPE,전구유형,VARCHAR,1,,,,,?,INS_INSPRESULT.LAMPTYPE,,,,,,,,,,,,,,,,,,,,,,,,,,,,,,,
25,INSP_RCPT_MST,검사접수마스터정보,TWGHT,총중량,INT,,,,,,,INS_INSPRESULT.TOTALWEIGHT,,,,,,,,,,,,,,,,,,,,,,,,,,,,,,,
26,INSP_RCPT_MST,검사접수마스터정보,ECFRD_CRTF_DT,친환경인증서일시,DATETIME,,,,,,,INS_INSPRESULT.CERT_DATE,,,,,,,,,,,,,,,,,,,,,,,,,,,,,,,
27,INSP_RCPT_MST,검사접수마스터정보,ECFRD_CRTF_NO,친환경인증서번호,VARCHAR,50,,,,,,INS_INSPRESULT.CERT_NO,,,,,,,,,,,,,,,,,,,,,,,,,,,,,,,
28,INSP_RCPT_MST,검사접수마스터정보,ECFRD_CRTF_YN,친환경인증서여부,CHAR,1,,,,,"0,1  Эко наалт эсэх  , 그냥 눈으로 확인 하는듯 스티커 ?",INS_INSPRESULT.CERT_TYPE,,,,,,,,,,,,,,,,,,,,,,,,,,,,,,,
29,INSP_RCPT_MST,검사접수마스터정보,EXTR_FAL_YN,육안불합격여부,CHAR,1,,,,,예측)HAND,INS_INSPRESULT.FAILEDAPPEARANCE,,,,,,,,,,,,,,,,,,,,,,,,,,,,,,,
30,INSP_RCPT_MST,검사접수마스터정보,BRKG_FAL_YN,제동불합격여부,CHAR,1,,,,,"예측)BRAKE,BRAKEPARK,DECELEROMETER,OTHER(답력),WHEEL",INS_INSPRESULT.FAILEDBRAKE,,,,,,,,,,,,,,,,,,,,,,,,,,,,,,,
31,INSP_RCPT_MST,검사접수마스터정보,EMSN_GAS_FAL_YN,배출가스불합격여부,CHAR,1,,,,,"예측)DIESEL,GAS",INS_INSPRESULT.FAILEDEMISSION,,,,,,,,,,,,,,,,,,,,,,,,,,,,,,,
32,INSP_RCPT_MST,검사접수마스터정보,GNRL_FAL_YN,일반불합격여부,CHAR,1,,,,,,INS_INSPRESULT.FAILEDGENERAL,,,,,,,,,,,,,,,,,,,,,,,,,,,,,,,
33,INSP_RCPT_MST,검사접수마스터정보,LMP_FAL_YN,등화불합격여부,CHAR,1,,,,,예측)LIGHT,INS_INSPRESULT.FAILEDLIGHT,,,,,,,,,,,,,,,,,,,,,,,,,,,,,,,
34,INSP_RCPT_MST,검사접수마스터정보,NOISE_FAL_YN,소음불합격여부,CHAR,1,,,,,예측)NOISE,INS_INSPRESULT.FAILEDNOISE,,,,,,,,,,,,,,,,,,,,,,,,,,,,,,,
35,INSP_RCPT_MST,검사접수마스터정보,STRG_FAL_YN,조향불합격여부,CHAR,1,,,,,"예측)ALIGNMENT,OTHER(핸들유격),",INS_INSPRESULT.FAILEDSTEERING,,,,,,,,,,,,,,,,,,,,,,,,,,,,,,,
36,INSP_RCPT_MST,검사접수마스터정보,ETC_INSP_FAL_YN,기타검사불합격여부,CHAR,1,,,,,"기타검사:내압용기,택시미터",,,,,,,,,,,,,,,,,,,,,,,,,,,,,,,,
37,INSP_RCPT_MST,검사접수마스터정보,TSTR_ID,검사자ID,VARCHAR,20,,SYS_USER.USER_ID,,,,INS_INSPRESULT.USER_ID,,,,,,,,,,,,,,,,,,,,,,,,,,,,,,,
38,INSP_RCPT_MST,검사접수마스터정보,RMK,특이사항,VARCHAR,1000,,,,,,INS_INSPRESULT.SPECIAL_NOTE,,,,,,,,,,,,,,,,,,,,,,,,,,,,,,,
39,INSP_RCPT_MST,검사접수마스터정보,OFLN_INSP_YN,오프라인검사여부,CHAR,1,,,,,,,,,,,,,,,,,,,,,,,,,,,,,,,,,,,,,
40,INSP_RCPT_MST,검사접수마스터정보,INSP_BGNG_YN,검사시작여부,CHAR,1,,,,default 'N',,,,,,,,,,,,,,,,,,,,,,,,,,,,,,,,,
41,INSP_RCPT_MST,검사접수마스터정보,LAST_INSP_YN,최종검사여부,CHAR,1,,,,,,INS_INSPRESULT.IS_LAST_INSP,,,,,,,,,,,,,,,,,,,,,,,,,,,,,,,
42,INSP_RCPT_MST,검사접수마스터정보,BRNCH_PRM_YN,타지점허용여부,CHAR,1,,,,,,INS_INSPRESULT.IS_OTHER_BRANCH,,,,,,,,,,,,,,,,,,,,,,,,,,,,,,,
43,INSP_RCPT_MST,검사접수마스터정보,TRNSF_YN,이관여부,CHAR,1,,,,,,INS_INSPRESULT.IS_TRANS,,,,,,,,,,,,,,,,,,,,,,,,,,,,,,,
44,INSP_RCPT_MST,검사접수마스터정보,BKDN_VHCL_YN,고장차량여부,CHAR,1,,,,,,INS_INSPRESULT.IS_VEHICLE_BREAK,,,,,,,,,,,,,,,,,,,,,,,,,,,,,,,
45,INSP_RCPT_MST,검사접수마스터정보,NEW_VHCL_YN,신규자동차여부,CHAR,1,,,,,,INS_INSPRESULT.IS_VEHICLE_NEW,,,,,,,,,,,,,,,,,,,,,,,,,,,,,,,
46,INSP_RCPT_MST,검사접수마스터정보,FRST_INSP_YN,최초검사여부,CHAR,1,,,,,,INS_INSPRESULT.ISFIRSTINSP,,,,,,,,,,,,,,,,,,,,,,,,,,,,,,,
47,INSP_RCPT_MST,검사접수마스터정보,ILM_YN,조도계여부,CHAR,1,,,,,조도계(Lux),INS_INSPRESULT.ISLUX,,,,,,,,,,,,,,,,,,,,,,,,,,,,,,,
48,INSP_RCPT_MST,검사접수마스터정보,RNSP_EXPRY_YMD,재검사만료일자,VARCHAR,8,,,,,,INS_INSPRESULT.DATEAGAIN,,,,,,,,,,,,,,,,,,,,,,,,,,,,,,,
49,INSP_RCPT_MST,검사접수마스터정보,INSP_CMPTN_YMD,검사완료일자,VARCHAR,8,,,,,,INS_INSPRESULT.DATEINSPAPPR,,,,,,,,,,,,,,,,,,,,,,,,,,,,,,,
50,INSP_RCPT_MST,검사접수마스터정보,INSP_SRVC_CD,검사서비스코드,VARCHAR,3,,WEB_INSP_SRVC_RSVT_MST.INSP_SRVC_CD,,,예약접수번호,,,,,,,,,,,,,,,,,,,,,,,,,,,,,,,,
51,INSP_RCPT_MST,검사접수마스터정보,INSP_RSVT_APLY_YMD,검사예약신청일자,VARCHAR,8,,WEB_INSP_SRVC_RSVT_MST.INSP_RSVT_APLY_YMD,,,예약접수번호,,,,,,,,,,,,,,,,,,,,,,,,,,,,,,,,
52,INSP_RCPT_MST,검사접수마스터정보,INSP_RSVT_APLY_SN,검사예약신청일련번호,VARCHAR,4,,WEB_INSP_SRVC_RSVT_MST.INSP_RSVT_APLY_SN,,,예약접수번호,,,,,,,,,,,,,,,,,,,,,,,,,,,,,,,,
53,INSP_RCPT_MST,검사접수마스터정보,APRV_INSPST_CD,승인검사소코드,VARCHAR,7,,"INSP_TUN_MST.INSPST_CD
INSP_MARK_ORD_MST.INSPST_CD",,,"검사구분에 따라
튜닝승인번호/표기승인번호",,,,,,,,,,,,,,,,,,,,,,,,,,,,,,,,
54,INSP_RCPT_MST,검사접수마스터정보,APRV_YMD,승인일자,VARCHAR,8,,"INSP_TUN_MST.TUN_APRV_YMD
INSP_MARK_ORD_MST.MARK_ORD_YMD",,,"검사구분에 따라
튜닝승인번호/표기승인번호",,,,,,,,,,,,,,,,,,,,,,,,,,,,,,,,
55,INSP_RCPT_MST,검사접수마스터정보,APRV_SN,승인일련번호,VARCHAR,5,,"INSP_TUN_MST.TUN_APRV_SN
INSP_MARK_ORD_MST.MARK_ORD_SN",,,"검사구분에 따라
튜닝승인번호/표기승인번호",,,,,,,,,,,,,,,,,,,,,,,,,,,,,,,,
56,INSP_RCPT_MST,검사접수마스터정보,USE_YN,사용여부,CHAR,1,,,,default 'Y',,INS_INSPRESULT.STATUS,,,,,,,,,,,,,,,,,,,,,,,,,,,,,,,
57,INSP_RCPT_MST,검사접수마스터정보,RGTR_ID,등록자ID,VARCHAR,20,,SYS_USER.USER_ID,,,,,,,,,,,,,,,,,,,,,,,,,,,,,,,,,,,
58,INSP_RCPT_MST,검사접수마스터정보,REG_DT,등록일시,DATETIME,,,,,,,,,,,,,,,,,,,,,,,,,,,,,,,,,,,,,,
59,INSP_RCPT_MST,검사접수마스터정보,MDFR_ID,수정자ID,VARCHAR,20,,SYS_USER.USER_ID,,,,,,,,,,,,,,,,,,,,,,,,,,,,,,,,,,,
60,INSP_RCPT_MST,검사접수마스터정보,MDFCN_DT,수정일시,DATETIME,,,,,,,,,,,,,,,,,,,,,,,,,,,,,,,,,,,,,,
1,INSP_RCPT_STLM_DTL,검사접수결제상세정보,INSPST_CD,검사소코드,VARCHAR,7,Y,INSP_RCPT_MST.INSPST_CD,Y,,,,,,,,,,,,,,,,,,,,,,,,,,,,,,,,,,
2,INSP_RCPT_STLM_DTL,검사접수결제상세정보,RCPT_YMD,접수일자,VARCHAR,8,Y,INSP_RCPT_MST.RCPT_YMD,Y,,,,,,,,,,,,,,,,,,,,,,,,,,,,,,,,,,
3,INSP_RCPT_STLM_DTL,검사접수결제상세정보,RCPT_SEQ,접수순서,VARCHAR,4,Y,INSP_RCPT_MST.RCPT_SEQ,Y,,,,,,,,,,,,,,,,,,,,,,,,,,,,,,,,,,
4,INSP_RCPT_STLM_DTL,검사접수결제상세정보,STLM_TYPE_CD,결제유형코드,VARCHAR,1,,SYS_CD_GRP.GRP_ID,,,GRP_ID='314',,,,,,,,,,,,,,,,,,,,,,,,,,,,,,,,
5,INSP_RCPT_STLM_DTL,검사접수결제상세정보,FEE_CD,수수료코드,VARCHAR,6,,INSP_SRVC.FEE_CD,,,,,,,,,,,,,,,,,,,,,,,,,,,,,,,,,,,
6,INSP_RCPT_STLM_DTL,검사접수결제상세정보,GRAMT,총금액,BIGINT,,,,,,,INS_INSPRESULT.TOTAL_AMOUNT,,,,,,,,,,,,,,,,,,,,,,,,,,,,,,,
7,INSP_RCPT_STLM_DTL,검사접수결제상세정보,VAT_AMT,부가세금액,BIGINT,,,,,,,INS_INSPRESULT.VAT_AMOUNT,,,,,,,,,,,,,,,,,,,,,,,,,,,,,,,
8,INSP_RCPT_STLM_DTL,검사접수결제상세정보,FEE_EXMPTN_YN,수수료면제여부,CHAR,1,,,,default 'N',,,,,,,,,,,,,,,,,,,,,,,,,,,,,,,,,
9,INSP_RCPT_STLM_DTL,검사접수결제상세정보,FEE_EXMPTN_RSN,수수료면제사유,VARCHAR,1000,,,,,,,,,,,,,,,,,,,,,,,,,,,,,,,,,,,,,
10,INSP_RCPT_STLM_DTL,검사접수결제상세정보,USE_YN,사용여부,CHAR,1,,,,default 'Y',,INS_INSPRESULT.STATUS,,,,,,,,,,,,,,,,,,,,,,,,,,,,,,,
11,INSP_RCPT_STLM_DTL,검사접수결제상세정보,RGTR_ID,등록자ID,VARCHAR,20,,SYS_USER.USER_ID,,,,,,,,,,,,,,,,,,,,,,,,,,,,,,,,,,,
12,INSP_RCPT_STLM_DTL,검사접수결제상세정보,REG_DT,등록일시,DATETIME,,,,,,,,,,,,,,,,,,,,,,,,,,,,,,,,,,,,,,
13,INSP_RCPT_STLM_DTL,검사접수결제상세정보,MDFR_ID,수정자ID,VARCHAR,20,,SYS_USER.USER_ID,,,,,,,,,,,,,,,,,,,,,,,,,,,,,,,,,,,
14,INSP_RCPT_STLM_DTL,검사접수결제상세정보,MDFCN_DT,수정일시,DATETIME,,,,,,,,,,,,,,,,,,,,,,,,,,,,,,,,,,,,,,
1,INSP_EXTR_FAL,육안불합격정보,INSPST_CD,검사소코드,VARCHAR,7,Y,INSP_RCPT_MST.INSPST_CD,Y,,,,,,,,,,,,,,,,,,,,,,,,,,,,,,,,,,
2,INSP_EXTR_FAL,육안불합격정보,RCPT_YMD,접수일자,VARCHAR,8,Y,INSP_RCPT_MST.RCPT_YMD,Y,,,,,,,,,,,,,,,,,,,,,,,,,,,,,,,,,,
3,INSP_EXTR_FAL,육안불합격정보,RCPT_SEQ,접수순서,VARCHAR,4,Y,INSP_RCPT_MST.RCPT_SEQ,Y,,,,,,,,,,,,,,,,,,,,,,,,,,,,,,,,,,
4,INSP_EXTR_FAL,육안불합격정보,FAL_CD,불합격코드,VARCHAR,4,Y,SYS_CD_GRP.GRP_ID,Y,,"GRP_ID='328'
MNS5011을 확인 하여 코드 테이블에 추가 한다.","INS_INSPECTION.bballoon 에어탱크
INS_INSPECTION.bbox 적재함
INS_INSPECTION.bccylinder 브레이크실린더
INS_INSPECTION.bchose 브레이크호스
INS_INSPECTION.bclining 브레이크라이닝
INS_INSPECTION.bcother 기타(제동장치)
INS_INSPECTION.bpedal 브레이크페달
INS_INSPECTION.btire 타이어(제동)
INS_INSPECTION.bvacuum 진공/기밀성
INS_INSPECTION.bwairbag 에어백
INS_INSPECTION.bwbodycolumn 차체기둥(필러)
INS_INSPECTION.bwbodymain 차체본체
INS_INSPECTION.bwbumper 범퍼
INS_INSPECTION.bwcabinnoise 실내소음
INS_INSPECTION.bwchassis 섀시
INS_INSPECTION.bwdoorfloor 도어/바닥
INS_INSPECTION.bwdoorhinge 도어힌지
INS_INSPECTION.bwdoorlock 도어잠금장치
INS_INSPECTION.bwemergencyexit 비상구
INS_INSPECTION.bwfabricchange 구조변경
INS_INSPECTION.bwfootstep 발판/손잡이
INS_INSPECTION.bwgrade 접이식계단
INS_INSPECTION.bwmirror 백미러
INS_INSPECTION.bworkbrake 서비스브레이크
INS_INSPECTION.bwother 기타(차체)
INS_INSPECTION.bwstd 차체표준준수
INS_INSPECTION.bwtower 견인장치
INS_INSPECTION.bwtrailersteel 트레일러연결부
INS_INSPECTION.bwwscreening 머드가드
INS_INSPECTION.ccoutside 외관상태
INS_INSPECTION.cehorn 경음기
INS_INSPECTION.celampcord 전구소켓/배선
INS_INSPECTION.ceother 기타(전기)
INS_INSPECTION.cibelthandle 안전벨트
INS_INSPECTION.ciexitaid 문(도어)
INS_INSPECTION.ciextenguisher 소화기
INS_INSPECTION.ciheatventapp 성에제거장치
INS_INSPECTION.cihold 시트고정부
INS_INSPECTION.ciother 기타(실내)
INS_INSPECTION.ciseat 좌석등받이
INS_INSPECTION.cismeter 속도계
INS_INSPECTION.ciwasher 워셔액분사기
INS_INSPECTION.ciwindow 후면유리
INS_INSPECTION.ciwinshield 전면유리상태
INS_INSPECTION.ciwiper 와이퍼상태
INS_INSPECTION.ctcardanjoint 추진축(샤프트)
INS_INSPECTION.ctclutch 클러치
INS_INSPECTION.ctgenhose 일반변속부품
INS_INSPECTION.ctgselector 기어변속레버
INS_INSPECTION.ctrgear 기어
INS_INSPECTION.cttraprubber 페달고무
INS_INSPECTION.ecoballoon 가스통(실린더)
INS_INSPECTION.ecokatalizator 촉매장치
INS_INSPECTION.ecostd 배출가스표준
INS_INSPECTION.ecosupplysystem 연료기밀성
INS_INSPECTION.edrivebelt 구동벨트
INS_INSPECTION.eeabs ABS상태
INS_INSPECTION.eebattery 배터리상태
INS_INSPECTION.eebody 엔진룸차체
INS_INSPECTION.eebrakefluid 브레이크액
INS_INSPECTION.eebrakepipe 브레이크파이프
INS_INSPECTION.eemascyl 마스터실린더
INS_INSPECTION.eeother 기타(엔진룸)
INS_INSPECTION.eepowbrake 브레이크부스터
INS_INSPECTION.eesteeringgear 스티어링기어
INS_INSPECTION.eewire 배선상태
INS_INSPECTION.epanelgauge 계기판표시
INS_INSPECTION.estart 시동장치
INS_INSPECTION.esupplysystem 연료공급시스템
INS_INSPECTION.etaxle 차축(Axle)
INS_INSPECTION.etengine 엔진상태
INS_INSPECTION.etexhaust 배기파이프
INS_INSPECTION.etfhose 엔진마운트
INS_INSPECTION.etgearbox 변속기(미션)
INS_INSPECTION.etgoods 소모품상태
INS_INSPECTION.ethydrosystem 유압시스템
INS_INSPECTION.etoilout 오일누유
INS_INSPECTION.etother 기타(하체)
INS_INSPECTION.ettank 연료탱크
INS_INSPECTION.etventilation 냉각시스템
INS_INSPECTION.lbatteryhold 배터리거치대
INS_INSPECTION.lbatteryliquid 배터리전해액
INS_INSPECTION.lcover 라이트커버
INS_INSPECTION.lfuelgauge 연료게이지
INS_INSPECTION.lhead 상향등표시등
INS_INSPECTION.lledlight LED라이트
INS_INSPECTION.llighting 조명상태
INS_INSPECTION.lmirror 반사경
INS_INSPECTION.lnooemhorn 전면 거울
INS_INSPECTION.lodometer 주행거리계
INS_INSPECTION.lpanel 대시보드 조명
INS_INSPECTION.lpbrakelamp 좌측제동등
INS_INSPECTION.lpbrakelampr 우측제동등
INS_INSPECTION.lpcontrollamp 좌측비상등
INS_INSPECTION.lpcontrollampr 우측비상등
INS_INSPECTION.lpheadlamp 좌측전조등
INS_INSPECTION.lpheadlampr 우측전조등
INS_INSPECTION.lpnolamp 좌측번호판등
INS_INSPECTION.lpnolampr 우측번호판등
INS_INSPECTION.lpother 기타등화
INS_INSPECTION.lprearlamp 좌측후진등
INS_INSPECTION.lprearlampr 우측후진등
INS_INSPECTION.lpreflexes 좌측반사판
INS_INSPECTION.lpreflexesr 우측반사판
INS_INSPECTION.lpsignallight 좌측방향지시등
INS_INSPECTION.lpsignallightr 우측방향지시등
INS_INSPECTION.lpstoplight 좌측차폭등
INS_INSPECTION.lpstoplightr 우측차폭등
INS_INSPECTION.lsconnection 연결부위(링크)
INS_INSPECTION.lsfluidcan 파워스티어링오일통
INS_INSPECTION.lsfluidlevel 파워스티어링오일량
INS_INSPECTION.lsother 기타(조향)
INS_INSPECTION.lssgear 조향기어박스
INS_INSPECTION.lssteeringcontrol 조향핸들
INS_INSPECTION.lswbearing 스트럿/고정장치
INS_INSPECTION.lswitch 라이트스위치
INS_INSPECTION.ltachometer 타코미터(RPM)
INS_INSPECTION.r4410 표준규격(4410)
INS_INSPECTION.rchgcolor 색상변경여부
INS_INSPECTION.rcolor 차체색상불일치
INS_INSPECTION.rengmodel 엔진모델불일치
INS_INSPECTION.rengmodeltype 엔진타입불일치
INS_INSPECTION.rfakespare 모조부품사용
INS_INSPECTION.rfilm 썬팅규정위반
INS_INSPECTION.rmodel 차량모델불일치
INS_INSPECTION.rnochassisno 차대번호부식/훼손
INS_INSPECTION.rnowiper 와이퍼미장착
INS_INSPECTION.rodometer 주행거리계고장
INS_INSPECTION.rplateno 번호판식별불가
INS_INSPECTION.rplatenoblur 번호판흐림
INS_INSPECTION.rrviewmirror 룸미러
INS_INSPECTION.rseeing 시야확보
INS_INSPECTION.rwinframe 창틀(프레임)
INS_INSPECTION.rwinshiver 와이퍼워셔액
INS_INSPECTION.rwrongcert 서류불일치
INS_INSPECTION.seabsorber 쇼크업소버
INS_INSPECTION.sebodywork 차체본체(외관)
INS_INSPECTION.sechassis 차대프레임
INS_INSPECTION.seemergencysign 비상정지표지판
INS_INSPECTION.sefirstaidkit 구급상자
INS_INSPECTION.sehammer 비상망치
INS_INSPECTION.sehydraulicjack 잭(Jack)
INS_INSPECTION.semaximeter 미터기(택시)
INS_INSPECTION.seother 기타(안전)
INS_INSPECTION.serim 휠(림)
INS_INSPECTION.seroofsign 지붕표시등(택시)
INS_INSPECTION.sespring 스프링
INS_INSPECTION.sestire 스페어타이어
INS_INSPECTION.sesuspension 현가장치
INS_INSPECTION.setools 공구세트
INS_INSPECTION.sheadpiece 안전모
INS_INSPECTION.ssunshade 햇빛가리개
INS_INSPECTION.stdheight 차량높이
INS_INSPECTION.stdlength 차량길이
INS_INSPECTION.stdwidth 차량너비
INS_INSPECTION.stirepadding 고임목",,,,,,,,,,,,,,,,,,,,,,,,,,,,,,,
5,INSP_EXTR_FAL,육안불합격정보,FAL_TYPE_CD,불합격유형코드,VARCHAR,1,,SYS_CD_GRP.GRP_ID,Y,,GRP_ID='326',,,,,,,,,,,,,,,,,,,,,,,,,,,,,,,,
6,INSP_EXTR_FAL,육안불합격정보,RGTR_ID,등록자ID,VARCHAR,20,,SYS_USER.USER_ID,,,,,,,,,,,,,,,,,,,,,,,,,,,,,,,,,,,
7,INSP_EXTR_FAL,육안불합격정보,REG_DT,등록일시,DATETIME,,,,,,,,,,,,,,,,,,,,,,,,,,,,,,,,,,,,,,
8,INSP_EXTR_FAL,육안불합격정보,MDFR_ID,수정자ID,VARCHAR,20,,SYS_USER.USER_ID,,,,,,,,,,,,,,,,,,,,,,,,,,,,,,,,,,,
9,INSP_EXTR_FAL,육안불합격정보,MDFCN_DT,수정일시,DATETIME,,,,,,,,,,,,,,,,,,,,,,,,,,,,,,,,,,,,,,
1,INSP_BRK_MSRMT,브레이크측정정보,INSPST_CD,검사소코드,VARCHAR,7,Y,INSP_RCPT_MST.INSPST_CD,Y,,,INS_INSPECTION.ID,,,,,,,,,,,,,,,,,,,,,,,,,,,,,,,
2,INSP_BRK_MSRMT,브레이크측정정보,RCPT_YMD,접수일자,VARCHAR,8,Y,INSP_RCPT_MST.RCPT_YMD,Y,,,INS_INSPECTION.ID,,,,,,,,,,,,,,,,,,,,,,,,,,,,,,,
3,INSP_BRK_MSRMT,브레이크측정정보,RCPT_SEQ,접수순서,VARCHAR,4,Y,INSP_RCPT_MST.RCPT_SEQ,Y,,,INS_INSPECTION.ID,,,,,,,,,,,,,,,,,,,,,,,,,,,,,,,
4,INSP_BRK_MSRMT,브레이크측정정보,SFT_SN,축일련번호,INT,,Y,,Y,,"0 = 주차제동력
0이 아니면 제동력(축)",,,,,,,,,,,,,,,,,,,,,,,,,,,,,,,,
5,INSP_BRK_MSRMT,브레이크측정정보,BRKFR_SFT_CRTR_VL,제동력기준값,DECIMAL,"10,2",,,,,,INS_INSPECTION.brforceNstd,,,,,,,,,,,,,,,,,,,,,,,,,,,,,,,
6,INSP_BRK_MSRMT,브레이크측정정보,BRKFR_LFSD_SFT_VL,제동력좌측값,DECIMAL,"10,2",,,,,,INS_INSPECTION.brforcelN,,,,,,,,,,,,,,,,,,,,,,,,,,,,,,,
7,INSP_BRK_MSRMT,브레이크측정정보,BRKFR_RGSD_SFT_VL,제동력우측값,DECIMAL,"10,2",,,,,,INS_INSPECTION.brforcerN,,,,,,,,,,,,,,,,,,,,,,,,,,,,,,,
8,INSP_BRK_MSRMT,브레이크측정정보,BRKG_SFT_EFCN,제동력효율,DECIMAL,"5,2",,,,,최대 100.00을 넘을 수 없음.,INS_INSPECTION.brstateN,,,,,,,,,,,,,,,,,,,,,,,,,,,,,,,
9,INSP_BRK_MSRMT,브레이크측정정보,RGTR_ID,등록자ID,VARCHAR,20,,SYS_USER.USER_ID,,,,,,,,,,,,,,,,,,,,,,,,,,,,,,,,,,,
10,INSP_BRK_MSRMT,브레이크측정정보,REG_DT,등록일시,DATETIME,,,,,,,,,,,,,,,,,,,,,,,,,,,,,,,,,,,,,,
11,INSP_BRK_MSRMT,브레이크측정정보,MDFR_ID,수정자ID,VARCHAR,20,,SYS_USER.USER_ID,,,,,,,,,,,,,,,,,,,,,,,,,,,,,,,,,,,
12,INSP_BRK_MSRMT,브레이크측정정보,MDFCN_DT,수정일시,DATETIME,,,,,,,,,,,,,,,,,,,,,,,,,,,,,,,,,,,,,,
1,INSP_DCL_MSRMT,감속도측정정보,INSPST_CD,검사소코드,VARCHAR,7,Y,INSP_RCPT_MST.INSPST_CD,Y,,,INS_INSPECTION.ID,,,,,,,,,,,,,,,,,,,,,,,,,,,,,,,
2,INSP_DCL_MSRMT,감속도측정정보,RCPT_YMD,접수일자,VARCHAR,8,Y,INSP_RCPT_MST.RCPT_YMD,Y,,,INS_INSPECTION.ID,,,,,,,,,,,,,,,,,,,,,,,,,,,,,,,
3,INSP_DCL_MSRMT,감속도측정정보,RCPT_SEQ,접수순서,VARCHAR,4,Y,INSP_RCPT_MST.RCPT_SEQ,Y,,,INS_INSPECTION.ID,,,,,,,,,,,,,,,,,,,,,,,,,,,,,,,
4,INSP_DCL_MSRMT,감속도측정정보,DCL_MTR_CRTR_VL,감속도계기준값,DECIMAL,"10, 2",,,,,,INS_INSPECTION.decelerometerstd,,,,,,,,,,,,,,,,,,,,,,,,,,,,,,,
5,INSP_DCL_MSRMT,감속도측정정보,DCL_MTR_MSRMT_VL,감속도계측정값,DECIMAL,"10, 2",,,,,,INS_INSPECTION.decelerometer,,,,,,,,,,,,,,,,,,,,,,,,,,,,,,,
6,INSP_DCL_MSRMT,감속도측정정보,DCL_MTR_MSRMT_MNL_YN,감속도계측정수동여부,VARCHAR,1,,,,default 'N',,INS_INSPECTION.decelerometer_ishand,,,,,,,,,,,,,,,,,,,,,,,,,,,,,,,
7,INSP_DCL_MSRMT,감속도측정정보,RGTR_ID,등록자ID,VARCHAR,20,,SYS_USER.USER_ID,,,검사장비에서 올릴려면 … 검사장비 로그인 아이디가 필요 하다.,,,,,,,,,,,,,,,,,,,,,,,,,,,,,,,,
8,INSP_DCL_MSRMT,감속도측정정보,REG_DT,등록일시,DATETIME,,,,,,,,,,,,,,,,,,,,,,,,,,,,,,,,,,,,,,
9,INSP_DCL_MSRMT,감속도측정정보,MDFR_ID,수정자ID,VARCHAR,20,,SYS_USER.USER_ID,,,,,,,,,,,,,,,,,,,,,,,,,,,,,,,,,,,
10,INSP_DCL_MSRMT,감속도측정정보,MDFCN_DT,수정일시,DATETIME,,,,,,,,,,,,,,,,,,,,,,,,,,,,,,,,,,,,,,
1,INSP_SDSLP_MSRMT,사이드슬립측정정보,INSPST_CD,검사소코드,VARCHAR,7,Y,INSP_RCPT_MST.INSPST_CD,Y,,,INS_INSPECTION.ID,,,,,,,,,,,,,,,,,,,,,,,,,,,,,,,
2,INSP_SDSLP_MSRMT,사이드슬립측정정보,RCPT_YMD,접수일자,VARCHAR,8,Y,INSP_RCPT_MST.RCPT_YMD,Y,,,INS_INSPECTION.ID,,,,,,,,,,,,,,,,,,,,,,,,,,,,,,,
3,INSP_SDSLP_MSRMT,사이드슬립측정정보,RCPT_SEQ,접수순서,VARCHAR,4,Y,INSP_RCPT_MST.RCPT_SEQ,Y,,,INS_INSPECTION.ID,,,,,,,,,,,,,,,,,,,,,,,,,,,,,,,
4,INSP_SDSLP_MSRMT,사이드슬립측정정보,SDSLP_CRTR_VL,사이드슬립기준값,DECIMAL,"10, 2",,,,,,INS_INSPECTION.alignment1std,,,,,,,,,,,,,,,,,,,,,,,,,,,,,,,
5,INSP_SDSLP_MSRMT,사이드슬립측정정보,SDSLP_MSRMT_VL,사이드슬립측정값,DECIMAL,"10, 2",,,,,,INS_INSPECTION.alignment1,,,,,,,,,,,,,,,,,,,,,,,,,,,,,,,
6,INSP_SDSLP_MSRMT,사이드슬립측정정보,SDSLP_MSRMT_MNL_YN,사이드슬립측정수동여부,VARCHAR,1,,,,default 'N',,INS_INSPECTION.alignment1_ishand,,,,,,,,,,,,,,,,,,,,,,,,,,,,,,,
7,INSP_SDSLP_MSRMT,사이드슬립측정정보,RGTR_ID,등록자ID,VARCHAR,20,,SYS_USER.USER_ID,,,검사장비에서 올릴려면 … 검사장비 로그인 아이디가 필요 하다.,,,,,,,,,,,,,,,,,,,,,,,,,,,,,,,,
8,INSP_SDSLP_MSRMT,사이드슬립측정정보,REG_DT,등록일시,DATETIME,,,,,,,,,,,,,,,,,,,,,,,,,,,,,,,,,,,,,,
9,INSP_SDSLP_MSRMT,사이드슬립측정정보,MDFR_ID,수정자ID,VARCHAR,20,,SYS_USER.USER_ID,,,,,,,,,,,,,,,,,,,,,,,,,,,,,,,,,,,
10,INSP_SDSLP_MSRMT,사이드슬립측정정보,MDFCN_DT,수정일시,DATETIME,,,,,,,,,,,,,,,,,,,,,,,,,,,,,,,,,,,,,,
1,INSP_SOOT_MSRMT,매연측정정보,INSPST_CD,검사소코드,VARCHAR,7,Y,INSP_RCPT_MST.INSPST_CD,Y,,,INS_INSPECTION.ID,,,,,,,,,,,,,,,,,,,,,,,,,,,,,,,
2,INSP_SOOT_MSRMT,매연측정정보,RCPT_YMD,접수일자,VARCHAR,8,Y,INSP_RCPT_MST.RCPT_YMD,Y,,,INS_INSPECTION.ID,,,,,,,,,,,,,,,,,,,,,,,,,,,,,,,
3,INSP_SOOT_MSRMT,매연측정정보,RCPT_SEQ,접수순서,VARCHAR,4,Y,INSP_RCPT_MST.RCPT_SEQ,Y,,,INS_INSPECTION.ID,,,,,,,,,,,,,,,,,,,,,,,,,,,,,,,
4,INSP_SOOT_MSRMT,매연측정정보,SOOT_DNST_CRTR_VL,매연농도기준값,DECIMAL,"10, 2",,,,,,INS_INSPECTION.dslstd,,,,,,,,,,,,,,,,,,,,,,,,,,,,,,,
5,INSP_SOOT_MSRMT,매연측정정보,SOOT_DNST_MSRMT_VL,매연농도측정값,DECIMAL,"10, 2",,,,,,INS_INSPECTION.dslopacity,,,,,,,,,,,,,,,,,,,,,,,,,,,,,,,
6,INSP_SOOT_MSRMT,매연측정정보,SOOT_K_VL,매연K값,DECIMAL,"10, 2",,,,,,INS_INSPECTION.dslkval,,,,,,,,,,,,,,,,,,,,,,,,,,,,,,,
7,INSP_SOOT_MSRMT,매연측정정보,OIL_TP,오일온도,DECIMAL,"10, 2",,,,,,INS_INSPECTION.dsloiltemp,,,,,,,,,,,,,,,,,,,,,,,,,,,,,,,
8,INSP_SOOT_MSRMT,매연측정정보,SOOT_MSRMT_RPM,매연측정RPM,DECIMAL,"10, 2",,,,,,INS_INSPECTION.dslrpm,,,,,,,,,,,,,,,,,,,,,,,,,,,,,,,
9,INSP_SOOT_MSRMT,매연측정정보,SOOT_MSRMT_MNL_YN,매연측정수동여부,CHAR,1,,,,default 'N',,INS_INSPECTION.dsl_ishand,,,,,,,,,,,,,,,,,,,,,,,,,,,,,,,
10,INSP_SOOT_MSRMT,매연측정정보,RGTR_ID,등록자ID,VARCHAR,20,,SYS_USER.USER_ID,,,검사장비에서 올릴려면 … 검사장비 로그인 아이디가 필요 하다.,,,,,,,,,,,,,,,,,,,,,,,,,,,,,,,,
11,INSP_SOOT_MSRMT,매연측정정보,REG_DT,등록일시,DATETIME,,,,,,,,,,,,,,,,,,,,,,,,,,,,,,,,,,,,,,
12,INSP_SOOT_MSRMT,매연측정정보,MDFR_ID,수정자ID,VARCHAR,20,,SYS_USER.USER_ID,,,,,,,,,,,,,,,,,,,,,,,,,,,,,,,,,,,
13,INSP_SOOT_MSRMT,매연측정정보,MDFCN_DT,수정일시,DATETIME,,,,,,,,,,,,,,,,,,,,,,,,,,,,,,,,,,,,,,
1,INSP_EXFMS_MSRMT,배기가스측정정보,INSPST_CD,검사소코드,VARCHAR,7,Y,INSP_RCPT_MST.INSPST_CD,Y,,,INS_INSPECTION.ID,,,,,,,,,,,,,,,,,,,,,,,,,,,,,,,
2,INSP_EXFMS_MSRMT,배기가스측정정보,RCPT_YMD,접수일자,VARCHAR,8,Y,INSP_RCPT_MST.RCPT_YMD,Y,,,INS_INSPECTION.ID,,,,,,,,,,,,,,,,,,,,,,,,,,,,,,,
3,INSP_EXFMS_MSRMT,배기가스측정정보,RCPT_SEQ,접수순서,VARCHAR,4,Y,INSP_RCPT_MST.RCPT_SEQ,Y,,,INS_INSPECTION.ID,,,,,,,,,,,,,,,,,,,,,,,,,,,,,,,
4,INSP_EXFMS_MSRMT,배기가스측정정보,HC_CRTR_VL,탄화수소기준값,DECIMAL,"10, 2",,,,,,INS_INSPECTION.gaschppmstd,,,,,,,,,,,,,,,,,,,,,,,,,,,,,,,
5,INSP_EXFMS_MSRMT,배기가스측정정보,HC_MSRMT_VL,탄화수소측정값,DECIMAL,"10, 2",,,,,,INS_INSPECTION.gaschppm,,,,,,,,,,,,,,,,,,,,,,,,,,,,,,,
6,INSP_EXFMS_MSRMT,배기가스측정정보,CO_CRTR_VL,일산화탄소기준값,DECIMAL,"10, 2",,,,,,INS_INSPECTION.gascostd,,,,,,,,,,,,,,,,,,,,,,,,,,,,,,,
7,INSP_EXFMS_MSRMT,배기가스측정정보,CO_MSRMT_VL,일산화탄소측정값,DECIMAL,"10, 2",,,,,,INS_INSPECTION.gasco,,,,,,,,,,,,,,,,,,,,,,,,,,,,,,,
8,INSP_EXFMS_MSRMT,배기가스측정정보,CO2_MSRMT_VL,이산화탄소측정값,DECIMAL,"10, 2",,,,,,INS_INSPECTION.gasco2,,,,,,,,,,,,,,,,,,,,,,,,,,,,,,,
9,INSP_EXFMS_MSRMT,배기가스측정정보,EXAIRT_CRTR_VL,공기과잉률기준값,DECIMAL,"10, 2",,,,,미사용 INS_INSPECTION_INFO 의 값을 가지고와야함,INS_INSPECTION.gaslambda_id,,,,,,,,,,,,,,,,,,,,,,,,,,,,,,,
10,INSP_EXFMS_MSRMT,배기가스측정정보,EXAIRT_MSRMT_VL,공기과잉률측정값,DECIMAL,"10, 2",,,,,공기과잉률최소측정 값이 들어간다.,INS_INSPECTION.gaslampda,,,,,,,,,,,,,,,,,,,,,,,,,,,,,,,
11,INSP_EXFMS_MSRMT,배기가스측정정보,HC_MAX_CRTR_VL,탄화수소최대기준값,DECIMAL,"10, 2",,,,,,INS_INSPECTION.gasmaxchppmstd,,,,,,,,,,,,,,,,,,,,,,,,,,,,,,,
12,INSP_EXFMS_MSRMT,배기가스측정정보,HC_MAX_MSRMT_VL,탄화수소최대측정값,DECIMAL,"10, 2",,,,,,INS_INSPECTION.gasmaxchppm,,,,,,,,,,,,,,,,,,,,,,,,,,,,,,,
13,INSP_EXFMS_MSRMT,배기가스측정정보,CO_MAX_CRTR_VL,일산화탄소최대기준값,DECIMAL,"10, 2",,,,,,INS_INSPECTION.gasmaxstd,,,,,,,,,,,,,,,,,,,,,,,,,,,,,,,
14,INSP_EXFMS_MSRMT,배기가스측정정보,CO_MAX_MSRMT_VL,일산화탄소최대측정값,DECIMAL,"10, 2",,,,,,INS_INSPECTION.gasmaxco,,,,,,,,,,,,,,,,,,,,,,,,,,,,,,,
15,INSP_EXFMS_MSRMT,배기가스측정정보,CO2_MAX_MSRMT_VL,이산화탄소최대측정값,DECIMAL,"10, 2",,,,,,INS_INSPECTION.gasmaxco2,,,,,,,,,,,,,,,,,,,,,,,,,,,,,,,
16,INSP_EXFMS_MSRMT,배기가스측정정보,EXAIRT_MAX_CRTR_VL,공기과잉률최대기준값,DECIMAL,"10, 2",,,,,미사용 INS_INSPECTION_INFO 의 값을 가지고와야함,INS_INSPECTION.gasmaxlambda_id,,,,,,,,,,,,,,,,,,,,,,,,,,,,,,,
17,INSP_EXFMS_MSRMT,배기가스측정정보,EXAIRT_MAX_MSRMT_VL,공기과잉률최대측정값,DECIMAL,"10, 2",,,,,,INS_INSPECTION.gasmaxlampda,,,,,,,,,,,,,,,,,,,,,,,,,,,,,,,
18,INSP_EXFMS_MSRMT,배기가스측정정보,EXFMS_MSRMT_MNL_YN,배기가스측정수동여부,CHAR,1,,,,default 'N',,INS_INSPECTION.gas_ishand,,,,,,,,,,,,,,,,,,,,,,,,,,,,,,,
19,INSP_EXFMS_MSRMT,배기가스측정정보,RGTR_ID,등록자ID,VARCHAR,20,,SYS_USER.USER_ID,,,검사장비에서 올릴려면 … 검사장비 로그인 아이디가 필요 하다.,,,,,,,,,,,,,,,,,,,,,,,,,,,,,,,,
20,INSP_EXFMS_MSRMT,배기가스측정정보,REG_DT,등록일시,DATETIME,,,,,,,,,,,,,,,,,,,,,,,,,,,,,,,,,,,,,,
21,INSP_EXFMS_MSRMT,배기가스측정정보,MDFR_ID,수정자ID,VARCHAR,20,,SYS_USER.USER_ID,,,,,,,,,,,,,,,,,,,,,,,,,,,,,,,,,,,
22,INSP_EXFMS_MSRMT,배기가스측정정보,MDFCN_DT,수정일시,DATETIME,,,,,,,,,,,,,,,,,,,,,,,,,,,,,,,,,,,,,,
1,INSP_LMP_DVC_MSRMT,등화장치측정정보,INSPST_CD,검사소코드,VARCHAR,7,Y,INSP_RCPT_MST.INSPST_CD,Y,,,INS_INSPECTION.ID,,,,,,,,,,,,,,,,,,,,,,,,,,,,,,,
2,INSP_LMP_DVC_MSRMT,등화장치측정정보,RCPT_YMD,접수일자,VARCHAR,8,Y,INSP_RCPT_MST.RCPT_YMD,Y,,,INS_INSPECTION.ID,,,,,,,,,,,,,,,,,,,,,,,,,,,,,,,
3,INSP_LMP_DVC_MSRMT,등화장치측정정보,RCPT_SEQ,접수순서,VARCHAR,4,Y,INSP_RCPT_MST.RCPT_SEQ,Y,,,INS_INSPECTION.ID,,,,,,,,,,,,,,,,,,,,,,,,,,,,,,,
4,INSP_LMP_DVC_MSRMT,등화장치측정정보,HGH_BM_HRZ_CRTR,상향등수평기준,DECIMAL,"10, 2",,,,,,INS_INSPECTION.lintfarhorstd,,,,,,,,,,,,,,,,,,,,,,,,,,,,,,,
5,INSP_LMP_DVC_MSRMT,등화장치측정정보,HGH_BM_LFSD_HRZ_ANGL,상향등좌측수평각도,DECIMAL,"10, 2",,,,,,INS_INSPECTION.lintfarhoril,,,,,,,,,,,,,,,,,,,,,,,,,,,,,,,
6,INSP_LMP_DVC_MSRMT,등화장치측정정보,HGH_BM_RGSD_HRZ_ANGL,상향등우측수평각도,DECIMAL,"10, 2",,,,,,INS_INSPECTION.lintfarhorir,,,,,,,,,,,,,,,,,,,,,,,,,,,,,,,
7,INSP_LMP_DVC_MSRMT,등화장치측정정보,HGH_BM_LM_INT_MIN_CRTR,상향등광도최소기준,DECIMAL,"10, 2",,,,,,INS_INSPECTION.lintfarstd,,,,,,,,,,,,,,,,,,,,,,,,,,,,,,,
8,INSP_LMP_DVC_MSRMT,등화장치측정정보,HGH_BM_LM_INT_MAX_CRTR,상향등광도최대기준,DECIMAL,"10, 2",,,,,,INS_INSPECTION.lintfarstdto,,,,,,,,,,,,,,,,,,,,,,,,,,,,,,,
9,INSP_LMP_DVC_MSRMT,등화장치측정정보,HGH_BM_LFSD_LM_INT,상향등좌측광도,DECIMAL,"10, 2",,,,,,INS_INSPECTION.lintfarl,,,,,,,,,,,,,,,,,,,,,,,,,,,,,,,
10,INSP_LMP_DVC_MSRMT,등화장치측정정보,HGH_BM_RGSD_LM_INT,상향등우측광도,DECIMAL,"10, 2",,,,,,INS_INSPECTION.lintfarr,,,,,,,,,,,,,,,,,,,,,,,,,,,,,,,
11,INSP_LMP_DVC_MSRMT,등화장치측정정보,HGH_BM_VRTC_CRTR,상향등세로기준,DECIMAL,"10, 2",,,,,,INS_INSPECTION.lintfarverstd,,,,,,,,,,,,,,,,,,,,,,,,,,,,,,,
12,INSP_LMP_DVC_MSRMT,등화장치측정정보,HGH_BM_LFSD_VRTC_ANGL,상향등좌측세로각도,DECIMAL,"10, 2",,,,,,INS_INSPECTION.lintfarvertl,,,,,,,,,,,,,,,,,,,,,,,,,,,,,,,
13,INSP_LMP_DVC_MSRMT,등화장치측정정보,HGH_BM_RGSD_VRTC_ANGL,상향등우측세로각도,DECIMAL,"10, 2",,,,,,INS_INSPECTION.lintfarvertr,,,,,,,,,,,,,,,,,,,,,,,,,,,,,,,
14,INSP_LMP_DVC_MSRMT,등화장치측정정보,LW_BM_HRZ_CRTR,하향등수평기준,DECIMAL,"10, 2",,,,,,INS_INSPECTION.lintnearverstd,,,,,,,,,,,,,,,,,,,,,,,,,,,,,,,
15,INSP_LMP_DVC_MSRMT,등화장치측정정보,LW_BM_LFSD_HRZ_ANGL,하향등좌측수평각도,DECIMAL,"10, 2",,,,,,INS_INSPECTION.lintnearhoril,,,,,,,,,,,,,,,,,,,,,,,,,,,,,,,
16,INSP_LMP_DVC_MSRMT,등화장치측정정보,LW_BM_RGSD_HRZ_ANGL,하향등우측수평각도,DECIMAL,"10, 2",,,,,,INS_INSPECTION.lintnearhorir,,,,,,,,,,,,,,,,,,,,,,,,,,,,,,,
17,INSP_LMP_DVC_MSRMT,등화장치측정정보,LW_BM_LM_INT_MIN_CRTR,하향등광도최소기준,DECIMAL,"10, 2",,,,,,INS_INSPECTION.lintnearstd,,,,,,,,,,,,,,,,,,,,,,,,,,,,,,,
18,INSP_LMP_DVC_MSRMT,등화장치측정정보,LW_BM_LM_INT_MAX_CRTR,하향등광도최대기준,DECIMAL,"10, 2",,,,,,INS_INSPECTION.lintnearstdto,,,,,,,,,,,,,,,,,,,,,,,,,,,,,,,
19,INSP_LMP_DVC_MSRMT,등화장치측정정보,LW_BM_LFSD_LM_INT,하향등좌측광도,DECIMAL,"10, 2",,,,,,INS_INSPECTION.lintnearl,,,,,,,,,,,,,,,,,,,,,,,,,,,,,,,
20,INSP_LMP_DVC_MSRMT,등화장치측정정보,LW_BM_RGSD_LM_INT,하향등우측광도,DECIMAL,"10, 2",,,,,,INS_INSPECTION.lintnearr,,,,,,,,,,,,,,,,,,,,,,,,,,,,,,,
21,INSP_LMP_DVC_MSRMT,등화장치측정정보,LW_BM_VRTC_CRTR,하향등세로기준,DECIMAL,"10, 2",,,,,,INS_INSPECTION.lintnearhorstd,,,,,,,,,,,,,,,,,,,,,,,,,,,,,,,
22,INSP_LMP_DVC_MSRMT,등화장치측정정보,LW_BM_LFSD_VRTC_ANGL,하향등좌측세로각도,DECIMAL,"10, 2",,,,,,INS_INSPECTION.lintnearvertl,,,,,,,,,,,,,,,,,,,,,,,,,,,,,,,
23,INSP_LMP_DVC_MSRMT,등화장치측정정보,LW_BM_RGSD_VRTC_ANGL,하향등우측세로각도,DECIMAL,"10, 2",,,,,,INS_INSPECTION.lintnearvertr,,,,,,,,,,,,,,,,,,,,,,,,,,,,,,,
24,INSP_LMP_DVC_MSRMT,등화장치측정정보,FG_LMP_LM_INT_CRTR,안개등광도기준,DECIMAL,"10, 2",,,,,,INS_INSPECTION.lintfogstd,,,,,,,,,,,,,,,,,,,,,,,,,,,,,,,
25,INSP_LMP_DVC_MSRMT,등화장치측정정보,FG_LMP_LFSD_LM_INT,안개등좌측광도,DECIMAL,"10, 2",,,,,,INS_INSPECTION.lintfogl,,,,,,,,,,,,,,,,,,,,,,,,,,,,,,,
26,INSP_LMP_DVC_MSRMT,등화장치측정정보,FG_LMP_RGSD_LM_INT,안개등우측광도,DECIMAL,"10, 2",,,,,,INS_INSPECTION.lintfogr,,,,,,,,,,,,,,,,,,,,,,,,,,,,,,,
27,INSP_LMP_DVC_MSRMT,등화장치측정정보,FG_LMP_LFSD_HRZ_ANGL,안개등좌측수평각도,DECIMAL,"10, 2",,,,,,INS_INSPECTION.lintfoghoril,,,,,,,,,,,,,,,,,,,,,,,,,,,,,,,
28,INSP_LMP_DVC_MSRMT,등화장치측정정보,FG_LMP_RGSD_HRZ_ANGL,안개등우측수평각도,DECIMAL,"10, 2",,,,,,INS_INSPECTION.lintfoghorir,,,,,,,,,,,,,,,,,,,,,,,,,,,,,,,
29,INSP_LMP_DVC_MSRMT,등화장치측정정보,FG_LMP_LFSD_VRTC_ANGL,안개등좌측세로각도,DECIMAL,"10, 2",,,,,,INS_INSPECTION.lintfogvertl,,,,,,,,,,,,,,,,,,,,,,,,,,,,,,,
30,INSP_LMP_DVC_MSRMT,등화장치측정정보,FG_LMP_RGSD_VRTC_ANGL,안개등우측세로각도,DECIMAL,"10, 2",,,,,,INS_INSPECTION.lintfogvertr,,,,,,,,,,,,,,,,,,,,,,,,,,,,,,,
31,INSP_LMP_DVC_MSRMT,등화장치측정정보,LMP_DVC_MSRMT_MNL_YN,등화장치측정수동여부,CHAR,1,,,,default 'N',,INS_INSPECTION.lint_ishand,,,,,,,,,,,,,,,,,,,,,,,,,,,,,,,
32,INSP_LMP_DVC_MSRMT,등화장치측정정보,RGTR_ID,등록자ID,VARCHAR,20,,SYS_USER.USER_ID,,,검사장비에서 올릴려면 … 검사장비 로그인 아이디가 필요 하다.,,,,,,,,,,,,,,,,,,,,,,,,,,,,,,,,
33,INSP_LMP_DVC_MSRMT,등화장치측정정보,REG_DT,등록일시,DATETIME,,,,,,,,,,,,,,,,,,,,,,,,,,,,,,,,,,,,,,
34,INSP_LMP_DVC_MSRMT,등화장치측정정보,MDFR_ID,수정자ID,VARCHAR,20,,SYS_USER.USER_ID,,,,,,,,,,,,,,,,,,,,,,,,,,,,,,,,,,,
35,INSP_LMP_DVC_MSRMT,등화장치측정정보,MDFCN_DT,수정일시,DATETIME,,,,,,,,,,,,,,,,,,,,,,,,,,,,,,,,,,,,,,
1,INSP_NOISE_MSRMT,소음측정정보,INSPST_CD,검사소코드,VARCHAR,7,Y,INSP_RCPT_MST.INSPST_CD,Y,,,INS_INSPECTION.ID,,,,,,,,,,,,,,,,,,,,,,,,,,,,,,,
2,INSP_NOISE_MSRMT,소음측정정보,RCPT_YMD,접수일자,VARCHAR,8,Y,INSP_RCPT_MST.RCPT_YMD,Y,,,INS_INSPECTION.ID,,,,,,,,,,,,,,,,,,,,,,,,,,,,,,,
3,INSP_NOISE_MSRMT,소음측정정보,RCPT_SEQ,접수순서,VARCHAR,4,Y,INSP_RCPT_MST.RCPT_SEQ,Y,,,INS_INSPECTION.ID,,,,,,,,,,,,,,,,,,,,,,,,,,,,,,,
4,INSP_NOISE_MSRMT,소음측정정보,NOISE_CRTR,소음기준,DECIMAL,"10, 2",,,,,,INS_INSPECTION.noiselevelstd,,,,,,,,,,,,,,,,,,,,,,,,,,,,,,,
5,INSP_NOISE_MSRMT,소음측정정보,NOISE_MSRMT,소음측정,DECIMAL,"10, 2",,,,,,INS_INSPECTION.noiselevel,,,,,,,,,,,,,,,,,,,,,,,,,,,,,,,
6,INSP_NOISE_MSRMT,소음측정정보,RGTR_ID,등록자ID,VARCHAR,20,,SYS_USER.USER_ID,,,,,,,,,,,,,,,,,,,,,,,,,,,,,,,,,,,
7,INSP_NOISE_MSRMT,소음측정정보,REG_DT,등록일시,DATETIME,,,,,,,,,,,,,,,,,,,,,,,,,,,,,,,,,,,,,,
8,INSP_NOISE_MSRMT,소음측정정보,MDFR_ID,수정자ID,VARCHAR,20,,SYS_USER.USER_ID,,,,,,,,,,,,,,,,,,,,,,,,,,,,,,,,,,,
9,INSP_NOISE_MSRMT,소음측정정보,MDFCN_DT,수정일시,DATETIME,,,,,,,,,,,,,,,,,,,,,,,,,,,,,,,,,,,,,,
1,INSP_TIRE_MSRMT,타이어측정정보,INSPST_CD,검사소코드,VARCHAR,7,Y,INSP_RCPT_MST.INSPST_CD,Y,,,INS_INSPECTION.ID,,,,,,,,,,,,,,,,,,,,,,,,,,,,,,,
2,INSP_TIRE_MSRMT,타이어측정정보,RCPT_YMD,접수일자,VARCHAR,8,Y,INSP_RCPT_MST.RCPT_YMD,Y,,,INS_INSPECTION.ID,,,,,,,,,,,,,,,,,,,,,,,,,,,,,,,
3,INSP_TIRE_MSRMT,타이어측정정보,RCPT_SEQ,접수순서,VARCHAR,4,Y,INSP_RCPT_MST.RCPT_SEQ,Y,,,INS_INSPECTION.ID,,,,,,,,,,,,,,,,,,,,,,,,,,,,,,,
4,INSP_TIRE_MSRMT,타이어측정정보,AIR_PRS_AXL_CRTR1,공기압1차축기준,DECIMAL,"10, 2",,,,,,INS_INSPECTION.pressureaxle1std,,,,,,,,,,,,,,,,,,,,,,,,,,,,,,,
5,INSP_TIRE_MSRMT,타이어측정정보,AIR_PRS_AXL_MSRMT1,공기압1차축측정,DECIMAL,"10, 2",,,,,,INS_INSPECTION.pressureaxle1,,,,,,,,,,,,,,,,,,,,,,,,,,,,,,,
6,INSP_TIRE_MSRMT,타이어측정정보,ETC_AIR_PRS_CRTR,기타공기압기준,DECIMAL,"10, 2",,,,,,INS_INSPECTION.pressureotherstd,,,,,,,,,,,,,,,,,,,,,,,,,,,,,,,
7,INSP_TIRE_MSRMT,타이어측정정보,ETC_AIR_PRS_MSRMT,기타공기압측정,DECIMAL,"10, 2",,,,,,INS_INSPECTION.pressureother,,,,,,,,,,,,,,,,,,,,,,,,,,,,,,,
8,INSP_TIRE_MSRMT,타이어측정정보,TIRE_GRV_DPTH_CRTR,타이어홈깊이기준,DECIMAL,"10, 2",,,,,,INS_INSPECTION.treaddepthstd,,,,,,,,,,,,,,,,,,,,,,,,,,,,,,,
9,INSP_TIRE_MSRMT,타이어측정정보,TIRE_GRV_DPTH_MSRMT,타이어홈깊이측정,DECIMAL,"10, 2",,,,,,INS_INSPECTION.treaddepth,,,,,,,,,,,,,,,,,,,,,,,,,,,,,,,
10,INSP_TIRE_MSRMT,타이어측정정보,RGTR_ID,등록자ID,VARCHAR,20,,SYS_USER.USER_ID,,,검사장비에서 올릴려면 … 검사장비 로그인 아이디가 필요 하다.,,,,,,,,,,,,,,,,,,,,,,,,,,,,,,,,
11,INSP_TIRE_MSRMT,타이어측정정보,REG_DT,등록일시,DATETIME,,,,,,,,,,,,,,,,,,,,,,,,,,,,,,,,,,,,,,
12,INSP_TIRE_MSRMT,타이어측정정보,MDFR_ID,수정자ID,VARCHAR,20,,SYS_USER.USER_ID,,,,,,,,,,,,,,,,,,,,,,,,,,,,,,,,,,,
13,INSP_TIRE_MSRMT,타이어측정정보,MDFCN_DT,수정일시,DATETIME,,,,,,,,,,,,,,,,,,,,,,,,,,,,,,,,,,,,,,
1,INSP_ETC_EQP_MSRMT,기타장비측정정보,INSPST_CD,검사소코드,VARCHAR,7,Y,INSP_RCPT_MST.INSPST_CD,Y,,,INS_INSPECTION.ID,,,,,,,,,,,,,,,,,,,,,,,,,,,,,,,
2,INSP_ETC_EQP_MSRMT,기타장비측정정보,RCPT_YMD,접수일자,VARCHAR,8,Y,INSP_RCPT_MST.RCPT_YMD,Y,,,INS_INSPECTION.ID,,,,,,,,,,,,,,,,,,,,,,,,,,,,,,,
3,INSP_ETC_EQP_MSRMT,기타장비측정정보,RCPT_SEQ,접수순서,VARCHAR,4,Y,INSP_RCPT_MST.RCPT_SEQ,Y,,,INS_INSPECTION.ID,,,,,,,,,,,,,,,,,,,,,,,,,,,,,,,
4,INSP_ETC_EQP_MSRMT,기타장비측정정보,PDL_PRSR_CRTR,페달압력기준,DECIMAL,"10, 2",,,,,,INS_INSPECTION.sbbpedalstd,,,,,,,,,,,,,,,,,,,,,,,,,,,,,,,
5,INSP_ETC_EQP_MSRMT,기타장비측정정보,PDL_PRSR_MSRMT,페달압력측정,DECIMAL,"10, 2",,,,,,INS_INSPECTION.sbbpedal,,,,,,,,,,,,,,,,,,,,,,,,,,,,,,,
6,INSP_ETC_EQP_MSRMT,기타장비측정정보,STR_WHL_PLAY_CRTR,핸들유격기준,DECIMAL,"10, 2",,,,,,INS_INSPECTION.tcpulfreestd,,,,,,,,,,,,,,,,,,,,,,,,,,,,,,,
7,INSP_ETC_EQP_MSRMT,기타장비측정정보,STR_WHL_PLAY_MSRMT,핸들유격측정,DECIMAL,"10, 2",,,,,,INS_INSPECTION.tcpulfree,,,,,,,,,,,,,,,,,,,,,,,,,,,,,,,
8,INSP_ETC_EQP_MSRMT,기타장비측정정보,RGTR_ID,등록자ID,VARCHAR,20,,SYS_USER.USER_ID,,,검사장비에서 올릴려면 … 검사장비 로그인 아이디가 필요 하다.,,,,,,,,,,,,,,,,,,,,,,,,,,,,,,,,
9,INSP_ETC_EQP_MSRMT,기타장비측정정보,REG_DT,등록일시,DATETIME,,,,,,,,,,,,,,,,,,,,,,,,,,,,,,,,,,,,,,
10,INSP_ETC_EQP_MSRMT,기타장비측정정보,MDFR_ID,수정자ID,VARCHAR,20,,SYS_USER.USER_ID,,,,,,,,,,,,,,,,,,,,,,,,,,,,,,,,,,,
11,INSP_ETC_EQP_MSRMT,기타장비측정정보,MDFCN_DT,수정일시,DATETIME,,,,,,,,,,,,,,,,,,,,,,,,,,,,,,,,,,,,,,
1,INSP_TUN_APRV_APLY,튜닝승인신청정보,INSPST_CD,검사소코드,VARCHAR,7,Y,INSP_RCPT_MST.INSPST_CD,Y,,"화면에 표시시 접수부서코드-접수일자-접수순서
예)0001-20260102-0001",,,,,,,,,,,,,,,,,,,,,,,,,,,,,,,,
2,INSP_TUN_APRV_APLY,튜닝승인신청정보,RCPT_YMD,접수일자,VARCHAR,8,Y,INSP_RCPT_MST.RCPT_YMD,Y,,,,,,,,,,,,,,,,,,,,,,,,,,,,,,,,,,
3,INSP_TUN_APRV_APLY,튜닝승인신청정보,RCPT_SEQ,접수순서,VARCHAR,4,Y,INSP_RCPT_MST.RCPT_SEQ,Y,,0001 부터 시작,,,,,,,,,,,,,,,,,,,,,,,,,,,,,,,,
4,INSP_TUN_APRV_APLY,튜닝승인신청정보,TUN_APRV_DSCTN,튜닝승인내역,VARCHAR,1000,,,,,,,,,,,,,,,,,,,,,,,,,,,,,,,,,,,,,
5,INSP_TUN_APRV_APLY,튜닝승인신청정보,RJCT_YN,반려여부,CHAR,1,,,,default 'N',,,,,,,,,,,,,,,,,,,,,,,,,,,,,,,,,
6,INSP_TUN_APRV_APLY,튜닝승인신청정보,TUN_RJCT_CD,튜닝반려코드,VARCHAR,1,,SYS_CD_GRP.GRP_ID,,,GRP_ID='342',,,,,,,,,,,,,,,,,,,,,,,,,,,,,,,,
7,INSP_TUN_APRV_APLY,튜닝승인신청정보,TUN_RJCT_RSN,튜닝반려사유,VARCHAR,1000,,,,,,,,,,,,,,,,,,,,,,,,,,,,,,,,,,,,,
8,INSP_TUN_APRV_APLY,튜닝승인신청정보,TUN_APRV_DTL_CD,튜닝승인상세코드,VARCHAR,255,,SYS_CD_GRP.GRP_ID,Y,,"GRP_ID='341'
001|002| 이런식 또는 001002 이런식으로",,,,,,,,,,,,,,,,,,,,,,,,,,,,,,,,
9,INSP_TUN_APRV_APLY,튜닝승인신청정보,SPEC_ID,제원ID,INT,,,REG_VHCL_SPEC.SPEC_ID,Y,,,,,,,,,,,,,,,,,,,,,,,,,,,,,,,,,,
10,INSP_TUN_APRV_APLY,튜닝승인신청정보,SPEC_MNG_NO,제원관리번호,VARCHAR,20,,,Y,,,,,,,,,,,,,,,,,,,,,,,,,,,,,,,,,,
11,INSP_TUN_APRV_APLY,튜닝승인신청정보,SPEC_VIN,제원차대번호,VARCHAR,17,,,,,,,,,,,,,,,,,,,,,,,,,,,,,,,,,,,,,
12,INSP_TUN_APRV_APLY,튜닝승인신청정보,MDL_ID,모델ID,BIGINT,,,REG_VHCL_MDL.MDL_ID,,,,,,,,,,,,,,,,,,,,,,,,,,,,,,,,,,,
13,INSP_TUN_APRV_APLY,튜닝승인신청정보,VHCL_TYPE_ID,자동차유형ID,BIGINT,,,REG_VHCL_TYPE.VHCL_TYPE_ID,,,,,,,,,,,,,,,,,,,,,,,,,,,,,,,,,,,
14,INSP_TUN_APRV_APLY,튜닝승인신청정보,CLSF_CD,분류코드,VARCHAR,1,,SYS_CD_GRP.GRP_ID,,,GRP_ID='002',,,,,,,,,,,,,,,,,,,,,,,,,,,,,,,,
15,INSP_TUN_APRV_APLY,튜닝승인신청정보,AXL_CNT,차축수,INT,,,,,,길이 2,,,,,,,,,,,,,,,,,,,,,,,,,,,,,,,,
16,INSP_TUN_APRV_APLY,튜닝승인신청정보,TWGHT,총중량,INT,,,,,,길이 6,,,,,,,,,,,,,,,,,,,,,,,,,,,,,,,,
17,INSP_TUN_APRV_APLY,튜닝승인신청정보,SEAT_CNT,좌석수,INT,,,,,,길이 2,,,,,,,,,,,,,,,,,,,,,,,,,,,,,,,,
18,INSP_TUN_APRV_APLY,튜닝승인신청정보,DOOR_CNT,문수,INT,,,,,,길이 2,,,,,,,,,,,,,,,,,,,,,,,,,,,,,,,,
19,INSP_TUN_APRV_APLY,튜닝승인신청정보,MXLDC,최대적재용량,INT,,,,,,길이 6,,,,,,,,,,,,,,,,,,,,,,,,,,,,,,,,
20,INSP_TUN_APRV_APLY,튜닝승인신청정보,WGHT,중량,INT,,,,,,길이 6,,,,,,,,,,,,,,,,,,,,,,,,,,,,,,,,
21,INSP_TUN_APRV_APLY,튜닝승인신청정보,HGT,높이,INT,,,,,,길이 6,,,,,,,,,,,,,,,,,,,,,,,,,,,,,,,,
22,INSP_TUN_APRV_APLY,튜닝승인신청정보,WDTH,가로,INT,,,,,,길이 6,,,,,,,,,,,,,,,,,,,,,,,,,,,,,,,,
23,INSP_TUN_APRV_APLY,튜닝승인신청정보,LEN,길이,INT,,,,,,길이 6,,,,,,,,,,,,,,,,,,,,,,,,,,,,,,,,
24,INSP_TUN_APRV_APLY,튜닝승인신청정보,VHCL_NM,자동차명,VARCHAR,100,,,,,REG_VHCL_MDL의  MDL_NM,,,,,,,,,,,,,,,,,,,,,,,,,,,,,,,,
26,INSP_TUN_APRV_APLY,튜닝승인신청정보,HYBRD_YN,하이브리드여부,CHAR,1,,,,default 'N',,,,,,,,,,,,,,,,,,,,,,,,,,,,,,,,,
27,INSP_TUN_APRV_APLY,튜닝승인신청정보,ENGN_MDL_ID,엔진모델ID,BIGINT,,,REG_VHCL_ENGN_MDL.ENGN_MDL_ID,,,FUEL_TYPE_CD [연료유형코드],,,,,,,,,,,,,,,,,,,,,,,,,,,,,,,,
28,INSP_TUN_APRV_APLY,튜닝승인신청정보,STWHL_PSTN_CD,운전대위치코드,VARCHAR,1,,SYS_CD_GRP.GRP_ID,,,GRP_ID= '003',,,,,,,,,,,,,,,,,,,,,,,,,,,,,,,,
29,INSP_TUN_APRV_APLY,튜닝승인신청정보,DRV_MTH_CD,구동방식코드,VARCHAR,2,,SYS_CD_GRP.GRP_ID,,,GRP_ID= '005' (스티어링유형),,,,,,,,,,,,,,,,,,,,,,,,,,,,,,,,
25,INSP_TUN_APRV_APLY,튜닝승인신청정보,USE_YN,사용여부,CHAR,1,,,,default 'Y',,,,,,,,,,,,,,,,,,,,,,,,,,,,,,,,,
30,INSP_TUN_APRV_APLY,튜닝승인신청정보,RGTR_ID,등록자ID,VARCHAR,20,,SYS_USER.USER_ID,,,,,,,,,,,,,,,,,,,,,,,,,,,,,,,,,,,
31,INSP_TUN_APRV_APLY,튜닝승인신청정보,REG_DT,등록일시,DATETIME,,,,,default NOW(),,,,,,,,,,,,,,,,,,,,,,,,,,,,,,,,,
32,INSP_TUN_APRV_APLY,튜닝승인신청정보,MDFR_ID,수정자ID,VARCHAR,20,,SYS_USER.USER_ID,,,,,,,,,,,,,,,,,,,,,,,,,,,,,,,,,,,
33,INSP_TUN_APRV_APLY,튜닝승인신청정보,MDFCN_DT,수정일시,DATETIME,,,,,,,,,,,,,,,,,,,,,,,,,,,,,,,,,,,,,,
1,INSP_TUN_APRV_APLY_DTL,튜닝승인신청상세정보,INSPST_CD,검사소코드,VARCHAR,7,Y,INSP_TUN_APRV_APLY.INSPST_CD,Y,,,,,,,,,,,,,,,,,,,,,,,,,,,,,,,,,,
2,INSP_TUN_APRV_APLY_DTL,튜닝승인신청상세정보,RCPT_YMD,접수일자,VARCHAR,8,Y,INSP_TUN_APRV_APLY.RCPT_YMD,Y,,,,,,,,,,,,,,,,,,,,,,,,,,,,,,,,,,
3,INSP_TUN_APRV_APLY_DTL,튜닝승인신청상세정보,RCPT_SEQ,접수순서,VARCHAR,4,Y,INSP_TUN_APRV_APLY.RCPT_SEQ,Y,,,,,,,,,,,,,,,,,,,,,,,,,,,,,,,,,,
4,INSP_TUN_APRV_APLY_DTL,튜닝승인신청상세정보,TUN_APRV_DTL_CD,튜닝승인상세코드,VARCHAR,3,Y,SYS_CD_GRP.GRP_ID,Y,,GRP_ID= '341',,,,,,,,,,,,,,,,,,,,,,,,,,,,,,,,
5,INSP_TUN_APRV_APLY_DTL,튜닝승인신청상세정보,TUN_APRV_ETC_RSN,튜닝승인기타사유,VARCHAR,1000,,,,,,,,,,,,,,,,,,,,,,,,,,,,,,,,,,,,,
6,INSP_TUN_APRV_APLY_DTL,튜닝승인신청상세정보,RGTR_ID,등록자ID,VARCHAR,20,,SYS_USER.USER_ID,,,,,,,,,,,,,,,,,,,,,,,,,,,,,,,,,,,
7,INSP_TUN_APRV_APLY_DTL,튜닝승인신청상세정보,REG_DT,등록일시,DATETIME,,,,,default NOW(),,,,,,,,,,,,,,,,,,,,,,,,,,,,,,,,,
8,INSP_TUN_APRV_APLY_DTL,튜닝승인신청상세정보,MDFR_ID,수정자ID,VARCHAR,20,,SYS_USER.USER_ID,,,,,,,,,,,,,,,,,,,,,,,,,,,,,,,,,,,
9,INSP_TUN_APRV_APLY_DTL,튜닝승인신청상세정보,MDFCN_DT,수정일시,DATETIME,,,,,,,,,,,,,,,,,,,,,,,,,,,,,,,,,,,,,,
1, INSP_TAXI_MTR_FAL,미터기불합격정보,INSPST_CD,검사소코드,VARCHAR,7,Y,INSP_RCPT_MST.INSPST_CD,Y,,,,,,,,,,,,,,,,,,,,,,,,,,,,,,,,,,
2, INSP_TAXI_MTR_FAL,미터기불합격정보,RCPT_YMD,접수일자,VARCHAR,8,Y,INSP_RCPT_MST.RCPT_YMD,Y,,,,,,,,,,,,,,,,,,,,,,,,,,,,,,,,,,
3, INSP_TAXI_MTR_FAL,미터기불합격정보,RCPT_SEQ,접수순서,VARCHAR,4,Y,INSP_RCPT_MST.RCPT_SEQ,Y,,,,,,,,,,,,,,,,,,,,,,,,,,,,,,,,,,
4, INSP_TAXI_MTR_FAL,미터기불합격정보,FAL_CD,불합격코드,VARCHAR,4,Y,,Y,,VIMS 부적합코드 사용,,,,,,,,,,,,,,,,,,,,,,,,,,,,,,,,
5, INSP_TAXI_MTR_FAL,미터기불합격정보,FAL_RSN,불합격사유,VARCHAR,1000,,,,,,,,,,,,,,,,,,,,,,,,,,,,,,,,,,,,,
6, INSP_TAXI_MTR_FAL,미터기불합격정보,RGTR_ID,등록자ID,VARCHAR,20,,SYS_USER.USER_ID,,,,,,,,,,,,,,,,,,,,,,,,,,,,,,,,,,,
7, INSP_TAXI_MTR_FAL,미터기불합격정보,REG_DT,등록일시,DATETIME,,,,,,,,,,,,,,,,,,,,,,,,,,,,,,,,,,,,,,
8, INSP_TAXI_MTR_FAL,미터기불합격정보,MDFR_ID,수정자ID,VARCHAR,20,,SYS_USER.USER_ID,,,,,,,,,,,,,,,,,,,,,,,,,,,,,,,,,,,
9, INSP_TAXI_MTR_FAL,미터기불합격정보,MDFCN_DT,수정일시,DATETIME,,,,,,,,,,,,,,,,,,,,,,,,,,,,,,,,,,,,,,
1,INSP_VAT_DCLR_CLCLN,부가가치세신고정산,INSPST_CD,검사소코드,VARCHAR,7,Y,INSP_RCPT_MST.INSPST_CD,Y,,,PAY_VATPS.BRANCH_ID,,,,,,,,,,,,,,,,,,,,,,,,,,,,,,,
2,INSP_VAT_DCLR_CLCLN,부가가치세신고정산,RCPT_YMD,접수일자,VARCHAR,8,Y,INSP_RCPT_MST.RCPT_YMD,Y,,,CREATED_DATE (8),,,,,,,,,,,,,,,,,,,,,,,,,,,,,,,
3,INSP_VAT_DCLR_CLCLN,부가가치세신고정산,RCPT_SEQ,접수순서,VARCHAR,4,Y,INSP_RCPT_MST.RCPT_SEQ,Y,,,"LPAD(ROW_NUMBER() OVER (ORDER BY CREATED_DATE ), 5, '0') AS row_num",,,,,,,,,,,,,,,,,,,,,,,,,,,,,,,
4,INSP_VAT_DCLR_CLCLN,부가가치세신고정산,VAT_RECPT_TYPE_CD,부가세영수증유형코드,VARCHAR,,,,,,,PAY_VATPS.TYPE_ID,,,,,,,,,,,,,,,,,,,,,,,,,,,,,,,
5,INSP_VAT_DCLR_CLCLN,부가가치세신고정산,APLCNT_UNQ_NO,신청자고유번호,VARCHAR,24,,,,,"암호화
기업은 7자리 , 개인은 АА00000000 이런 형식 ? 여기는 개인이 아닌 ?",PAY_VATPS.REGISTER,,,,,,,,,,,,,,,,,,,,,,,,,,,,,,,
6,INSP_VAT_DCLR_CLCLN,부가가치세신고정산,APLCNT_NM,신청자명,VARCHAR,100,,,,,,PAY_VATPS.NAME,,,,,,,,,,,,,,,,,,,,,,,,,,,,,,,
7,INSP_VAT_DCLR_CLCLN,부가가치세신고정산,VAT_RECPT_APLY_CD,부가세영수증신청코드,VARCHAR,1,,,,,GRP_ID='3XX',PAY_VATPS.BILL_TYPE,,,,,,,,,,,,,,,,,,,,,,,,,,,,,,,
8,INSP_VAT_DCLR_CLCLN,부가가치세신고정산,VAT_RECPT_UNQ_NO,부가세영수증고유번호,VARCHAR,100,,,,,,PAY_VATPS.BILL_ID,,,,,,,,,,,,,,,,,,,,,,,,,,,,,,,
9,INSP_VAT_DCLR_CLCLN,부가가치세신고정산,SPLY_AMT,공급금액,BIGINT,,,,,,,PAY_VATPS.AMOUNT,,,,,,,,,,,,,,,,,,,,,,,,,,,,,,,
10,INSP_VAT_DCLR_CLCLN,부가가치세신고정산,VAT_AMT,부가세금액,BIGINT,,,,,,,PAY_VATPS.VAT,,,,,,,,,,,,,,,,,,,,,,,,,,,,,,,
11,INSP_VAT_DCLR_CLCLN,부가가치세신고정산,TXPR_NO,납세자번호,VARCHAR,100,,,,,,PAY_VATPS.CUSTOMER_NO,,,,,,,,,,,,,,,,,,,,,,,,,,,,,,,
12,INSP_VAT_DCLR_CLCLN,부가가치세신고정산,RFND_YN,환불여부,CHAR,1,,,,default 'N',,PAY_VATPS.IS_RETURN,,,,,,,,,,,,,,,,,,,,,,,,,,,,,,,
13,INSP_VAT_DCLR_CLCLN,부가가치세신고정산,SRVC_APLY_ID,서비스신청ID,VARCHAR,20,,,,,,PAY_VATPS.REL_IDS,,,,,,,,,,,,,,,,,,,,,,,,,,,,,,,
14,INSP_VAT_DCLR_CLCLN,부가가치세신고정산,RGTR_ID,등록자ID,VARCHAR,20,,SYS_USER.USER_ID,,,,,,,,,,,,,,,,,,,,,,,,,,,,,,,,,,,
15,INSP_VAT_DCLR_CLCLN,부가가치세신고정산,REG_DT,등록일시,DATETIME,,,,,,,,,,,,,,,,,,,,,,,,,,,,,,,,,,,,,,
16,INSP_VAT_DCLR_CLCLN,부가가치세신고정산,MDFR_ID,수정자ID,VARCHAR,20,,SYS_USER.USER_ID,,,,,,,,,,,,,,,,,,,,,,,,,,,,,,,,,,,
17,INSP_VAT_DCLR_CLCLN,부가가치세신고정산,MDFCN_DT,수정일시,DATETIME,,,,,,,,,,,,,,,,,,,,,,,,,,,,,,,,,,,,,,
1,COM_ACRCY_INSP,정도검사정보,INSPST_CD,검사소코드,VARCHAR,7,Y,SYS_OFFC.OFFC_CD,Y,,,,,,,,,,,,,,,,,,,,,,,,,,,,,,,,,,
2,COM_ACRCY_INSP,정도검사정보,RCPT_YMD,접수일자,VARCHAR,8,Y,,Y,,,,,,,,,,,,,,,,,,,,,,,,,,,,,,,,,,
3,COM_ACRCY_INSP,정도검사정보,RCPT_SEQ,접수순서,VARCHAR,4,Y,,Y,,,,,,,,,,,,,,,,,,,,,,,,,,,,,,,,,,
4,COM_ACRCY_INSP,정도검사정보,VST_YMD,방문일자,VARCHAR,8,,,,,,,,,,,,,,,,,,,,,,,,,,,,,,,,,,,,,
5,COM_ACRCY_INSP,정도검사정보,ACRCY_INSP_CD,정도검사코드,VARCHAR,1,,SYS_CD_GRP.GRP_ID,,,GRP_ID= ?,,,,,,,,,,,,,,,,,,,,,,,,,,,,,,,,
6,COM_ACRCY_INSP,정도검사정보,EQP_MST_ID,장비마스터ID,BIGINT,,,COM_EQP_MST.EQP_MST_ID,,,,,,,,,,,,,,,,,,,,,,,,,,,,,,,,,,,
7,COM_ACRCY_INSP,정도검사정보,FRST_ACRCY_INSP_YMD,최초정도검사일자,VARCHAR,8,,,,,,,,,,,,,,,,,,,,,,,,,,,,,,,,,,,,,
8,COM_ACRCY_INSP,정도검사정보,BFR_ACRCY_INSP_YMD,이전정도검사일자,VARCHAR,8,,,,,,,,,,,,,,,,,,,,,,,,,,,,,,,,,,,,,
9,COM_ACRCY_INSP,정도검사정보,AFTR_ACRCY_INSP_YMD,이후정도검사일자,VARCHAR,8,,,,,,,,,,,,,,,,,,,,,,,,,,,,,,,,,,,,,
10,COM_ACRCY_INSP,정도검사정보,ACRCY_INSP_RNSP_YMD,정도검사재검사일자,VARCHAR,8,,,,,,,,,,,,,,,,,,,,,,,,,,,,,,,,,,,,,
11,COM_ACRCY_INSP,정도검사정보,ACRCY_INSP_PASS_YN,정도검사합격여부,VARCHAR,1,,,,,null이면 검사를 않한거다,,,,,,,,,,,,,,,,,,,,,,,,,,,,,,,,
12,COM_ACRCY_INSP,정도검사정보,FAL_RSN,불합격사유,VARCHAR,2000,,,,,,,,,,,,,,,,,,,,,,,,,,,,,,,,,,,,,
13,COM_ACRCY_INSP,정도검사정보,TSTR_ID,검사자ID,VARCHAR,20,,SYS_USER.USER_ID,,,,,,,,,,,,,,,,,,,,,,,,,,,,,,,,,,,
14,COM_ACRCY_INSP,정도검사정보,RGTR_ID,등록자ID,VARCHAR,20,,SYS_USER.USER_ID,,,,,,,,,,,,,,,,,,,,,,,,,,,,,,,,,,,
15,COM_ACRCY_INSP,정도검사정보,REG_DT,등록일시,DATETIME,,,,,,,,,,,,,,,,,,,,,,,,,,,,,,,,,,,,,,
16,COM_ACRCY_INSP,정도검사정보,MDFR_ID,수정자ID,VARCHAR,20,,SYS_USER.USER_ID,,,,,,,,,,,,,,,,,,,,,,,,,,,,,,,,,,,
17,COM_ACRCY_INSP,정도검사정보,MDFCN_DT,수정일시,DATETIME,,,,,,,,,,,,,,,,,,,,,,,,,,,,,,,,,,,,,,
1,INSP_DAY_DDLN_MST,일마감마스터정보,INSPST_CD,검사소코드,VARCHAR,7,Y,INSP_RCPT_MST.INSPST_CD,Y,,,,,,,,,,,,,,,,,,,,,,,,,,,,,,,,,,
2,INSP_DAY_DDLN_MST,일마감마스터정보,DDLN_YMD,마감일자,VARCHAR,8,Y,,Y,,,,,,,,,,,,,,,,,,,,,,,,,,,,,,,,,,
3,INSP_DAY_DDLN_MST,일마감마스터정보,DDLN_YN,마감여부,CHAR,1,,,,,,,,,,,,,,,,,,,,,,,,,,,,,,,,,,,,,
4,INSP_DAY_DDLN_MST,일마감마스터정보,RGTR_ID,등록자ID,VARCHAR,20,,SYS_USER.USER_ID,,,,,,,,,,,,,,,,,,,,,,,,,,,,,,,,,,,
5,INSP_DAY_DDLN_MST,일마감마스터정보,REG_DT,등록일시,DATETIME,,,,,,,,,,,,,,,,,,,,,,,,,,,,,,,,,,,,,,
6,INSP_DAY_DDLN_MST,일마감마스터정보,MDFR_ID,수정자ID,VARCHAR,20,,SYS_USER.USER_ID,,,,,,,,,,,,,,,,,,,,,,,,,,,,,,,,,,,
7,INSP_DAY_DDLN_MST,일마감마스터정보,MDFCN_DT,수정일시,DATETIME,,,,,,,,,,,,,,,,,,,,,,,,,,,,,,,,,,,,,,
1,INSP_DAY_DDLN_DTL,일마감상세정보,INSPST_CD,검사소코드,VARCHAR,7,Y,INSP_DAY_DDLN_MST.INSPST_CD,Y,,,,,,,,,,,,,,,,,,,,,,,,,,,,,,,,,,
2,INSP_DAY_DDLN_DTL,일마감상세정보,DDLN_YMD,마감일자,VARCHAR,8,Y,INSP_DAY_DDLN_MST.DDLN_YMD,Y,,,,,,,,,,,,,,,,,,,,,,,,,,,,,,,,,,
3,INSP_DAY_DDLN_DTL,일마감상세정보,SRVC_CD,서비스코드,VARCHAR,6,Y,INSP_SRVC.SRVC_CD ,Y,,,,,,,,,,,,,,,,,,,,,,,,,,,,,,,,,,
4,INSP_DAY_DDLN_DTL,일마감상세정보,INSP_CNTOM,검사대수,INT,,,,,,,,,,,,,,,,,,,,,,,,,,,,,,,,,,,,,,
5,INSP_DAY_DDLN_DTL,일마감상세정보,GRAMT,총금액,BIGINT,,,,,,,,,,,,,,,,,,,,,,,,,,,,,,,,,,,,,,
6,INSP_DAY_DDLN_DTL,일마감상세정보,VAT_AMT,부가세금액,BIGINT,,,,,,,,,,,,,,,,,,,,,,,,,,,,,,,,,,,,,,
7,INSP_DAY_DDLN_DTL,일마감상세정보,RGTR_ID,부가세금액,VARCHAR,20,,SYS_USER.USER_ID,,,,,,,,,,,,,,,,,,,,,,,,,,,,,,,,,,,
8,INSP_DAY_DDLN_DTL,일마감상세정보,REG_DT,등록일시,DATETIME,,,,,,,,,,,,,,,,,,,,,,,,,,,,,,,,,,,,,,
9,INSP_DAY_DDLN_DTL,일마감상세정보,MDFR_ID,수정자ID,VARCHAR,20,,SYS_USER.USER_ID,,,,,,,,,,,,,,,,,,,,,,,,,,,,,,,,,,,
10,INSP_DAY_DDLN_DTL,일마감상세정보,MDFCN_DT,수정일시,DATETIME,,,,,,,,,,,,,,,,,,,,,,,,,,,,,,,,,,,,,,
1,COM_EQP_MST,장비마스터정보,EQP_MST_ID,장비마스터ID,BIGINT,,Y,,Y,AUTO_INCREMEN,,EQU_EQUIPMENT.ID,,,,,,,,,,,,,,,,,,,,,,,,,,,,,,,
2,COM_EQP_MST,장비마스터정보,EQP_MDL_ID,장비모델ID,BIGINT,,,COM_EQP_MDL.EQP_MDL_ID,,,,EQU_EQUIPMENT.MODEL_ID,,,,,,,,,,,,,,,,,,,,,,,,,,,,,,,
3,COM_EQP_MST,장비마스터정보,INSPST_CD,검사소코드,VARCHAR,7,,SYS_OFFC.OFFC_CD,,,,EQU_EQUIPMENT.BRANCH_ID,,,,,,,,,,,,,,,,,,,,,,,,,,,,,,,
4,COM_EQP_MST,장비마스터정보,SRL_NO,시리얼번호,VARCHAR,50,,,,,Unique Key ?,EQU_EQUIPMENT.SERIAL_NO,,,,,,,,,,,,,,,,,,,,,,,,,,,,,,,
5,COM_EQP_MST,장비마스터정보,MNFTR_YR,제조연도,VARCHAR,4,,,,,년도 4자리,EQU_EQUIPMENT.BUILD_YEAR,,,,,,,,,,,,,,,,,,,,,,,,,,,,,,,
6,COM_EQP_MST,장비마스터정보,EQP_AMT,장비금액,BIGINT,,,,,,,EQU_EQUIPMENT.COST,,,,,,,,,,,,,,,,,,,,,,,,,,,,,,,
7,COM_EQP_MST,장비마스터정보,USE_YMD,사용일자,VARCHAR,8,,,,,,EQU_EQUIPMENT.USED_DATE,,,,,,,,,,,,,,,,,,,,,,,,,,,,,,,
8,COM_EQP_MST,장비마스터정보,EQP_MNGR_ID,장비관리자ID,VARCHAR,20,,SYS_USER.USER_ID,,,장비를 관리하는 사람,EQU_EQUIPMENT.USER_ID,,,,,,,,,,,,,,,,,,,,,,,,,,,,,,,
9,COM_EQP_MST,장비마스터정보,BKDN_YN,고장여부,CHAR,1,,,,default 'N',,EQU_EQUIPMENT.IS_NOT_USE,,,,,,,,,,,,,,,,,,,,,,,,,,,,,,,
10,COM_EQP_MST,장비마스터정보,DEPT_TYPE_CD,부서유형코드,VARCHAR,2,,,,,,EQU_EQUIPMENT.BRANCH_BY,,,,,,,,,,,,,,,,,,,,,,,,,,,,,,,
11,COM_EQP_MST,장비마스터정보,MTRL_CD,자재코드,VARCHAR,20,,,,,,EQU_EQUIPMENT.FINANCE_CODE,,,,,,,,,,,,,,,,,,,,,,,,,,,,,,,
12,COM_EQP_MST,장비마스터정보,RMRK,비고,TEXT,,,,,,,EQU_EQUIPMENT.ECOMMENT,,,,,,,,,,,,,,,,,,,,,,,,,,,,,,,
13,COM_EQP_MST,장비마스터정보,FRST_ACRCY_INSP_YMD,최초정도검사일자,VARCHAR,8,,,,,,,,,,,,,,,,,,,,,,,,,,,,,,,,,,,,,
14,COM_EQP_MST,장비마스터정보,ACRCY_INSP_YMD,정도검사일자,VARCHAR,8,,,,,,,,,,,,,,,,,,,,,,,,,,,,,,,,,,,,,
15,COM_EQP_MST,장비마스터정보,USE_YN,사용여부,CHAR,1,,,,default 'Y',,EQU_EQUIPMENT.STATUS,,,,,,,,,,,,,,,,,,,,,,,,,,,,,,,
16,COM_EQP_MST,장비마스터정보,RGTR_ID,등록자ID,VARCHAR,20,,SYS_USER.USER_ID,,,,EQU_EQUIPMENT.CREATED_BY,,,,,,,,,,,,,,,,,,,,,,,,,,,,,,,
17,COM_EQP_MST,장비마스터정보,REG_DT,등록일시,DATETIME,,,,,,,EQU_EQUIPMENT.CREATED_DATE,,,,,,,,,,,,,,,,,,,,,,,,,,,,,,,
18,COM_EQP_MST,장비마스터정보,MDFR_ID,수정자ID,VARCHAR,20,,SYS_USER.USER_ID,,,,EQU_EQUIPMENT.UPDATED_BY,,,,,,,,,,,,,,,,,,,,,,,,,,,,,,,
19,COM_EQP_MST,장비마스터정보,MDFCN_DT,수정일시,DATETIME,,,,,,,EQU_EQUIPMENT.UPDATED_DATE,,,,,,,,,,,,,,,,,,,,,,,,,,,,,,,
1,COM_EQP_CTGRY_INFO,#N/A,EQP_CTGRY_ID,장비범주ID,VARCHAR,4,Y,,Y,,"GRP_ID='316'  
상위코드 GRP_ID='315'
예) 1001,1002, 1003",EQU_CATEGORY.ID,,,,,,,,,,,,,,,,,,,,,,,,,,,,,,,
2,COM_EQP_CTGRY_INFO,#N/A,EQP_CTGRY_NM,장비범주명,VARCHAR,255,,,,,ID 하나는 검사장비 또 다른 아이디는 검사소에서 사용하는 물품 장비,EQU_CATEGORY.NAME,,,,,,,,,,,,,,,,,,,,,,,,,,,,,,,
3,COM_EQP_CTGRY_INFO,#N/A,EQP_YN,장비여부,CHAR,1,,,,default 'Y',물품장비 = 바코드프린트 등.,EQU_CATEGORY.IS_EQUIPMENT,,,,,,,,,,,,,,,,,,,,,,,,,,,,,,,
4,COM_EQP_CTGRY_INFO,#N/A,USE_YN,사용여부,CHAR,1,,,,default 'Y',,EQU_CATEGORY.STATUS,,,,,,,,,,,,,,,,,,,,,,,,,,,,,,,
5,COM_EQP_CTGRY_INFO,#N/A,RGTR_ID,등록자ID,VARCHAR,20,,SYS_USER.USER_ID,,,"검사장비 = 제동 , 브레이그 배출가스 장비등.",EQU_CATEGORY.CREATED_BY,,,,,,,,,,,,,,,,,,,,,,,,,,,,,,,
6,COM_EQP_CTGRY_INFO,#N/A,REG_DT,등록일시,DATETIME,,,,,,,EQU_CATEGORY.CREATED_DATE,,,,,,,,,,,,,,,,,,,,,,,,,,,,,,,
7,COM_EQP_CTGRY_INFO,#N/A,MDFR_ID,수정자ID,VARCHAR,20,,SYS_USER.USER_ID,,,생성,EQU_CATEGORY.UPDATED_BY,,,,,,,,,,,,,,,,,,,,,,,,,,,,,,,
8,COM_EQP_CTGRY_INFO,#N/A,MDFCN_DT,수정일시,DATETIME,,,,,,,EQU_CATEGORY.UPDATED_DATE,,,,,,,,,,,,,,,,,,,,,,,,,,,,,,,
1,COM_EQP_RPR,장비수리정보,EQP_MST_ID,장비마스터ID,BIGINT,,Y,COM_EQP_MST.EQP_MST_ID,Y,,,EQU_FIX.EQUIPMENT_ID,,,,,,,,,,,,,,,,,,,,,,,,,,,,,,,
2,COM_EQP_RPR,장비수리정보,EQP_RPR_ID,장비수리ID,BIGINT,,Y,,Y,AUTO_INCREMEN,,EQU_FIX.ID,,,,,,,,,,,,,,,,,,,,,,,,,,,,,,,
3,COM_EQP_RPR,장비수리정보,RPR_TYPE_CD,수리유형코드,VARCHAR,2,,,,,GRP_ID= '318',EQU_FIX.FIX_TYPE_ID,,,,,,,,,,,,,,,,,,,,,,,,,,,,,,,
4,COM_EQP_RPR,장비수리정보,EQP_TECH_MBCMT_ID,장비기술위원ID,VARCHAR,20,,COM_EQP_TECH_MBCMT.EQP_TECH_MBCMT_ID,,,,EQU_FIX.TECH_COMMISS_ID,,,,,,,,,,,,,,,,,,,,,,,,,,,,,,,
5,COM_EQP_RPR,장비수리정보,WHOL_RPR_CST,전체수리비용,DECIMAL,"36,2",,,,,,EQU_FIX.TOTAL_COST,,,,,,,,,,,,,,,,,,,,,,,,,,,,,,,
6,COM_EQP_RPR,장비수리정보,RPR_YMD,수리일자,VARCHAR,8,,,,,,EQU_FIX.FIX_DATE,,,,,,,,,,,,,,,,,,,,,,,,,,,,,,,
7,COM_EQP_RPR,장비수리정보,NOTE_REASON,고장사유,TEXT,,,,,,"고장 원인, 책임자, 수리비용 금액",EQU_FIX.NOTE_REASON,,,,,,,,,,,,,,,,,,,,,,,,,,,,,,,
8,COM_EQP_RPR,장비수리정보,LAST_JGMT_YN,최종판정여부,CHAR,1,,,,default 'N',폐기 또는 수리 처리를 위한 공식 판정 상태 그리고 레포트 출력 가능,EQU_FIX.IS_AKT,,,,,,,,,,,,,,,,,,,,,,,,,,,,,,,
9,COM_EQP_RPR,장비수리정보,RPR_NMTM,수리 횟수,INT,,,,,,장비수리정보.장비마스터ID로 조회 하여 +1을 한다.,EQU_FIX.FIX_COUNT,,,,,,,,,,,,,,,,,,,,,,,,,,,,,,,
10,COM_EQP_RPR,장비수리정보,RMRK1,비고1,TEXT,,,,,,장비 점검 시 또는 장비 점검 결과,EQU_FIX.NOTE1,,,,,,,,,,,,,,,,,,,,,,,,,,,,,,,
11,COM_EQP_RPR,장비수리정보,RMRK2,비고2,TEXT,,,,,,작동 점검 시 또는 시운전시,EQU_FIX.NOTE2,,,,,,,,,,,,,,,,,,,,,,,,,,,,,,,
12,COM_EQP_RPR,장비수리정보,RMRK3,비고3,TEXT,,,,,,분해 점검 시 ,EQU_FIX.NOTE3,,,,,,,,,,,,,,,,,,,,,,,,,,,,,,,
13,COM_EQP_RPR,장비수리정보,NOTE_COMISS,위원회 의견,TEXT,,,,,,위원회 결정 또는 판정결과,EQU_FIX.NOTE_COMISS,,,,,,,,,,,,,,,,,,,,,,,,,,,,,,,
14,COM_EQP_RPR,장비수리정보,RPR_OPRTR_ID,수리작업자ID,VARCHAR,20,,SYS_USER.USER_ID,,,,EQU_FIX.USER_ID,,,,,,,,,,,,,,,,,,,,,,,,,,,,,,,
15,COM_EQP_RPR,장비수리정보,LAST_JGMT_CNFDOC_NO,최종판정확인서번호,VARCHAR,10,,,,,"최종판정여부 에서 선택된 항목을 저장 할 경우 생성된다.
기술 위원회의 공식 판정서(Act) 발행 여부 레포트에 사용될 번호
생성시 예 001",EQU_FIX.AKT_NO,,,,,,,,,,,,,,,,,,,,,,,,,,,,,,,
16,COM_EQP_RPR,장비수리정보,EQP_TRSM_ID,장비전송ID,VARCHAR,,Y,,,,,EQU_TRANSFER.ID,,,,,,,,,,,,,,,,,,,,,,,,,,,,,,,
17,COM_EQP_RPR,장비수리정보,USE_YN,사용여부,CHAR,1,,,,default 'Y',이 장비수리정보는 유효하거나 또는 실수나 임시저장일경우 N 으로,EQU_FIX.STATUS,,,,,,,,,,,,,,,,,,,,,,,,,,,,,,,
18,COM_EQP_RPR,장비수리정보,RGTR_ID,등록자ID,VARCHAR,20,,SYS_USER.USER_ID,,,,EQU_FIX.CREATED_BY,,,,,,,,,,,,,,,,,,,,,,,,,,,,,,,
19,COM_EQP_RPR,장비수리정보,REG_DT,등록일시,DATETIME,,,,,,,EQU_FIX.CREATED_DATE,,,,,,,,,,,,,,,,,,,,,,,,,,,,,,,
20,COM_EQP_RPR,장비수리정보,MDFR_ID,수정자ID,VARCHAR,20,,SYS_USER.USER_ID,,,,EQU_FIX.UPDATED_BY,,,,,,,,,,,,,,,,,,,,,,,,,,,,,,,
21,COM_EQP_RPR,장비수리정보,MDFCN_DT,수정일시,DATETIME,,,,,,,EQU_FIX.UPDATED_DATE,,,,,,,,,,,,,,,,,,,,,,,,,,,,,,,
1,COM_EQP_RPR_DTL,장비수리상세정보,EQP_MST_ID,장비마스터ID,BIGINT,,Y,COM_EQP_MST.EQP_MST_ID,Y,,,EQU_FIX_DETAIL.FIX_ID,,,,,,,,,,,,,,,,,,,,,,,,,,,,,,,
2,COM_EQP_RPR_DTL,장비수리상세정보,EQP_RPR_DTL_ID,장비수리상세ID,BIGINT,,Y,,Y,AUTO_INCREMEN,,EQU_FIX_DETAIL.ID,,,,,,,,,,,,,,,,,,,,,,,,,,,,,,,
3,COM_EQP_RPR_DTL,장비수리상세정보,RSRV_PRTS_ID,예비부품ID,BIGINT,,,COM_EQP_RSRV_PRIS.RSRV_PRTS_ID,,,,EQU_FIX_DETAIL.PART_ID,,,,,,,,,,,,,,,,,,,,,,,,,,,,,,,
4,COM_EQP_RPR_DTL,장비수리상세정보,SPMT_QTY,출고수량,INT,2,,,,,장비예비부품정보.현재재고 값을 비교 하면서 입력 가능하다,EQU_FIX_DETAIL.USE_COUNT,,,,,,,,,,,,,,,,,,,,,,,,,,,,,,,
5,COM_EQP_RPR_DTL,장비수리상세정보,SPMT_UNTPRC_AMT,출고단가금액,BIGINT,,,,,,출고수량 * 장비예비부품정보.장비금액,EQU_FIX_DETAIL.AMOUNT,,,,,,,,,,,,,,,,,,,,,,,,,,,,,,,
6,COM_EQP_RPR_DTL,장비수리상세정보,RGTR_ID,등록자ID,VARCHAR,20,,SYS_USER.USER_ID,,,,EQU_FIX.CREATED_BY,,,,,,,,,,,,,,,,,,,,,,,,,,,,,,,
7,COM_EQP_RPR_DTL,장비수리상세정보,REG_DT,등록일시,DATETIME,,,,,,,EQU_FIX.CREATED_DATE,,,,,,,,,,,,,,,,,,,,,,,,,,,,,,,
8,COM_EQP_RPR_DTL,장비수리상세정보,MDFR_ID,수정자ID,VARCHAR,20,,SYS_USER.USER_ID,,,,EQU_FIX.UPDATED_BY,,,,,,,,,,,,,,,,,,,,,,,,,,,,,,,
9,COM_EQP_RPR_DTL,장비수리상세정보,MDFCN_DT,수정일시,DATETIME,,,,,,,EQU_FIX.UPDATED_DATE,,,,,,,,,,,,,,,,,,,,,,,,,,,,,,,
1,COM_EQP_MDL,장비모델정보,EQP_MDL_ID,장비모델ID,BIGINT,,Y,,Y,AUTO_INCREMEN,,EQU_MODEL.ID,,,,,,,,,,,,,,,,,,,,,,,,,,,,,,,
2,COM_EQP_MDL,장비모델정보,EQP_MDL_NM,장비모델명,VARCHAR,255,,,,,,EQU_MODEL.NAME,,,,,,,,,,,,,,,,,,,,,,,,,,,,,,,
3,COM_EQP_MDL,장비모델정보,EQP_CTGRY_CD,장비범주ID,VARCHAR,4,,COM_EQP_CTGRY_INFO.EQP_CTGRY_ID,,,"GRP_ID= '315'
GRP_ID= '316'",EQU_MODEL.CATEGORY_ID,,,,,,,,,,,,,,,,,,,,,,,,,,,,,,,
4,COM_EQP_MDL,장비모델정보,NTN_CD,국가코드,VARCHAR,3,,SYS_CD_GRP.GRP_ID,,,GRP_ID= '018',EQU_MODEL.COUNTRY_ID,,,,,,,,,,,,,,,,,,,,,,,,,,,,,,,
5,COM_EQP_MDL,장비모델정보,EQP_AMT,장비금액,BIGINT,,,,,,,EQU_MODEL.COST,,,,,,,,,,,,,,,,,,,,,,,,,,,,,,,
6,COM_EQP_MDL,장비모델정보,EQP_UNIT_CD,장비단위코드,VARCHAR,1,,SYS_CD_GRP.GRP_ID,,,GRP_ID= '317',EQU_MODEL.UNIT,,,,,,,,,,,,,,,,,,,,,,,,,,,,,,,
7,COM_EQP_MDL,장비모델정보,EQP_YN,장비여부,CHAR,1,,,,default 'Y',,EQU_MODEL.IS_EQUIPMENT,,,,,,,,,,,,,,,,,,,,,,,,,,,,,,,
8,COM_EQP_MDL,장비모델정보,ACTL_EQP_LNKG_PRGRM,장비연결,VARCHAR,255,,,,,장비로 포트 연결 해서 값 받아오는 클라이언트 클래스 이름이 있다.,EQU_MODEL.CLASS_NAME,,,,,,,,,,,,,,,,,,,,,,,,,,,,,,,
9,COM_EQP_MDL,장비모델정보,DESCRIPTION,장비모델설명,TEXT,,,,,,기존 2000자 이상이다.,EQU_MODEL.DESCRIPTION,,,,,,,,,,,,,,,,,,,,,,,,,,,,,,,
10,COM_EQP_MDL,장비모델정보,EQP_RSLT_TRSM_YN,장비결과전송여부,CHAR,1,,,,default 'Y',클라이언트로 장비결과값을 전송 하는지 확인,EQU_MODEL.IS_SEND_PC,,,,,,,,,,,,,,,,,,,,,,,,,,,,,,,
11,COM_EQP_MDL,장비모델정보,USE_YN,사용여부,CHAR,1,,,,default 'Y',,EQU_MODEL.STATUS,,,,,,,,,,,,,,,,,,,,,,,,,,,,,,,
12,COM_EQP_MDL,장비모델정보,RGTR_ID,등록자ID,VARCHAR,20,,SYS_USER.USER_ID,,,,EQU_MODEL.CREATED_BY,,,,,,,,,,,,,,,,,,,,,,,,,,,,,,,
13,COM_EQP_MDL,장비모델정보,REG_DT,등록일시,DATETIME,,,,,,,EQU_MODEL.CREATED_DATE,,,,,,,,,,,,,,,,,,,,,,,,,,,,,,,
14,COM_EQP_MDL,장비모델정보,MDFR_ID,수정자ID,VARCHAR,20,,SYS_USER.USER_ID,,,,EQU_MODEL.UPDATED_BY,,,,,,,,,,,,,,,,,,,,,,,,,,,,,,,
15,COM_EQP_MDL,장비모델정보,MDFCN_DT,수정일시,DATETIME,,,,,,,EQU_MODEL.UPDATED_DATE,,,,,,,,,,,,,,,,,,,,,,,,,,,,,,,
1,COM_EQP_RSRV_PRIS,장비예비부품정보,RSRV_PRTS_ID,예비부품ID,BIGINT,,Y,,Y,AUTO_INCREMEN,,EQU_SPARE_PART.ID,,,,,,,,,,,,,,,,,,,,,,,,,,,,,,,
2,COM_EQP_RSRV_PRIS,장비예비부품정보,RSRV_PRTS_NM,예비부품명,VARCHAR2,200,,,,,,EQU_SPARE_PART.NAME,,,,,,,,,,,,,,,,,,,,,,,,,,,,,,,
3,COM_EQP_RSRV_PRIS,장비예비부품정보,EQP_CTGRY_ID,장비범주ID,VARCHAR,4,,COM_EQP_CTGRY_INFO.EQP_CTGRY_ID,,,"GRP_ID =  '315'
GRP_ID =  '316'",EQU_SPARE_PART.CATEGORY_ID,,,,,,,,,,,,,,,,,,,,,,,,,,,,,,,
4,COM_EQP_RSRV_PRIS,장비예비부품정보,EQP_AMT,장비금액,BIGINT,,,,,,,EQU_SPARE_PART.COST,,,,,,,,,,,,,,,,,,,,,,,,,,,,,,,
5,COM_EQP_RSRV_PRIS,장비예비부품정보,NOW_INVT_QTY,현재재고량,INT,,,,,,,EQU_SPARE_PART.BALANCE,,,,,,,,,,,,,,,,,,,,,,,,,,,,,,,
6,COM_EQP_RSRV_PRIS,장비예비부품정보,FLCTN_QTY,변동수량,INT,,,,,,,EQU_SPARE_PART.PARCEL,,,,,,,,,,,,,,,,,,,,,,,,,,,,,,,
7,COM_EQP_RSRV_PRIS,장비예비부품정보,MTRL_CD,자재코드,VARCHAR2,20,,,,,?,EQU_SPARE_PART.FINANCE_CODE,,,,,,,,,,,,,,,,,,,,,,,,,,,,,,,
8,COM_EQP_RSRV_PRIS,장비예비부품정보,USE_YN,사용여부,CHAR,1,,,,default 'Y',,EQU_SPARE_PART.STATUS,,,,,,,,,,,,,,,,,,,,,,,,,,,,,,,
9,COM_EQP_RSRV_PRIS,장비예비부품정보,RGTR_ID,등록자ID,VARCHAR,20,,SYS_USER.USER_ID,,,,EQU_SPARE_PART.CREATED_BY,,,,,,,,,,,,,,,,,,,,,,,,,,,,,,,
10,COM_EQP_RSRV_PRIS,장비예비부품정보,REG_DT,등록일시,DATETIME,,,,,,,EQU_SPARE_PART.CREATED_DATE,,,,,,,,,,,,,,,,,,,,,,,,,,,,,,,
11,COM_EQP_RSRV_PRIS,장비예비부품정보,MDFR_ID,수정자ID,VARCHAR,20,,SYS_USER.USER_ID,,,,EQU_SPARE_PART.UPDATED_BY,,,,,,,,,,,,,,,,,,,,,,,,,,,,,,,
12,COM_EQP_RSRV_PRIS,장비예비부품정보,MDFCN_DT,수정일시,DATETIME,,,,,,,EQU_SPARE_PART.UPDATED_DATE,,,,,,,,,,,,,,,,,,,,,,,,,,,,,,,
1,COM_EQP_TECH_MBCMT,장비기술위원정보,EQP_TECH_MBCMT_ID,장비기술위원ID,BIGINT,,Y,,Y,AUTO_INCREMEN,,EQU_TECH_COMMISS.ID,,,,,,,,,,,,,,,,,,,,,,,,,,,,,,,
2,COM_EQP_TECH_MBCMT,장비기술위원정보,CHRPR_ID,위원장ID,VARCHAR,20,,SYS_USER.USER_ID,,,ID로 변경,,,,,,,,,,,,,,,,,,,,,,,,,,,,,,,,
3,COM_EQP_TECH_MBCMT,장비기술위원정보,CHRPR_NM,위원장명,VARCHAR,100,,,,,기존에는 이름 입력 함,EQU_TECH_COMMISS.CHAIRMAN,,,,,,,,,,,,,,,,,,,,,,,,,,,,,,,
4,COM_EQP_TECH_MBCMT,장비기술위원정보,PBADMS_TKCG_ID,행정담당ID,VARCHAR,20,,SYS_USER.USER_ID,,,ID로 변경,,,,,,,,,,,,,,,,,,,,,,,,,,,,,,,,
5,COM_EQP_TECH_MBCMT,장비기술위원정보,PBADMS_TKCG_NM,행정담당명,VARCHAR,100,,,,,기존에는 이름 입력 함,EQU_TECH_COMMISS.ASSISTANT,,,,,,,,,,,,,,,,,,,,,,,,,,,,,,,
6,COM_EQP_TECH_MBCMT,장비기술위원정보,CPST1_ID,구성원1ID,VARCHAR,20,,SYS_USER.USER_ID,,,ID로 변경,,,,,,,,,,,,,,,,,,,,,,,,,,,,,,,,
7,COM_EQP_TECH_MBCMT,장비기술위원정보,CPST_1_NM,구성원1명,VARCHAR,100,,,,,기존에는 이름 입력 함,EQU_TECH_COMMISS.MEMBER1,,,,,,,,,,,,,,,,,,,,,,,,,,,,,,,
8,COM_EQP_TECH_MBCMT,장비기술위원정보,CPST2_ID,구성원2ID,VARCHAR,20,,SYS_USER.USER_ID,,,ID로 변경,,,,,,,,,,,,,,,,,,,,,,,,,,,,,,,,
9,COM_EQP_TECH_MBCMT,장비기술위원정보,CPST_2_NM,구성원2명,VARCHAR,100,,,,,기존에는 이름 입력 함,EQU_TECH_COMMISS.MEMBER2,,,,,,,,,,,,,,,,,,,,,,,,,,,,,,,
10,COM_EQP_TECH_MBCMT,장비기술위원정보,CPST3_ID,구성원3ID,VARCHAR,20,,SYS_USER.USER_ID,,,ID로 변경,,,,,,,,,,,,,,,,,,,,,,,,,,,,,,,,
11,COM_EQP_TECH_MBCMT,장비기술위원정보,CPST_3_NM,구성원3명,VARCHAR,100,,,,,기존에는 이름 입력 함,,,,,,,,,,,,,,,,,,,,,,,,,,,,,,,,
12,COM_EQP_TECH_MBCMT,장비기술위원정보,USE_YN,사용여부,CHAR,1,,,,default 'Y',,EQU_TECH_COMMISS.STATUS,,,,,,,,,,,,,,,,,,,,,,,,,,,,,,,
13,COM_EQP_TECH_MBCMT,장비기술위원정보,RGTR_ID,등록자ID,VARCHAR,20,,SYS_USER.USER_ID,,,,EQU_TECH_COMMISS.UPDATED_BY,,,,,,,,,,,,,,,,,,,,,,,,,,,,,,,
14,COM_EQP_TECH_MBCMT,장비기술위원정보,REG_DT,등록일시,DATETIME,,,,,,,EQU_TECH_COMMISS.UPDATED_DATE,,,,,,,,,,,,,,,,,,,,,,,,,,,,,,,
15,COM_EQP_TECH_MBCMT,장비기술위원정보,MDFR_ID,수정자ID,VARCHAR,20,,SYS_USER.USER_ID,,,,EQU_TECH_COMMISS.CREATED_BY,,,,,,,,,,,,,,,,,,,,,,,,,,,,,,,
16,COM_EQP_TECH_MBCMT,장비기술위원정보,MDFCN_DT,수정일시,DATETIME,,,,,,,EQU_TECH_COMMISS.CREATED_DATE,,,,,,,,,,,,,,,,,,,,,,,,,,,,,,,
1,,#N/A,EQP_TRSM_ID,장비전송ID,BIGINT,,Y,,Y,AUTO_INCREMEN,,EQU_TRANSFER.ID,,,,,,,,,,,,,,,,,,,,,,,,,,,,,,,
2,,#N/A,SNDR_ID,발송자ID,VARCHAR,20,,SYS_USER.USER_ID,,,,EQU_TRANSFER.FROM_ID,,,,,,,,,,,,,,,,,,,,,,,,,,,,,,,
3,,#N/A,RCPNT_ID,수령자ID,VARCHAR,20,,SYS_USER.USER_ID,,,,EQU_TRANSFER.TO_ID,,,,,,,,,,,,,,,,,,,,,,,,,,,,,,,
4,,#N/A,EQP_MST_ID,장비마스터ID,BIGINT,,,COM_EQP_MST.EQP_MST_ID,,,,EQU_TRANSFER.EQU_ID,,,,,,,,,,,,,,,,,,,,,,,,,,,,,,,
5,,#N/A,SNDNG_YMD,발송일자,VARCHAR,8,,,,,,EQU_TRANSFER.SEND_DATE,,,,,,,,,,,,,,,,,,,,,,,,,,,,,,,
6,,#N/A,RCV_YMD,수령일자,VARCHAR,8,,,,,,EQU_TRANSFER.RECEIVE_DATE,,,,,,,,,,,,,,,,,,,,,,,,,,,,,,,
7,,#N/A,SNDNG_MEMO,발송메모,TEXT,,,,,,,EQU_TRANSFER.SEND_NOTE,,,,,,,,,,,,,,,,,,,,,,,,,,,,,,,
8,,#N/A,RCV_IDFR_ID,수령확인자 ID,VARCHAR,20,,SYS_USER.USER_ID,,,,EQU_TRANSFER.RECEIVE_ID,,,,,,,,,,,,,,,,,,,,,,,,,,,,,,,
9,,#N/A,RCV_MEMO,수령메모,TEXT,,,,,,,EQU_TRANSFER.RECEIVE_NOTE,,,,,,,,,,,,,,,,,,,,,,,,,,,,,,,
10,,#N/A,USE_YN,사용여부,CHAR,1,,,,default 'Y',,EQU_TRANSFER.STATUS,,,,,,,,,,,,,,,,,,,,,,,,,,,,,,,
11,,#N/A,RGTR_ID,등록자ID,VARCHAR,20,,SYS_USER.USER_ID,,,,,,,,,,,,,,,,,,,,,,,,,,,,,,,,,,,
12,,#N/A,REG_DT,등록일시,DATETIME,,,,,,,EQU_TRANSFER.CREATED_DATE,,,,,,,,,,,,,,,,,,,,,,,,,,,,,,,
13,,#N/A,MDFR_ID,수정자ID,VARCHAR,20,,SYS_USER.USER_ID,,,,EQU_TRANSFER.UPDATED_BY,,,,,,,,,,,,,,,,,,,,,,,,,,,,,,,
14,,#N/A,MDFCN_DT,수정일시,DATETIME,,,,,,,EQU_TRANSFER.UPDATED_DATE,,,,,,,,,,,,,,,,,,,,,,,,,,,,,,,
15,,#N/A,BRNO,사업자등록번호,VARCHAR,10,Y,,Y,,중복확인,REG_LIFTER_COMPANY.REGISTER,,,,,,,,,,,,,,,,,,,,,,,,,,,,,,,
16,,#N/A,BZENTY_NM,업체명,VARCHAR,100,,,,,,REG_LIFTER_COMPANY.NAME,,,,,,,,,,,,,,,,,,,,,,,,,,,,,,,
17,,#N/A,RPRSV_NM,대표자명,VARCHAR,100,,,,,,REG_LIFTER_COMPANY.LEADER,,,,,,,,,,,,,,,,,,,,,,,,,,,,,,,
18,,#N/A,EML,이메일,VARCHAR,30,,,,,,REG_LIFTER_COMPANY.EMAIL,,,,,,,,,,,,,,,,,,,,,,,,,,,,,,,
19,,#N/A,TELNO,전화번호,VARCHAR,30,,,,,,REG_LIFTER_COMPANY.PHONE,,,,,,,,,,,,,,,,,,,,,,,,,,,,,,,
20,,#N/A,ADDR,주소,VARCHAR,100,,,,,문장으로 있을듯,REG_LIFTER_COMPANY.ADDRESS,,,,,,,,,,,,,,,,,,,,,,,,,,,,,,,
21,,#N/A,LFT_CMP_TYPE_CD,리프트회사유형코드,VARCHAR,1,,SYS_CD_GRP.GRP_ID,,,GRP_ID= '320',REG_LIFTER_COMPANY.TYPE,,,,,,,,,,,,,,,,,,,,,,,,,,,,,,,
22,,#N/A,USE_YN,사용여부,VARCHAR,1,,,,,,REG_LIFTER_COMPANY.STATUS,,JOURNAL 숫자형으로 되어 있음,,,,,,,,,,,,,,,,,,,,,,,,,,,,,
23,,#N/A,RGTR_ID,등록자ID,VARCHAR,20,,SYS_USER.USER_ID,,,,,,SOURCE_ID 숫자형이다.,,,,,,,,,,,,,,,,,,,,,,,,,,,,,
24,,#N/A,REG_DT,등록일시,DATETIME,,,,,,,,,,,,,,,,,,,,,,,,,,,,,,,,,,,,,,
25,,#N/A,MDFR_ID,수정자ID,VARCHAR,20,,SYS_USER.USER_ID,,,,,,,,,,,,,,,,,,,,,,,,,,,,,,,,,,,
26,,#N/A,MDFCN_DT,수정일시,DATETIME,,,,,,,,,,,,,,,,,,,,,,,,,,,,,,,,,,,,,,
27,,#N/A,OWNR_UNQ_NO,소유자고유번호,VARCHAR,,Y,,,,중복확인,REG_LIFTER_OWNER.OWNER_ID,,,,,,,,,,,,,,,,,,,,,,,,,,,,,,,
28,,#N/A,OWNR_NM,소유자명,VARCHAR,100,,,,,,REG_LIFTER_OWNER.NAME,,,,,,,,,,,,,,,,,,,,,,,,,,,,,,,
29,,#N/A,OWNR_REG_NO,소유자등록번호,VARCHAR,,,,,,,REG_LIFTER_OWNER.REGISTER_NO,,,,,,,,,,,,,,,,,,,,,,,,,,,,,,,
30,,#N/A,OWNR_TYPE_CD,소유자유형코드,VARCHAR,2,,SYS_CD_GRP.GRP_ID,,,GRP_ID='022',REG_LIFTER_OWNER.TYPE_ID,,,,,,,,,,,,,,,,,,,,,,,,,,,,,,,
31,,#N/A,ADDR_CD,소유자주소코드,VARCHAR,10,,REF_ADDR.ADDR_CD,,,,"REG_LIFTER_OWNER.PROVINCE_ID
REG_LIFTER_OWNER.DISTRICT_ID",,,,,,,,,,,,,,,,,,,,,,,,,,,,,,,
32,,#N/A,DADDR,상세주소,VARCHAR,200,,,,,,REG_LIFTER_OWNER.SUBDEV_NAME,,,,,,,,,,,,,,,,,,,,,,,,,,,,,,,
33,,#N/A,EML,이메일,VARCHAR,30,,,,,,REG_LIFTER_OWNER.EMAIL,,,,,,,,,,,,,,,,,,,,,,,,,,,,,,,
34,,#N/A,TELNO,전화번호,VARCHAR,30,,,,,,REG_LIFTER_OWNER.PHONE,,,,,,,,,,,,,,,,,,,,,,,,,,,,,,,
35,,#N/A,USE_YN,사용여부,CHAR,1,,,,default 'Y',,REG_LIFTER_OWNER.STATUS,,,,,,,,,,,,,,,,,,,,,,,,,,,,,,,
36,,#N/A,RGTR_ID,등록자ID,VARCHAR,20,,SYS_USER.USER_ID,,,,,,,,,,,,,,,,,,,,,,,,,,,,,,,,,,,
37,,#N/A,REG_DT,등록일시,DATETIME,,,,,,,,,,,,,,,,,,,,,,,,,,,,,,,,,,,,,,
38,,#N/A,MDFR_ID,수정자ID,VARCHAR,20,,SYS_USER.USER_ID,,,,,,,,,,,,,,,,,,,,,,,,,,,,,,,,,,,
39,,#N/A,MDFCN_DT,수정일시,DATETIME,,,,,,,,,,,,,,,,,,,,,,,,,,,,,,,,,,,,,,
40,,#N/A,FRST_VIN,최초차대번호,VARCHAR,17,Y,,Y,,,REG_LIFTER_VEHICLE.CABIN_NO,,,,,,,,,,,,,,,,,,,,,,,,,,,,,,,
41,,#N/A,VIN,차대번호,VARCHAR,17,,,,,,REG_LIFTER_VEHICLE.CABIN_NO,,,,,,,,,,,,,,,,,,,,,,,,,,,,,,,
42,,#N/A,VHRNO,자동차등록번호,VARCHAR,7,,,,,,REG_LIFTER_VEHICLE.PLATE_NO,,,,,,,,,,,,,,,,,,,,,,,,,,,,,,,
43,,#N/A,CARMDL_NM,차종명,VARCHAR,100,,,,,기존에 문장으로 쓴듯,REG_LIFTER_VEHICLE.VEHICLE_TYPE_NAME,,,,,,,,,,,,,,,,,,,,,,,,,,,,,,,
44,,#N/A,MKR_NM,제조사명,VARCHAR,100,,,,,,REG_LIFTER_VEHICLE.MARK_NAME,,,,,,,,,,,,,,,,,,,,,,,,,,,,,,,
45,,#N/A,MDL_NM,모델명,VARCHAR,100,,,,,,REG_LIFTER_VEHICLE.MODEL_NAME,,,,,,,,,,,,,,,,,,,,,,,,,,,,,,,
46,,#N/A,NTN_NM,국가명,VARCHAR,100,,,,,,REG_LIFTER_VEHICLE.COUNTRY_NAME,,,,,,,,,,,,,,,,,,,,,,,,,,,,,,,
47,,#N/A,MNFTR_YR,제조연도,VARCHAR,4,,,,,,REG_LIFTER_VEHICLE.BUILD_YEAR,,,,,,,,,,,,,,,,,,,,,,,,,,,,,,,
48,,#N/A,INCM_DT,수입일시,DATETIME,,,,,,,REG_LIFTER_VEHICLE.IMPORT_DATE,,,,,,,,,,,,,,,,,,,,,,,,,,,,,,,
49,,#N/A,MAX_LOAD,최대적재량,INT,,,,,,,REG_LIFTER_VEHICLE.MAX_LOAD,,,,,,,,,,,,,,,,,,,,,,,,,,,,,,,
50,,#N/A,LFT_VHCL_CLSF_CD,리프트차량분류코드,VARCHAR,1,,SYS_CD_GRP.GRP_ID,,,GRP_ID= '321',REG_LIFTER_VEHICLE.INDEX_TYPE,,,,,,,,,,,,,,,,,,,,,,,,,,,,,,,
51,,#N/A,REG_NO,등록번호,VARCHAR,10,,,,,,REG_LIFTER_VEHICLE.REG_NUM,,,,,,,,,,,,,,,,,,,,,,,,,,,,,,,
52,,#N/A,MNFTR_NO,제조번호,VARCHAR,20,,,,,,REG_LIFTER_VEHICLE.BUILD_NO,,,,,,,,,,,,,,,,,,,,,,,,,,,,,,,
53,,#N/A,MAX_HGT,최대높이,INT,,,,,,,REG_LIFTER_VEHICLE.MAX_HEIGHT,,,,,,,,,,,,,,,,,,,,,,,,,,,,,,,
54,,#N/A,OPTR_NM,운영자명,VARCHAR,100,,,,,,REG_LIFTER_VEHICLE.OPER_NAME,,,,,,,,,,,,,,,,,,,,,,,,,,,,,,,
55,,#N/A,OPTR_TELNO,운영자전화번호,VARCHAR,20,,,,,,REG_LIFTER_VEHICLE.OPER_PHONE,,,,,,,,,,,,,,,,,,,,,,,,,,,,,,,
56,,#N/A,CERT_BZENTY_BZMN_NO,인증업체사업자번호,VARCHAR,,,INSP_LFT_CMP.BRNO,,,,REG_LIFTER_VEHICLE.COM_VERIFY_ID,,,,,,,,,,,,,,,,,,,,,,,,,,,,,,,
57,,#N/A,RPR_BZENTY_BZMN_NO,수리업체사업자번호,VARCHAR,,,INSP_LFT_CMP.BRNO,,,,REG_LIFTER_VEHICLE.COM_REPAIR,,,,,,,,,,,,,,,,,,,,,,,,,,,,,,,
58,,#N/A,RSP_BZENTY_BZMN_NO,책임업체사업자번호,VARCHAR,,,INSP_LFT_CMP.BRNO,,,,REG_LIFTER_VEHICLE.COM_DEFENDANT,,,,,,,,,,,,,,,,,,,,,,,,,,,,,,,
59,,#N/A,CERT_VLD_YMD,인증유효기간,VARCHAR,8,,,,,,REG_LIFTER_VEHICLE.VALID_DATE,,,,,,,,,,,,,,,,,,,,,,,,,,,,,,,
60,,#N/A,OWNR_UNQ_NO,소유자고유번호,VARCHAR,,Y,INSP_LFT_OWNR.OWNR_UNQ_NO,,,,REG_LIFTER_VEHICLE.OWNER_ID,,,,,,,,,,,,,,,,,,,,,,,,,,,,,,,
61,,#N/A,ADD_EXPLN,추가설명,VARCHAR,200,,,,,,REG_LIFTER_VEHICLE.DESCRIPTION,,,,,,,,,,,,,,,,,,,,,,,,,,,,,,,
62,,#N/A,MXOT,최대출력,INT,,,,,,,REG_LIFTER_VEHICLE.MAX_POWER,,,,,,,,,,,,,,,,,,,,,,,,,,,,,,,
63,,#N/A,MSRMT_UNIT_CD,측정단위코드,VARCHAR,1,,SYS_CD_GRP.GRP_ID,,,GRP_ID= '322',REG_LIFTER_VEHICLE.UNIT_ID,,,,,,,,,,,,,,,,,,,,,,,,,,,,,,,
64,,#N/A,LFT_MKR_NM,리프트제조사명,VARCHAR,100,,,,,,REG_LIFTER_VEHICLE.LIFTER_MARK,,,,,,,,,,,,,,,,,,,,,,,,,,,,,,,
65,,#N/A,USE_YN,사용여부,CHAR,1,,,,default 'Y',,REG_LIFTER_VEHICLE.STATUS,,,,,,,,,,,,,,,,,,,,,,,,,,,,,,,
66,,#N/A,RGTR_ID,등록자ID,VARCHAR,20,,SYS_USER.USER_ID,,,,,,,,,,,,,,,,,,,,,,,,,,,,,,,,,,,
67,,#N/A,REG_DT,등록일시,DATETIME,,,,,,,,,,,,,,,,,,,,,,,,,,,,,,,,,,,,,,
68,,#N/A,MDFR_ID,수정자ID,VARCHAR,20,,SYS_USER.USER_ID,,,,,,,,,,,,,,,,,,,,,,,,,,,,,,,,,,,
69,,#N/A,MDFCN_DT,수정일시,DATETIME,,,,,,,,,,,,,,,,,,,,,,,,,,,,,,,,,,,,,,
1,COM_TSTR_CRCLM,검사자교육과정,EDU_YR,교육연도,VARCHAR,4,Y,,Y,,,,,,,,,,,,,,,,,,,,,,,,,,,,,,,,,,
2,COM_TSTR_CRCLM,검사자교육과정,EDU_CLSF_CD,교육분류코드,VARCHAR,2,Y,SYS_CD_GRP.GRP_ID,Y,,GRP_ID= '324',,,,,,,,,,,,,,,,,,,,,,,,,,,,,,,,
3,COM_TSTR_CRCLM,검사자교육과정,EDU_CYCL,교육차수,INT,,Y,,Y,,,,,,,,,,,,,,,,,,,,,,,,,,,,,,,,,,
4,COM_TSTR_CRCLM,검사자교육과정,CRCLM_NM,교육과정명,VARCHAR,100,,,,,,,,,,,,,,,,,,,,,,,,,,,,,,,,,,,,,
5,COM_TSTR_CRCLM,검사자교육과정,CRCLM_CN,교육과정내용,VARCHAR,2000,,,,,,,,,,,,,,,,,,,,,,,,,,,,,,,,,,,,,
6,COM_TSTR_CRCLM,검사자교육과정,EDU_PLC,교육장소,VARCHAR,,,,,,,,,,,,,,,,,,,,,,,,,,,,,,,,,,,,,,
7,COM_TSTR_CRCLM,검사자교육과정,EDU_PRD_BGNG_YMD,교육기간시작일자,VARCHAR,8,,,,,,,,,,,,,,,,,,,,,,,,,,,,,,,,,,,,,
8,COM_TSTR_CRCLM,검사자교육과정,EDU_PRD_END_YMD,교육기간종료일자,VARCHAR,8,,,,,,,,,,,,,,,,,,,,,,,,,,,,,,,,,,,,,
9,COM_TSTR_CRCLM,검사자교육과정,RCPT_PRD_BGNG_YMD,접수기간시작일자,VARCHAR,8,,,,,,,,,,,,,,,,,,,,,,,,,,,,,,,,,,,,,
10,COM_TSTR_CRCLM,검사자교육과정,RCPT_PRD_END_YMD,접수기간종료일자,VARCHAR,8,,,,,,,,,,,,,,,,,,,,,,,,,,,,,,,,,,,,,
11,COM_TSTR_CRCLM,검사자교육과정,EDU_ATNLC_NOPE,교육수강인원수,INT,,,,,,,,,,,,,,,,,,,,,,,,,,,,,,,,,,,,,,
12,COM_TSTR_CRCLM,검사자교육과정,EDU_AMT,교육금액,BIGINT,,,,,,,,,,,,,,,,,,,,,,,,,,,,,,,,,,,,,,
13,COM_TSTR_CRCLM,검사자교육과정,USE_YN,사용여부,CHAR,1,,,,default 'Y',,,,,,,,,,,,,,,,,,,,,,,,,,,,,,,,,
14,COM_TSTR_CRCLM,검사자교육과정,RGTR_ID,등록자ID,VARCHAR,20,,SYS_USER.USER_ID,,,,,,,,,,,,,,,,,,,,,,,,,,,,,,,,,,,
15,COM_TSTR_CRCLM,검사자교육과정,REG_DT,등록일시,DATETIME,,,,,,,,,,,,,,,,,,,,,,,,,,,,,,,,,,,,,,
16,COM_TSTR_CRCLM,검사자교육과정,MDFR_ID,수정자ID,VARCHAR,20,,SYS_USER.USER_ID,,,,,,,,,,,,,,,,,,,,,,,,,,,,,,,,,,,
17,COM_TSTR_CRCLM,검사자교육과정,MDFCN_DT,수정일시,DATETIME,,,,,,,,,,,,,,,,,,,,,,,,,,,,,,,,,,,,,,
1,COM_TSTR_EDU,검사자교육,EDU_YR,교육연도,VARCHAR,4,Y,COM_TSTR_CRCLM.EDU_YR,Y,,,,,,,,,,,,,,,,,,,,,,,,,,,,,,,,,,
2,COM_TSTR_EDU,검사자교육,EDU_CLSF_CD,교육분류코드,VARCHAR,2,Y,COM_TSTR_CRCLM.EDU_CLSF_CD,Y,,GRP_ID= '324',,,,,,,,,,,,,,,,,,,,,,,,,,,,,,,,
3,COM_TSTR_EDU,검사자교육,EDU_CYCL,교육차수,INT,,Y,COM_TSTR_CRCLM.EDU_CYCL,Y,,,,,,,,,,,,,,,,,,,,,,,,,,,,,,,,,,
4,COM_TSTR_EDU,검사자교육,TSTR_ID,검사자ID,VARCHAR,20,Y,,Y,,,,,,,,,,,,,,,,,,,,,,,,,,,,,,,,,,
5,COM_TSTR_EDU,검사자교육,EDU_PASS_YN,합격여부,VARCHAR,1,,,,default 'Y',,,,,,,,,,,,,,,,,,,,,,,,,,,,,,,,,
6,COM_TSTR_EDU,검사자교육,EDU_FAL_RSN,교육불합격사유,VARCHAR,2000,,,,,,,,,,,,,,,,,,,,,,,,,,,,,,,,,,,,,
7,COM_TSTR_EDU,검사자교육,USE_YN,사용여부,CHAR,1,,,,default 'Y',,,,,,,,,,,,,,,,,,,,,,,,,,,,,,,,,
8,COM_TSTR_EDU,검사자교육,RGTR_ID,등록자ID,VARCHAR,20,,SYS_USER.USER_ID,,,,,,,,,,,,,,,,,,,,,,,,,,,,,,,,,,,
9,COM_TSTR_EDU,검사자교육,REG_DT,등록일시,DATETIME,,,,,,,,,,,,,,,,,,,,,,,,,,,,,,,,,,,,,,
10,COM_TSTR_EDU,검사자교육,MDFR_ID,수정자ID,VARCHAR,20,,SYS_USER.USER_ID,,,,,,,,,,,,,,,,,,,,,,,,,,,,,,,,,,,
11,COM_TSTR_EDU,검사자교육,MDFCN_DT,수정일시,DATETIME,,,,,,,,,,,,,,,,,,,,,,,,,,,,,,,,,,,,,,
1,COM_TSTR_EDU_PRE_OCP,검사자교육선점,EDU_YR,교육연도,VARCHAR,4,Y,COM_TSTR_CRCLM.EDU_YR,Y,,,,,,,,,,,,,,,,,,,,,,,,,,,,,,,,,,
2,COM_TSTR_EDU_PRE_OCP,검사자교육선점,EDU_CLSF_CD,교육분류코드,VARCHAR,2,Y,COM_TSTR_CRCLM.EDU_CLSF_CD,Y,,GRP_ID= '324',,,,,,,,,,,,,,,,,,,,,,,,,,,,,,,,
3,COM_TSTR_EDU_PRE_OCP,검사자교육선점,EDU_CYCL,교육차수,INT,,Y,COM_TSTR_CRCLM.EDU_CYCL,Y,,,,,,,,,,,,,,,,,,,,,,,,,,,,,,,,,,
4,COM_TSTR_EDU_PRE_OCP,검사자교육선점,TSTR_ID,검사자ID,VARCHAR,20,Y,COM_TSTR_EDU.TSTR_ID,Y,,,,,,,,,,,,,,,,,,,,,,,,,,,,,,,,,,
5,COM_TSTR_EDU_PRE_OCP,검사자교육선점,DPST_YN,입금여부,VARCHAR,1,,,Y,default 'N',,,,,,,,,,,,,,,,,,,,,,,,,,,,,,,,,
6,COM_TSTR_EDU_PRE_OCP,검사자교육선점,RGTR_ID,등록자ID,VARCHAR,20,,SYS_USER.USER_ID,,,,,,,,,,,,,,,,,,,,,,,,,,,,,,,,,,,
7,COM_TSTR_EDU_PRE_OCP,검사자교육선점,REG_DT,등록일시,DATETIME,,,,,,,,,,,,,,,,,,,,,,,,,,,,,,,,,,,,,,
8,COM_TSTR_EDU_PRE_OCP,검사자교육선점,MDFR_ID,수정자ID,VARCHAR,20,,SYS_USER.USER_ID,,,,,,,,,,,,,,,,,,,,,,,,,,,,,,,,,,,
9,COM_TSTR_EDU_PRE_OCP,검사자교육선점,MDFCN_DT,수정일시,DATETIME,,,,,,,,,,,,,,,,,,,,,,,,,,,,,,,,,,,,,,
3,INSP_PRSCTN_SPEC_MNG,내압용기제원관리,MKR_CLSF_CD,제조사분류코드,VARCHAR,4,Y,SYS_CD_GRP.GRP_ID,Y,,GRP_ID= '331',,,,,,,,,,,,,,,,,,,,,,,,,,,,,,,,
1,INSP_PRSCTN_SPEC_MNG,내압용기제원관리,PRSCTN_SPEC_SN,내압용기제원일련번호,BIGINT,,Y,,Y,,,,,,,,,,,,,,,,,,,,,,,,,,,,,,,,,,
2,INSP_PRSCTN_SPEC_MNG,내압용기제원관리,MKR_CD,제조사코드,VARCHAR,7,,SYS_CD_GRP.GRP_ID,Y,,GRP_ID= '330',,,,,,,,,,,,,,,,,,,,,,,,,,,,,,,,
4,INSP_PRSCTN_SPEC_MNG,내압용기제원관리,MDL_NO,모델번호,VARCHAR,30,,,Y,,,,,,,,,,,,,,,,,,,,,,,,,,,,,,,,,,
5,INSP_PRSCTN_SPEC_MNG,내압용기제원관리,CTN_CPCT,용기용량,INT,,,,Y,,,,,,,,,,,,,,,,,,,,,,,,,,,,,,,,,,
6,INSP_PRSCTN_SPEC_MNG,내압용기제원관리,CTN_CPCT_CD,용기용량분류코드,VARCHAR,3,,,,,GRP_ID= '333',,,,,,,,,,,,,,,,,,,,,,,,,,,,,,,,
7,INSP_PRSCTN_SPEC_MNG,내압용기제원관리,FRM_CD,형식코드,VARCHAR,2,,,,,GRP_ID= '334',,,,,,,,,,,,,,,,,,,,,,,,,,,,,,,,
8,INSP_PRSCTN_SPEC_MNG,내압용기제원관리,FUEL_GAS_CD,연료가스코드,VARCHAR,2,,,,,GRP_ID= '335',,,,,,,,,,,,,,,,,,,,,,,,,,,,,,,,
9,INSP_PRSCTN_SPEC_MNG,내압용기제원관리,MNFTR_YMD,제작일자,VARCHAR,8,,,,,,,,,,,,,,,,,,,,,,,,,,,,,,,,,,,,,
10,INSP_PRSCTN_SPEC_MNG,내압용기제원관리,USE_PSBLTY_YR,사용가능연도,VARCHAR,2,,,,,"12,18   년도 제작년월로 12년 사용가능",,,,,,,,,,,,,,,,,,,,,,,,,,,,,,,,
11,INSP_PRSCTN_SPEC_MNG,내압용기제원관리,IMPTR_NM,수입업체명,VARCHAR,100,,,,,,,,,,,,,,,,,,,,,,,,,,,,,,,,,,,,,
12,INSP_PRSCTN_SPEC_MNG,내압용기제원관리,USE_YN,사용여부,VARCHAR,1,,,,,,,,,,,,,,,,,,,,,,,,,,,,,,,,,,,,,
13,INSP_PRSCTN_SPEC_MNG,내압용기제원관리,RGTR_ID,등록자ID,VARCHAR,20,,SYS_USER.USER_ID,,,,,,,,,,,,,,,,,,,,,,,,,,,,,,,,,,,
14,INSP_PRSCTN_SPEC_MNG,내압용기제원관리,REG_DT,등록일시,DATETIME,,,,,,,,,,,,,,,,,,,,,,,,,,,,,,,,,,,,,,
15,INSP_PRSCTN_SPEC_MNG,내압용기제원관리,MDFR_ID,수정자ID,VARCHAR,20,,SYS_USER.USER_ID,,,,,,,,,,,,,,,,,,,,,,,,,,,,,,,,,,,
16,INSP_PRSCTN_SPEC_MNG,내압용기제원관리,MDFCN_DT,수정일시,DATETIME,,,,,,,,,,,,,,,,,,,,,,,,,,,,,,,,,,,,,,
1,INSP_PRSCTN_REG,내압용기등록정보,PRSCTN_MNG_NO,내압용기관리번호,VARCHAR,27,Y,,Y,,"MKR_CD(4)+
CTN_MNFTR_YM(6)+
CTN_MNFTR_NO(12)+
CTN_SRL_NO(5)",,,,,,,,,,,,,,,,,,,,,,,,,,,,,,,,
3,INSP_PRSCTN_REG,내압용기등록정보,MKR_CLSF_CD,제조사분류코드,VARCHAR,4,,INSP_PRSCTN_SPEC_MNG.MKR_CLSF_CD,,,GRP_ID= '331',,,,,,,,,,,,,,,,,,,,,,,,,,,,,,,,
2,INSP_PRSCTN_REG,내압용기등록정보,PRSCTN_SPEC_SN,내압용기제원일련번호,BIGINT,,,INSP_PRSCTN_SPEC_MNG.PRSCTN_SPEC_SN,,,,,,,,,,,,,,,,,,,,,,,,,,,,,,,,,,,
3,INSP_PRSCTN_REG,내압용기등록정보,CTN_SRL_NO_SPCL_LTR,용기시리얼번호특수문자,VARCHAR,3,,,Y,,특수문자포함,,,,,,,,,,,,,,,,,,,,,,,,,,,,,,,,
5,INSP_PRSCTN_REG,내압용기등록정보,CTN_MNFTR_NO,용기제조번호,VARCHAR,12,,,,,특수문자포함,,,,,,,,,,,,,,,,,,,,,,,,,,,,,,,,
,INSP_PRSCTN_REG,내압용기등록정보,CTN_MNFTR_YM,용기제조년월,VARCHAR,6,,,,,'YYYYMM',,,,,,,,,,,,,,,,,,,,,,,,,,,,,,,,
4,INSP_PRSCTN_REG,내압용기등록정보,CTN_SRL_NO,용기시리얼번호,VARCHAR,5,,,Y,,특수문자미포함,,,,,,,,,,,,,,,,,,,,,,,,,,,,,,,,
6,INSP_PRSCTN_REG,내압용기등록정보,LAST_PASS_YMD,최종합격일자,VARCHAR,8,,,,,,,,,,,,,,,,,,,,,,,,,,,,,,,,,,,,,
7,INSP_PRSCTN_REG,내압용기등록정보,CTN_USE_NOCS,용기사용건수,INT,,,,,,,,,,,,,,,,,,,,,,,,,,,,,,,,,,,,,,
8,INSP_PRSCTN_REG,내압용기등록정보,USE_YN,사용여부,CHAR,1,,,,default 'Y',,,,,,,,,,,,,,,,,,,,,,,,,,,,,,,,,
9,INSP_PRSCTN_REG,내압용기등록정보,RGTR_ID,등록자ID,VARCHAR,20,,SYS_USER.USER_ID,,,,,,,,,,,,,,,,,,,,,,,,,,,,,,,,,,,
10,INSP_PRSCTN_REG,내압용기등록정보,REG_DT,등록일시,DATETIME,,,,,,,,,,,,,,,,,,,,,,,,,,,,,,,,,,,,,,
11,INSP_PRSCTN_REG,내압용기등록정보,MDFR_ID,수정자ID,VARCHAR,20,,SYS_USER.USER_ID,,,,,,,,,,,,,,,,,,,,,,,,,,,,,,,,,,,
12,INSP_PRSCTN_REG,내압용기등록정보,MDFCN_DT,수정일시,DATETIME,,,,,,,,,,,,,,,,,,,,,,,,,,,,,,,,,,,,,,
1,INSP_PRSCTN_VHCL_REG,내압용기자동차등록정보,FRST_VIN,최초차대번호,VARCHAR,17,Y,,Y,,,,,,,,,,,,,,,,,,,,,,,,,,,,,,,,,,
2,INSP_PRSCTN_VHCL_REG,내압용기자동차등록정보,VIN,차대번호,VARCHAR,17,,,,,,,,,,,,,,,,,,,,,,,,,,,,,,,,,,,,,
3,INSP_PRSCTN_VHCL_REG,내압용기자동차등록정보,PRSCTN_MNG_NO,내압용기관리번호,VARCHAR,27,Y,INSP_PRSCTN_REG.PRSCTN_MNG_NO,Y,,,,,,,,,,,,,,,,,,,,,,,,,,,,,,,,,,
4,INSP_PRSCTN_VHCL_REG,내압용기자동차등록정보,CTN_PSTN_NO,용기위치번호,INT,,Y,,Y,,,,,,,,,,,,,,,,,,,,,,,,,,,,,,,,,,
5,INSP_PRSCTN_VHCL_REG,내압용기자동차등록정보,CTN_REG_YMD,용기등록일자,VARCHAR,8,,,,,,,,,,,,,,,,,,,,,,,,,,,,,,,,,,,,,
,INSP_PRSCTN_VHCL_REG,내압용기자동차등록정보,USE_YN,사용여부,CHAR,1,,,,default 'Y',말소 또는 연료 변경시 'N',,,,,,,,,,,,,,,,,,,,,,,,,,,,,,,,
6,INSP_PRSCTN_VHCL_REG,내압용기자동차등록정보,RGTR_ID,등록자ID,VARCHAR,20,,SYS_USER.USER_ID,,,,,,,,,,,,,,,,,,,,,,,,,,,,,,,,,,,
7,INSP_PRSCTN_VHCL_REG,내압용기자동차등록정보,REG_DT,등록일시,DATETIME,,,,,,,,,,,,,,,,,,,,,,,,,,,,,,,,,,,,,,
8,INSP_PRSCTN_VHCL_REG,내압용기자동차등록정보,MDFR_ID,수정자ID,VARCHAR,20,,SYS_USER.USER_ID,,,,,,,,,,,,,,,,,,,,,,,,,,,,,,,,,,,
9,INSP_PRSCTN_VHCL_REG,내압용기자동차등록정보,MDFCN_DT,수정일시,DATETIME,,,,,,,,,,,,,,,,,,,,,,,,,,,,,,,,,,,,,,
1,INSP_PRSCTN_INSP_RCPT,내압용기검사접수,INSPST_CD,검사소코드,VARCHAR,7,Y,INSP_RCPT_MST.INSPST_CD,Y,,,,,,,,,,,,,,,,,,,,,,,,,,,,,,,,,,
2,INSP_PRSCTN_INSP_RCPT,내압용기검사접수,RCPT_YMD,접수일자,VARCHAR,8,Y,INSP_RCPT_MST.RCPT_YMD,Y,,,,,,,,,,,,,,,,,,,,,,,,,,,,,,,,,,
3,INSP_PRSCTN_INSP_RCPT,내압용기검사접수,RCPT_SEQ,접수순서,VARCHAR,4,Y,INSP_RCPT_MST.RCPT_SEQ,Y,,,,,,,,,,,,,,,,,,,,,,,,,,,,,,,,,,
4,INSP_PRSCTN_INSP_RCPT,내압용기검사접수,VIN,차대번호,VARCHAR,17,,,,,,,,,,,,,,,,,,,,,,,,,,,,,,,,,,,,,
5,INSP_PRSCTN_INSP_RCPT,내압용기검사접수,FRST_VIN,최초차대번호,VARCHAR,17,,,,,,,,,,,,,,,,,,,,,,,,,,,,,,,,,,,,,
6,INSP_PRSCTN_INSP_RCPT,내압용기검사접수,PRSCTN_MNG_NO,내압용기관리번호,VARCHAR,27,,,,,,,,,,,,,,,,,,,,,,,,,,,,,,,,,,,,,
7,INSP_PRSCTN_INSP_RCPT,내압용기검사접수,CTN_PSTN_NO,용기위치번호,INT,,Y,,Y,,,,,,,,,,,,,,,,,,,,,,,,,,,,,,,,,,
8,INSP_PRSCTN_INSP_RCPT,내압용기검사접수,RGTR_ID,등록자ID,VARCHAR,20,,SYS_USER.USER_ID,,,,,,,,,,,,,,,,,,,,,,,,,,,,,,,,,,,
9,INSP_PRSCTN_INSP_RCPT,내압용기검사접수,REG_DT,등록일시,DATETIME,,,,,,,,,,,,,,,,,,,,,,,,,,,,,,,,,,,,,,
10,INSP_PRSCTN_INSP_RCPT,내압용기검사접수,MDFR_ID,수정자ID,VARCHAR,20,,SYS_USER.USER_ID,,,,,,,,,,,,,,,,,,,,,,,,,,,,,,,,,,,
11,INSP_PRSCTN_INSP_RCPT,내압용기검사접수,MDFCN_DT,수정일시,DATETIME,,,,,,,,,,,,,,,,,,,,,,,,,,,,,,,,,,,,,,
1,INSP_PRSCTN_INSP_FAL,내압용기검사불합격,INSPST_CD,검사소코드,VARCHAR,7,Y,TB_INSP_RCPT_MST.RCPT_DEPT_CD,Y,,,,,,,,,,,,,,,,,,,,,,,,,,,,,,,,,,
2,INSP_PRSCTN_INSP_FAL,내압용기검사불합격,RCPT_YMD,접수일자,VARCHAR,8,Y,TB_INSP_RCPT_MST.RCPT_YMD,Y,,,,,,,,,,,,,,,,,,,,,,,,,,,,,,,,,,
3,INSP_PRSCTN_INSP_FAL,내압용기검사불합격,RCPT_SEQ,접수순서,VARCHAR,4,Y,TB_INSP_RCPT_MST.RCPT_SEQ,Y,,,,,,,,,,,,,,,,,,,,,,,,,,,,,,,,,,
4,INSP_PRSCTN_INSP_FAL,내압용기검사불합격,CTN_PSTN_NO,용기위치번호,INT,,Y,,Y,,,,,,,,,,,,,,,,,,,,,,,,,,,,,,,,,,
5,INSP_PRSCTN_INSP_FAL,내압용기검사불합격,FAL_CD,불합격코드,VARCHAR,4,Y,,Y,,GRP_ID= '337',,,,,,,,,,,,,,,,,,,,,,,,,,,,,,,,
6,INSP_PRSCTN_INSP_FAL,내압용기검사불합격,FAL_RSN,불합격사유,VARCHAR,1000,,,,,,,,,,,,,,,,,,,,,,,,,,,,,,,,,,,,,
7,INSP_PRSCTN_INSP_FAL,내압용기검사불합격,RGTR_ID,등록자ID,VARCHAR,20,,SYS_USER.USER_ID,,,,,,,,,,,,,,,,,,,,,,,,,,,,,,,,,,,
8,INSP_PRSCTN_INSP_FAL,내압용기검사불합격,REG_DT,등록일시,DATETIME,,,,,,,,,,,,,,,,,,,,,,,,,,,,,,,,,,,,,,
9,INSP_PRSCTN_INSP_FAL,내압용기검사불합격,MDFR_ID,수정자ID,VARCHAR,20,,SYS_USER.USER_ID,,,,,,,,,,,,,,,,,,,,,,,,,,,,,,,,,,,
10,INSP_PRSCTN_INSP_FAL,내압용기검사불합격,MDFCN_DT,수정일시,DATETIME,,,,,,,,,,,,,,,,,,,,,,,,,,,,,,,,,,,,,,
1,INSP_STF_FRMT,근무자편성,INSPST_CD,검사소코드,VARCHAR,7,Y,SYS_OFFC.OFFC_CD,Y,,,,,,,,,,,,,,,,,,,,,,,,,,,,,,,,,,
2,INSP_STF_FRMT,근무자편성,WORK_YMD,근무일자,VARCHAR,8,Y,,Y,,,,,,,,,,,,,,,,,,,,,,,,,,,,,,,,,,
3,INSP_STF_FRMT,근무자편성,TSTR_ID_SEQ1,검사자ID순서1,VARCHAR,20,,SYS_USER.USER_ID,,,,,,,,,,,,,,,,,,,,,,,,,,,,,,,,,,,
4,INSP_STF_FRMT,근무자편성,TSTR_ID_SEQ2,검사자ID순서2,VARCHAR,20,,SYS_USER.USER_ID,,,,,,,,,,,,,,,,,,,,,,,,,,,,,,,,,,,
5,INSP_STF_FRMT,근무자편성,RSP_TSTR_ID,책임검사자ID,VARCHAR,20,,SYS_USER.USER_ID,,,,,,,,,,,,,,,,,,,,,,,,,,,,,,,,,,,
6,INSP_STF_FRMT,근무자편성,RGTR_ID,등록자ID,VARCHAR,20,,SYS_USER.USER_ID,,,,,,,,,,,,,,,,,,,,,,,,,,,,,,,,,,,
7,INSP_STF_FRMT,근무자편성,REG_DT,등록일시,DATETIME,,,,,,,,,,,,,,,,,,,,,,,,,,,,,,,,,,,,,,
8,INSP_STF_FRMT,근무자편성,MDFR_ID,수정자ID,VARCHAR,20,,SYS_USER.USER_ID,,,,,,,,,,,,,,,,,,,,,,,,,,,,,,,,,,,
9,INSP_STF_FRMT,근무자편성,MDFCN_DT,수정일시,DATETIME,,,,,,,,,,,,,,,,,,,,,,,,,,,,,,,,,,,,,,
1,INSP_INTG_STLM_DTL,통합결제내역,INSPST_CD,검사소코드,VARCHAR,7,Y,TB_INSP_RCPT_MST.RCPT_DEPT_CD,Y,,검사결과ID를 어떻게 할것인가,,,,,,,,,,,,,,,,,,,,,,,,,,,,,,,,
2,INSP_INTG_STLM_DTL,통합결제내역,RCPT_YMD,접수일자,VARCHAR,8,Y,TB_INSP_RCPT_MST.RCPT_YMD,Y,,,,,,,,,,,,,,,,,,,,,,,,,,,,,,,,,,
3,INSP_INTG_STLM_DTL,통합결제내역,RCPT_SEQ,접수순서,VARCHAR,,Y,TB_INSP_RCPT_MST.RCPT_SEQ,Y,,,,,,,,,,,,,,,,,,,,,,,,,,,,,,,,,,
4,INSP_INTG_STLM_DTL,통합결제내역,STLM_SE_CD,결제구분코드,VARCHAR,1,,SYS_CD_GRP.GRP_ID,,,GRP_ID= '314',,,,,,,,,,,,,,,,,,,,,,,,,,,,,,,,
5,INSP_INTG_STLM_DTL,통합결제내역,STLM_YMD,결제일자,VARCHAR,8,,,,,,,,,,,,,,,,,,,,,,,,,,,,,,,,,,,,,
6,INSP_INTG_STLM_DTL,통합결제내역,INSP_SE_CD,검사구분코드,VARCHAR,2,,SYS_CD_GRP.GRP_ID,,,GRP_ID= '299',,,,,,,,,,,,,,,,,,,,,,,,,,,,,,,,
7,INSP_INTG_STLM_DTL,통합결제내역,INSP_SE_DTL_CD,검사구분상세코드,VARCHAR,2,,SYS_CD_GRP.GRP_ID,,,GRP_ID= '300',,,,,,,,,,,,,,,,,,,,,,,,,,,,,,,,
8,INSP_INTG_STLM_DTL,통합결제내역,STLM_DT,결제일시,DATETIME,,,,,,,"PAY_BANK_TRANSACTION.TRAN_DATE
PAY_TRANSACTION.TRAN_DATE
PAY_GEREGE_TRANSACTION.PAY_DATE
PAY_POS_TRANSACTION.PAY_DATE",,,,,,,,,,,,,,,,,,,,,,,,,,,,,,,
9,INSP_INTG_STLM_DTL,통합결제내역,STLM_HR,결제시간,VARCHAR,6,,,,,,,,,,,,,,,,,,,,,,,,,,,,,,,,,,,,,
10,INSP_INTG_STLM_DTL,통합결제내역,IDNTY_DT,확인일시,DATETIME,,,,,,,"PAY_BANK_TRANSACTION.POST_DATE
PAY_TRANSACTION.REGDATE",,,,,,,,,,,,,,,,,,,,,,,,,,,,,,,
11,INSP_INTG_STLM_DTL,통합결제내역,STLM_AMT,결제금액,BIGINT,,,,,,,"PAY_BANK_TRANSACTION.AMOUNT
PAY_TRANSACTION.MONEY
PAY_GEREGE_TRANSACTION.PAY_AMOUNT
PAY_POS_TRANSACTION.AMOUNT",,,,,,,,,,,,,,,,,,,,,,,,,,,,,,,
12,INSP_INTG_STLM_DTL,통합결제내역,VAT_AMT,부가세금액,BIGINT,,,,,,,PAY_TRANSACTION.NOAT,,,,,,,,,,,,,,,,,,,,,,,,,,,,,,,
13,INSP_INTG_STLM_DTL,통합결제내역,VHRNO,자동차등록번호,VARCHAR,7,,,,,,"PAY_GEREGE_TRANSACTION.PLATE_NO
PAY_TRANSACTION.NOTREGPLATENO",,,,,,,,,,,,,,,,,,,,,,,,,,,,,,,
14,INSP_INTG_STLM_DTL,통합결제내역,VIN,차대번호,VARCHAR,17,,,,,,,,,,,,,,,,,,,,,,,,,,,,,,,,,,,,,
15,INSP_INTG_STLM_DTL,통합결제내역,FRST_VIN,최초차대번호,VARCHAR,17,,,,,,,,,,,,,,,,,,,,,,,,,,,,,,,,,,,,,
16,INSP_INTG_STLM_DTL,통합결제내역,USG_CD,용도코드,VARCHAR,1,,,,,관세에서 사용되는 차종이다.,PAY_TRANSACTION.VEHICLETYPE_ID,,,,,,,,,,,,,,,,,,,,,,,,,,,,,,,
17,INSP_INTG_STLM_DTL,통합결제내역,PYR_NM,입금자명,VARCHAR,200,,,,,,"PAY_GEREGE_TRANSACTION.PAY_ACCOUNT_NAME
PAY_TRANSACTION.NAME",,,,,,,,,,,,,,,,,,,,,,,,,,,,,,,
18,INSP_INTG_STLM_DTL,통합결제내역,BANK_CDCO_NM,은행_카드사명,VARCHAR,100,,,,,,"PAY_TRANSACTION.BANKNAME
PAY_POS_TRANSACTION.APP_NAME",,,,,,,,,,,,,,,,,,,,,,,,,,,,,,,
19,INSP_INTG_STLM_DTL,통합결제내역,BACNT_CARD_NO,계좌_카드번호,VARCHAR,25,,,,,,"PAY_BANK_TRANSACTION.ACCOUNT_NO
PAY_POS_TRANSACTION.PAN
PAY_BANK_TRANSACTION.RELATED_ACCOUNT",,,,,,,,,,,,,,,,,,,,,,,,,,,,,,,
20,INSP_INTG_STLM_DTL,통합결제내역,APRV_IDNTY_CD,승인확인코드,VARCHAR,5,,SYS_CD_GRP.GRP_ID,,,001 이런식 또는 00001 ,"PAY_POS_TRANSACTION.AUTH_CODE
PAY_BANK_TRANSACTION.CODE",,,,,,,,,,,,,,,,,,,,,,,,,,,,,,,
21,INSP_INTG_STLM_DTL,통합결제내역,RECPT_RFRNC_NO,영수증참조번호,VARCHAR,40,,,,,,"PAY_GEREGE_TRANSACTION.RECEIPT_NO
PAY_POS_TRANSACTION.RRN
PAY_BANK_TRANSACTION.JOURNAL
PAY_POS_TRANSACTION.DB_REF_NO",,,,,,,,,,,,,,,,,,,,,,,,,,,,,,,
22,INSP_INTG_STLM_DTL,통합결제내역,TRMNL_ID,터미널ID,VARCHAR,8,,,,,,"PAY_POS_TRANSACTION.TERMINAL_ID
PAY_GEREGE_TRANSACTION.SOURCE_ID",,,,,,,,,,,,,,,,,,,,,,,,,,,,,,,
23,INSP_INTG_STLM_DTL,통합결제내역,FRCS_ID,가맹점ID,VARCHAR,15,,,,,,"PAY_POS_TRANSACTION.MERCHANT_ID
PAY_BANK_TRANSACTION.BRANCH",,,,,,,,,,,,,,,,,,,,,,,,,,,,,,,
24,INSP_INTG_STLM_DTL,통합결제내역,FRCS_NM,가맹점명,VARCHAR,100,,,,,,"PAY_POS_TRANSACTION.MERCHANT_NAME
PAY_GEREGE_TRANSACTION.SOURCE_NAME",,,,,,,,,,,,,,,,,,,,,,,,,,,,,,,
25,INSP_INTG_STLM_DTL,통합결제내역,PRCR_ID,처리자ID,VARCHAR,20,,,,,,"PAY_BANK_TRANSACTION.TELLER
PAY_TRANSACTION.USER_ID",,,,,,,,,,,,,,,,,,,,,,,,,,,,,,,
26,INSP_INTG_STLM_DTL,통합결제내역,TRC_NO,추적번호,VARCHAR,10,,,,,,PAY_POS_TRANSACTION.TRACE_NO,,,,,,,,,,,,,,,,,,,,,,,,,,,,,,,
27,INSP_INTG_STLM_DTL,통합결제내역,BTCH_NO,배치번호,VARCHAR,12,,,,,,PAY_POS_TRANSACTION.BATCH_NO ,,,,,,,,,,,,,,,,,,,,,,,,,,,,,,,
28,INSP_INTG_STLM_DTL,통합결제내역,TC,TC,VARCHAR,16,,,,,POS 에서 사용방식을 확인 해야 함 AS이름 사용했음,PAY_POS_TRANSACTION.TC,,,,,,,,,,,,,,,,,,,,,,,,,,,,,,,
29,INSP_INTG_STLM_DTL,통합결제내역,AID,AID,VARCHAR,50,,,,,POS 에서 사용방식을 확인 해야 함 AS이름 사용했음,PAY_POS_TRANSACTION.AID,,,,,,,,,,,,,,,,,,,,,,,,,,,,,,,
30,INSP_INTG_STLM_DTL,통합결제내역,PAN,카드번호,VARCHAR,25,,,,,POS 에서 사용방식을 확인 해야 함 AS이름 사용했음,PAY_POS_TRANSACTION.PAN,,,,,,,,,,,,,,,,,,,,,,,,,,,,,,,
31,INSP_INTG_STLM_DTL,통합결제내역,CARD_HOLDER_NAME,카드소유자,VARCHAR,40,,,,,POS 에서 사용방식을 확인 해야 함 AS이름 사용했음,PAY_POS_TRANSACTION.CARD_HOLDER_NAME,,,,,,,,,,,,,,,,,,,,,,,,,,,,,,,
33,INSP_INTG_STLM_DTL,통합결제내역,RFND_YN,환불여부,VARCHAR,1,,,,,,"PAY_BANK_TRANSACTION.IS_RETURN
PAY_GEREGE_TRANSACTION.IS_RETURN
PAY_POS_TRANSACTION.IS_RETURN",,,,,,,,,,,,,,,,,,,,,,,,,,,,,,,
34,INSP_INTG_STLM_DTL,통합결제내역,RFND_YMD,환불일자,VARCHAR,8,,,,,,"PAY_GEREGE_TRANSACTION.RTN_DATE
PAY_POS_TRANSACTION.RTN_DATE",,,,,,,,,,,,,,,,,,,,,,,,,,,,,,,
35,INSP_INTG_STLM_DTL,통합결제내역,RFND_RSN,환불사유,VARCHAR,4000,,,,,,"PAY_GEREGE_TRANSACTION.RTN_DESCRIPTION
PAY_POS_TRANSACTION.RTN_DESCRIPTION
PAY_TRANSACTION.REASON",,,,,,,,,,,,,,,,,,,,,,,,,,,,,,,
36,INSP_INTG_STLM_DTL,통합결제내역,RFND_PRCR_ID,환불처리자ID,VARCHAR,20,,,,,,"PAY_GEREGE_TRANSACTION.RTN_BY
PAY_POS_TRANSACTION.RTN_BY",,,,,,,,,,,,,,,,,,,,,,,,,,,,,,,
37,INSP_INTG_STLM_DTL,통합결제내역,RFND_BACNT,환불계좌,VARCHAR,20,,,,,,"PAY_GEREGE_TRANSACTION.RTN_ACCOUNT_NO
PAY_POS_TRANSACTION.RTN_ACCOUNT_NO",,,,,,,,,,,,,,,,,,,,,,,,,,,,,,,
38,INSP_INTG_STLM_DTL,통합결제내역,INSP_PRGRS_YN,검사진행여부,CHAR,1,,,,default 'N',,"PAY_BANK_TRANSACTION.IS_INSPECTION
PAY_GEREGE_TRANSACTION.IS_INSPECTION
PAY_POS_TRANSACTION.IS_INSPECTION
PAY_TRANSACTION.IS_INSPECTION",,,,,,,,,,,,,,,,,,,,,,,,,,,,,,,
32,INSP_INTG_STLM_DTL,통합결제내역,STTS_YN,상태여부,VARCHAR,1,,,,,,PAY_TRANSACTION.STATUS,,,,,,,,,,,,,,,,,,,,,,,,,,,,,,,
39,INSP_INTG_STLM_DTL,통합결제내역,RGTR_ID,등록자ID,VARCHAR,20,,SYS_USER.USER_ID,,,,,,,,,,,,,,,,,,,,,,,,,,,,,,,,,,,
40,INSP_INTG_STLM_DTL,통합결제내역,REG_DT,등록일시,DATETIME,,,,,,,,,,,,,,,,,,,,,,,,,,,,,,,,,,,,,,
41,INSP_INTG_STLM_DTL,통합결제내역,MDFR_ID,수정자ID,VARCHAR,20,,SYS_USER.USER_ID,,,,,,,,,,,,,,,,,,,,,,,,,,,,,,,,,,,
42,INSP_INTG_STLM_DTL,통합결제내역,MDFCN_DT,수정일시,DATETIME,,,,,,,,,,,,,,,,,,,,,,,,,,,,,,,,,,,,,,
1,INSP_TUN_CHG_HIST,튜닝경정이력정보,VHRNO,자동차등록번호,VARCHAR,7,,,Y,,,,,,,,,,,,,,,,,,,,,,,,,,,,,,,,,,
2,INSP_TUN_CHG_HIST,튜닝경정이력정보,VIN,차대번호,VARCHAR,17,,,Y,,,,,,,,,,,,,,,,,,,,,,,,,,,,,,,,,,
3,INSP_TUN_CHG_HIST,튜닝경정이력정보,FRST_VIN,최초차대번호,VARCHAR,17,,,Y,,,,,,,,,,,,,,,,,,,,,,,,,,,,,,,,,,
4,INSP_TUN_CHG_HIST,튜닝경정이력정보,TUN_CMPTN_SEQ_NO,튜닝완료순서번호,INT,,,,Y,,,,,,,,,,,,,,,,,,,,,,,,,,,,,,,,,,
5,INSP_TUN_CHG_HIST,튜닝경정이력정보,TUN_CHG_DSCTN,튜닝변경내역,VARCHAR,1000,,,Y,,,,,,,,,,,,,,,,,,,,,,,,,,,,,,,,,,
6,INSP_TUN_CHG_HIST,튜닝경정이력정보,RGTR_ID,등록자ID,VARCHAR,20,,SYS_USER.USER_ID,Y,,,,,,,,,,,,,,,,,,,,,,,,,,,,,,,,,,
7,INSP_TUN_CHG_HIST,튜닝경정이력정보,REG_DT,등록일시,DATETIME,,,,Y,,,,,,,,,,,,,,,,,,,,,,,,,,,,,,,,,,
1,COM_RMK,특이사항,ID,ID,BIGINT,,Y,,Y,,,,,,,,,,,,,,,,,,,,,,,,,,,,,,,,,,
2,COM_RMK,특이사항,VHRNO,자동차등록번호,VARCHAR,7,,,,,,,,,,,,,,,,,,,,,,,,,,,,,,,,,,,,,
3,COM_RMK,특이사항,VIN,차대번호,VARCHAR,17,,,,,,,,,,,,,,,,,,,,,,,,,,,,,,,,,,,,,
4,COM_RMK,특이사항,FRST_VIN,최초차대번호,VARCHAR,17,,,Y,,,,,,,,,,,,,,,,,,,,,,,,,,,,,,,,,,
5,COM_RMK,특이사항,CN,내용,VARCHAR,255,,,,,,,,,,,,,,,,,,,,,,,,,,,,,,,,,,,,,
6,COM_RMK,특이사항,DEL_YN,삭제여부,CHAR,1,,,,default 'N',,,,,,,,,,,,,,,,,,,,,,,,,,,,,,,,,
7,COM_RMK,특이사항,RGTR_ID,등록자ID,VARCHAR,20,,SYS_USER.USER_ID,,,,,,,,,,,,,,,,,,,,,,,,,,,,,,,,,,,
8,COM_RMK,특이사항,REG_DT,등록일시,DATETIME,,,,,,,,,,,,,,,,,,,,,,,,,,,,,,,,,,,,,,
9,COM_RMK,특이사항,MDFR_ID,수정자ID,VARCHAR,20,,SYS_USER.USER_ID,,,,,,,,,,,,,,,,,,,,,,,,,,,,,,,,,,,
10,COM_RMK,특이사항,MDFCN_DT,수정일시,DATETIME,,,,,,,,,,,,,,,,,,,,,,,,,,,,,,,,,,,,,,
1,COM_LINK_INST,연계기관,ID,ID,BIGINT,,Y,,Y,,,,,,,,,,,,,,,,,,,,,,,,,,,,,,,,,,
2,COM_LINK_INST,연계기관,FNM,이름,VARCHAR,255,,,Y,,,,,,,,,,,,,,,,,,,,,,,,,,,,,,,,,,
3,COM_LINK_INST,연계기관,TELNO,전화번호,VARCHAR,11,,,,,,,,,,,,,,,,,,,,,,,,,,,,,,,,,,,,,
4,COM_LINK_INST,연계기관,ADDR_CD,주소코드,VARCHAR,10,,,,,,,,,,,,,,,,,,,,,,,,,,,,,,,,,,,,,
5,COM_LINK_INST,연계기관,ADDR_DTL,주소상세,VARCHAR,200,,,,,,,,,,,,,,,,,,,,,,,,,,,,,,,,,,,,,
6,COM_LINK_INST,연계기관,ROLE,역할,VARCHAR,200,,,,,,,,,,,,,,,,,,,,,,,,,,,,,,,,,,,,,
7,COM_LINK_INST,연계기관,URL,URL,VARCHAR,1000,,,,,,,,,,,,,,,,,,,,,,,,,,,,,,,,,,,,,
8,COM_LINK_INST,연계기관,FILE_UUID,파일 UUID,VARCHAR,36,,SYS_FILE.FILE_UUID,,,로고 등 이미지,,,,,,,,,,,,,,,,,,,,,,,,,,,,,,,,
9,COM_LINK_INST,연계기관,USE_YN,사용여부,CHAR,1,,,,,,,,,,,,,,,,,,,,,,,,,,,,,,,,,,,,,
10,COM_LINK_INST,연계기관,RGTR_ID,등록자ID,VARCHAR,20,,SYS_USER.USER_ID,,,,,,,,,,,,,,,,,,,,,,,,,,,,,,,,,,,
11,COM_LINK_INST,연계기관,REG_DT,등록일시,DATETIME,,,,,,,,,,,,,,,,,,,,,,,,,,,,,,,,,,,,,,
12,COM_LINK_INST,연계기관,MDFR_ID,수정자ID,VARCHAR,20,,SYS_USER.USER_ID,,,,,,,,,,,,,,,,,,,,,,,,,,,,,,,,,,,
13,COM_LINK_INST,연계기관,MDFCN_DT,수정일시,DATETIME,,,,,,,,,,,,,,,,,,,,,,,,,,,,,,,,,,,,,,
,,,,,,,,,,,,,,,,,,,,,,,,,,,,,,,,,,,,,,,,,,,
,,,,,,,,,,,,,,,,,,,,,,,,,,,,,,,,,,,,,,,,,,,
,,,,,,,,,,,,,,,,,,,,,,,,,,,,,,,,,,,,,,,,,,,
,,,,,,,,,,,,,,,,,,,,,,,,,,,,,,,,,,,,,,,,,,,
,,,,,,,,,,,,,,,,,,,,,,,,,,,,,,,,,,,,,,,,,,,
,,,,,,,,,,,,,,,,,,,,,,,,,,,,,,,,,,,,,,,,,,,
,,,,,,,,,,,,,,,,,,,,,,,,,,,,,,,,,,,,,,,,,,,
,,,,,,,,,,,,,,,,,,,,,,,,,,,,,,,,,,,,,,,,,,,
,,,,,,,,,,,,,,,,,,,,,,,,,,,,,,,,,,,,,,,,,,,
,,,,,,,,,,,,,,,,,,,,,,,,,,,,,,,,,,,,,,,,,,,
,,,,,,,,,,,,,,,,,,,,,,,,,,,,,,,,,,,,,,,,,,,
,,,,,,,,,,,,,,,,,,,,,,,,,,,,,,,,,,,,,,,,,,,
,,,,,,,,,,,,,,,,,,,,,,,,,,,,,,,,,,,,,,,,,,,
,,,,,,,,,,,,,,,,,,,,,,,,,,,,,,,,,,,,,,,,,,,
,,,,,,,,,,,,,,,,,,,,,,,,,,,,,,,,,,,,,,,,,,,
,,,,,,,,,,,,,,,,,,,,,,,,,,,,,,,,,,,,,,,,,,,
,,,,,,,,,,,,,,,,,,,,,,,,,,,,,,,,,,,,,,,,,,,
,,,,,,,,,,,,,,,,,,,,,,,,,,,,,,,,,,,,,,,,,,,
,,,,,,,,,,,,,,,,,,,,,,,,,,,,,,,,,,,,,,,,,,,
,,,,,,,,,,,,,,,,,,,,,,,,,,,,,,,,,,,,,,,,,,,
,,,,,,,,,,,,,,,,,,,,,,,,,,,,,,,,,,,,,,,,,,,
,,,,,,,,,,,,,,,,,,,,,,,,,,,,,,,,,,,,,,,,,,,
,,,,,,,,,,,,,,,,,,,,,,,,,,,,,,,,,,,,,,,,,,,
,,,,,,,,,,,,,,,,,,,,,,,,,,,,,,,,,,,,,,,,,,,
,,,,,,,,,,,,,,,,,,,,,,,,,,,,,,,,,,,,,,,,,,,
,,,,,,,,,,,,,,,,,,,,,,,,,,,,,,,,,,,,,,,,,,,
,,,,,,,,,,,,,,,,,,,,,,,,,,,,,,,,,,,,,,,,,,,
,,,,,,,,,,,,,,,,,,,,,,,,,,,,,,,,,,,,,,,,,,,
,,,,,,,,,,,,,,,,,,,,,,,,,,,,,,,,,,,,,,,,,,,
,,,,,,,,,,,,,,,,,,,,,,,,,,,,,,,,,,,,,,,,,,,
,,,,,,,,,,,,,,,,,,,,,,,,,,,,,,,,,,,,,,,,,,,
,,,,,,,,,,,,,,,,,,,,,,,,,,,,,,,,,,,,,,,,,,,
,,,,,,,,,,,,,,,,,,,,,,,,,,,,,,,,,,,,,,,,,,,
,,,,,,,,,,,,,,,,,,,,,,,,,,,,,,,,,,,,,,,,,,,
,,,,,,,,,,,,,,,,,,,,,,,,,,,,,,,,,,,,,,,,,,,
,,,,,,,,,,,,,,,,,,,,,,,,,,,,,,,,,,,,,,,,,,,
,,,,,,,,,,,,,,,,,,,,,,,,,,,,,,,,,,,,,,,,,,,
,,,,,,,,,,,,,,,,,,,,,,,,,,,,,,,,,,,,,,,,,,,
,,,,,,,,,,,,,,,,,,,,,,,,,,,,,,,,,,,,,,,,,,,
,,,,,,,,,,,,,,,,,,,,,,,,,,,,,,,,,,,,,,,,,,,
,,,,,,,,,,,,,,,,,,,,,,,,,,,,,,,,,,,,,,,,,,,
,,,,,,,,,,,,,,,,,,,,,,,,,,,,,,,,,,,,,,,,,,,
,,,,,,,,,,,,,,,,,,,,,,,,,,,,,,,,,,,,,,,,,,,
,,,,,,,,,,,,,,,,,,,,,,,,,,,,,,,,,,,,,,,,,,,
,,,,,,,,,,,,,,,,,,,,,,,,,,,,,,,,,,,,,,,,,,,
,,,,,,,,,,,,,,,,,,,,,,,,,,,,,,,,,,,,,,,,,,,
,,,,,,,,,,,,,,,,,,,,,,,,,,,,,,,,,,,,,,,,,,,
,,,,,,,,,,,,,,,,,,,,,,,,,,,,,,,,,,,,,,,,,,,
,,,,,,,,,,,,,,,,,,,,,,,,,,,,,,,,,,,,,,,,,,,
,,,,,,,,,,,,,,,,,,,,,,,,,,,,,,,,,,,,,,,,,,,
,,,,,,,,,,,,,,,,,,,,,,,,,,,,,,,,,,,,,,,,,,,
,,,,,,,,,,,,,,,,,,,,,,,,,,,,,,,,,,,,,,,,,,,
,,,,,,,,,,,,,,,,,,,,,,,,,,,,,,,,,,,,,,,,,,,
,,,,,,,,,,,,,,,,,,,,,,,,,,,,,,,,,,,,,,,,,,,
,,,,,,,,,,,,,,,,,,,,,,,,,,,,,,,,,,,,,,,,,,,
,,,,,,,,,,,,,,,,,,,,,,,,,,,,,,,,,,,,,,,,,,,
,,,,,,,,,,,,,,,,,,,,,,,,,,,,,,,,,,,,,,,,,,,
,,,,,,,,,,,,,,,,,,,,,,,,,,,,,,,,,,,,,,,,,,,
,,,,,,,,,,,,,,,,,,,,,,,,,,,,,,,,,,,,,,,,,,,
,,,,,,,,,,,,,,,,,,,,,,,,,,,,,,,,,,,,,,,,,,,
,,,,,,,,,,,,,,,,,,,,,,,,,,,,,,,,,,,,,,,,,,,
,,,,,,,,,,,,,,,,,,,,,,,,,,,,,,,,,,,,,,,,,,,
,,,,,,,,,,,,,,,,,,,,,,,,,,,,,,,,,,,,,,,,,,,
,,,,,,,,,,,,,,,,,,,,,,,,,,,,,,,,,,,,,,,,,,,
,,,,,,,,,,,,,,,,,,,,,,,,,,,,,,,,,,,,,,,,,,,
,,,,,,,,,,,,,,,,,,,,,,,,,,,,,,,,,,,,,,,,,,,
,,,,,,,,,,,,,,,,,,,,,,,,,,,,,,,,,,,,,,,,,,,
,,,,,,,,,,,,,,,,,,,,,,,,,,,,,,,,,,,,,,,,,,,
,,,,,,,,,,,,,,,,,,,,,,,,,,,,,,,,,,,,,,,,,,,
,,,,,,,,,,,,,,,,,,,,,,,,,,,,,,,,,,,,,,,,,,,
,,,,,,,,,,,,,,,,,,,,,,,,,,,,,,,,,,,,,,,,,,,
,,,,,,,,,,,,,,,,,,,,,,,,,,,,,,,,,,,,,,,,,,,
,,,,,,,,,,,,,,,,,,,,,,,,,,,,,,,,,,,,,,,,,,,
,,,,,,,,,,,,,,,,,,,,,,,,,,,,,,,,,,,,,,,,,,,
,,,,,,,,,,,,,,,,,,,,,,,,,,,,,,,,,,,,,,,,,,,
,,,,,,,,,,,,,,,,,,,,,,,,,,,,,,,,,,,,,,,,,,,
,,,,,,,,,,,,,,,,,,,,,,,,,,,,,,,,,,,,,,,,,,,
,,,,,,,,,,,,,,,,,,,,,,,,,,,,,,,,,,,,,,,,,,,
,,,,,,,,,,,,,,,,,,,,,,,,,,,,,,,,,,,,,,,,,,,
,,,,,,,,,,,,,,,,,,,,,,,,,,,,,,,,,,,,,,,,,,,
,,,,,,,,,,,,,,,,,,,,,,,,,,,,,,,,,,,,,,,,,,,
,,,,,,,,,,,,,,,,,,,,,,,,,,,,,,,,,,,,,,,,,,,
,,,,,,,,,,,,,,,,,,,,,,,,,,,,,,,,,,,,,,,,,,,
,,,,,,,,,,,,,,,,,,,,,,,,,,,,,,,,,,,,,,,,,,,
,,,,,,,,,,,,,,,,,,,,,,,,,,,,,,,,,,,,,,,,,,,
,,,,,,,,,,,,,,,,,,,,,,,,,,,,,,,,,,,,,,,,,,,
,,,,,,,,,,,,,,,,,,,,,,,,,,,,,,,,,,,,,,,,,,,
,,,,,,,,,,,,,,,,,,,,,,,,,,,,,,,,,,,,,,,,,,,
,,,,,,,,,,,,,,,,,,,,,,,,,,,,,,,,,,,,,,,,,,,
,,,,,,,,,,,,,,,,,,,,,,,,,,,,,,,,,,,,,,,,,,,
,,,,,,,,,,,,,,,,,,,,,,,,,,,,,,,,,,,,,,,,,,,
,,,,,,,,,,,,,,,,,,,,,,,,,,,,,,,,,,,,,,,,,,,
,,,,,,,,,,,,,,,,,,,,,,,,,,,,,,,,,,,,,,,,,,,
,,,,,,,,,,,,,,,,,,,,,,,,,,,,,,,,,,,,,,,,,,,
,,,,,,,,,,,,,,,,,,,,,,,,,,,,,,,,,,,,,,,,,,,
,,,,,,,,,,,,,,,,,,,,,,,,,,,,,,,,,,,,,,,,,,,
,,,,,,,,,,,,,,,,,,,,,,,,,,,,,,,,,,,,,,,,,,,
,,,,,,,,,,,,,,,,,,,,,,,,,,,,,,,,,,,,,,,,,,,
,,,,,,,,,,,,,,,,,,,,,,,,,,,,,,,,,,,,,,,,,,,
,,,,,,,,,,,,,,,,,,,,,,,,,,,,,,,,,,,,,,,,,,,
,,,,,,,,,,,,,,,,,,,,,,,,,,,,,,,,,,,,,,,,,,,
,,,,,,,,,,,,,,,,,,,,,,,,,,,,,,,,,,,,,,,,,,,
,,,,,,,,,,,,,,,,,,,,,,,,,,,,,,,,,,,,,,,,,,,
,,,,,,,,,,,,,,,,,,,,,,,,,,,,,,,,,,,,,,,,,,,
,,,,,,,,,,,,,,,,,,,,,,,,,,,,,,,,,,,,,,,,,,,
,,,,,,,,,,,,,,,,,,,,,,,,,,,,,,,,,,,,,,,,,,,
,,,,,,,,,,,,,,,,,,,,,,,,,,,,,,,,,,,,,,,,,,,
,,,,,,,,,,,,,,,,,,,,,,,,,,,,,,,,,,,,,,,,,,,
,,,,,,,,,,,,,,,,,,,,,,,,,,,,,,,,,,,,,,,,,,,
,,,,,,,,,,,,,,,,,,,,,,,,,,,,,,,,,,,,,,,,,,,
,,,,,,,,,,,,,,,,,,,,,,,,,,,,,,,,,,,,,,,,,,,
,,,,,,,,,,,,,,,,,,,,,,,,,,,,,,,,,,,,,,,,,,,
,,,,,,,,,,,,,,,,,,,,,,,,,,,,,,,,,,,,,,,,,,,
,,,,,,,,,,,,,,,,,,,,,,,,,,,,,,,,,,,,,,,,,,,
,,,,,,,,,,,,,,,,,,,,,,,,,,,,,,,,,,,,,,,,,,,
,,,,,,,,,,,,,,,,,,,,,,,,,,,,,,,,,,,,,,,,,,,
,,,,,,,,,,,,,,,,,,,,,,,,,,,,,,,,,,,,,,,,,,,
,,,,,,,,,,,,,,,,,,,,,,,,,,,,,,,,,,,,,,,,,,,
,,,,,,,,,,,,,,,,,,,,,,,,,,,,,,,,,,,,,,,,,,,
,,,,,,,,,,,,,,,,,,,,,,,,,,,,,,,,,,,,,,,,,,,
,,,,,,,,,,,,,,,,,,,,,,,,,,,,,,,,,,,,,,,,,,,
,,,,,,,,,,,,,,,,,,,,,,,,,,,,,,,,,,,,,,,,,,,
,,,,,,,,,,,,,,,,,,,,,,,,,,,,,,,,,,,,,,,,,,,
,,,,,,,,,,,,,,,,,,,,,,,,,,,,,,,,,,,,,,,,,,,
,,,,,,,,,,,,,,,,,,,,,,,,,,,,,,,,,,,,,,,,,,,
,,,,,,,,,,,,,,,,,,,,,,,,,,,,,,,,,,,,,,,,,,,
,,,,,,,,,,,,,,,,,,,,,,,,,,,,,,,,,,,,,,,,,,,
,,,,,,,,,,,,,,,,,,,,,,,,,,,,,,,,,,,,,,,,,,,
,,,,,,,,,,,,,,,,,,,,,,,,,,,,,,,,,,,,,,,,,,,
,,,,,,,,,,,,,,,,,,,,,,,,,,,,,,,,,,,,,,,,,,,
,,,,,,,,,,,,,,,,,,,,,,,,,,,,,,,,,,,,,,,,,,,
,,,,,,,,,,,,,,,,,,,,,,,,,,,,,,,,,,,,,,,,,,,
,,,,,,,,,,,,,,,,,,,,,,,,,,,,,,,,,,,,,,,,,,,
,,,,,,,,,,,,,,,,,,,,,,,,,,,,,,,,,,,,,,,,,,,
,,,,,,,,,,,,,,,,,,,,,,,,,,,,,,,,,,,,,,,,,,,
,,,,,,,,,,,,,,,,,,,,,,,,,,,,,,,,,,,,,,,,,,,
,,,,,,,,,,,,,,,,,,,,,,,,,,,,,,,,,,,,,,,,,,,
,,,,,,,,,,,,,,,,,,,,,,,,,,,,,,,,,,,,,,,,,,,
,,,,,,,,,,,,,,,,,,,,,,,,,,,,,,,,,,,,,,,,,,,
,,,,,,,,,,,,,,,,,,,,,,,,,,,,,,,,,,,,,,,,,,,
,,,,,,,,,,,,,,,,,,,,,,,,,,,,,,,,,,,,,,,,,,,
,,,,,,,,,,,,,,,,,,,,,,,,,,,,,,,,,,,,,,,,,,,
,,,,,,,,,,,,,,,,,,,,,,,,,,,,,,,,,,,,,,,,,,,
,,,,,,,,,,,,,,,,,,,,,,,,,,,,,,,,,,,,,,,,,,,
,,,,,,,,,,,,,,,,,,,,,,,,,,,,,,,,,,,,,,,,,,,
,,,,,,,,,,,,,,,,,,,,,,,,,,,,,,,,,,,,,,,,,,,
,,,,,,,,,,,,,,,,,,,,,,,,,,,,,,,,,,,,,,,,,,,
,,,,,,,,,,,,,,,,,,,,,,,,,,,,,,,,,,,,,,,,,,,
,,,,,,,,,,,,,,,,,,,,,,,,,,,,,,,,,,,,,,,,,,,
,,,,,,,,,,,,,,,,,,,,,,,,,,,,,,,,,,,,,,,,,,,
,,,,,,,,,,,,,,,,,,,,,,,,,,,,,,,,,,,,,,,,,,,
,,,,,,,,,,,,,,,,,,,,,,,,,,,,,,,,,,,,,,,,,,,
,,,,,,,,,,,,,,,,,,,,,,,,,,,,,,,,,,,,,,,,,,,
,,,,,,,,,,,,,,,,,,,,,,,,,,,,,,,,,,,,,,,,,,,
,,,,,,,,,,,,,,,,,,,,,,,,,,,,,,,,,,,,,,,,,,,
,,,,,,,,,,,,,,,,,,,,,,,,,,,,,,,,,,,,,,,,,,,
,,,,,,,,,,,,,,,,,,,,,,,,,,,,,,,,,,,,,,,,,,,
,,,,,,,,,,,,,,,,,,,,,,,,,,,,,,,,,,,,,,,,,,,
,,,,,,,,,,,,,,,,,,,,,,,,,,,,,,,,,,,,,,,,,,,
,,,,,,,,,,,,,,,,,,,,,,,,,,,,,,,,,,,,,,,,,,,
,,,,,,,,,,,,,,,,,,,,,,,,,,,,,,,,,,,,,,,,,,,
,,,,,,,,,,,,,,,,,,,,,,,,,,,,,,,,,,,,,,,,,,,
,,,,,,,,,,,,,,,,,,,,,,,,,,,,,,,,,,,,,,,,,,,
,,,,,,,,,,,,,,,,,,,,,,,,,,,,,,,,,,,,,,,,,,,
,,,,,,,,,,,,,,,,,,,,,,,,,,,,,,,,,,,,,,,,,,,
,,,,,,,,,,,,,,,,,,,,,,,,,,,,,,,,,,,,,,,,,,,
,,,,,,,,,,,,,,,,,,,,,,,,,,,,,,,,,,,,,,,,,,,
,,,,,,,,,,,,,,,,,,,,,,,,,,,,,,,,,,,,,,,,,,,
,,,,,,,,,,,,,,,,,,,,,,,,,,,,,,,,,,,,,,,,,,,
,,,,,,,,,,,,,,,,,,,,,,,,,,,,,,,,,,,,,,,,,,,
,,,,,,,,,,,,,,,,,,,,,,,,,,,,,,,,,,,,,,,,,,,
,,,,,,,,,,,,,,,,,,,,,,,,,,,,,,,,,,,,,,,,,,,
,,,,,,,,,,,,,,,,,,,,,,,,,,,,,,,,,,,,,,,,,,,
,,,,,,,,,,,,,,,,,,,,,,,,,,,,,,,,,,,,,,,,,,,
,,,,,,,,,,,,,,,,,,,,,,,,,,,,,,,,,,,,,,,,,,,
,,,,,,,,,,,,,,,,,,,,,,,,,,,,,,,,,,,,,,,,,,,
,,,,,,,,,,,,,,,,,,,,,,,,,,,,,,,,,,,,,,,,,,,
,,,,,,,,,,,,,,,,,,,,,,,,,,,,,,,,,,,,,,,,,,,
,,,,,,,,,,,,,,,,,,,,,,,,,,,,,,,,,,,,,,,,,,,
,,,,,,,,,,,,,,,,,,,,,,,,,,,,,,,,,,,,,,,,,,,
,,,,,,,,,,,,,,,,,,,,,,,,,,,,,,,,,,,,,,,,,,,
,,,,,,,,,,,,,,,,,,,,,,,,,,,,,,,,,,,,,,,,,,,
,,,,,,,,,,,,,,,,,,,,,,,,,,,,,,,,,,,,,,,,,,,
,,,,,,,,,,,,,,,,,,,,,,,,,,,,,,,,,,,,,,,,,,,
,,,,,,,,,,,,,,,,,,,,,,,,,,,,,,,,,,,,,,,,,,,
,,,,,,,,,,,,,,,,,,,,,,,,,,,,,,,,,,,,,,,,,,,
,,,,,,,,,,,,,,,,,,,,,,,,,,,,,,,,,,,,,,,,,,,
,,,,,,,,,,,,,,,,,,,,,,,,,,,,,,,,,,,,,,,,,,,
,,,,,,,,,,,,,,,,,,,,,,,,,,,,,,,,,,,,,,,,,,,
,,,,,,,,,,,,,,,,,,,,,,,,,,,,,,,,,,,,,,,,,,,
,,,,,,,,,,,,,,,,,,,,,,,,,,,,,,,,,,,,,,,,,,,
,,,,,,,,,,,,,,,,,,,,,,,,,,,,,,,,,,,,,,,,,,,
,,,,,,,,,,,,,,,,,,,,,,,,,,,,,,,,,,,,,,,,,,,
,,,,,,,,,,,,,,,,,,,,,,,,,,,,,,,,,,,,,,,,,,,
,,,,,,,,,,,,,,,,,,,,,,,,,,,,,,,,,,,,,,,,,,,
,,,,,,,,,,,,,,,,,,,,,,,,,,,,,,,,,,,,,,,,,,,
,,,,,,,,,,,,,,,,,,,,,,,,,,,,,,,,,,,,,,,,,,,
,,,,,,,,,,,,,,,,,,,,,,,,,,,,,,,,,,,,,,,,,,,
,,,,,,,,,,,,,,,,,,,,,,,,,,,,,,,,,,,,,,,,,,,
,,,,,,,,,,,,,,,,,,,,,,,,,,,,,,,,,,,,,,,,,,,
,,,,,,,,,,,,,,,,,,,,,,,,,,,,,,,,,,,,,,,,,,,
,,,,,,,,,,,,,,,,,,,,,,,,,,,,,,,,,,,,,,,,,,,
,,,,,,,,,,,,,,,,,,,,,,,,,,,,,,,,,,,,,,,,,,,
,,,,,,,,,,,,,,,,,,,,,,,,,,,,,,,,,,,,,,,,,,,
,,,,,,,,,,,,,,,,,,,,,,,,,,,,,,,,,,,,,,,,,,,
,,,,,,,,,,,,,,,,,,,,,,,,,,,,,,,,,,,,,,,,,,,
,,,,,,,,,,,,,,,,,,,,,,,,,,,,,,,,,,,,,,,,,,,
,,,,,,,,,,,,,,,,,,,,,,,,,,,,,,,,,,,,,,,,,,,
,,,,,,,,,,,,,,,,,,,,,,,,,,,,,,,,,,,,,,,,,,,
,,,,,,,,,,,,,,,,,,,,,,,,,,,,,,,,,,,,,,,,,,,
,,,,,,,,,,,,,,,,,,,,,,,,,,,,,,,,,,,,,,,,,,,
,,,,,,,,,,,,,,,,,,,,,,,,,,,,,,,,,,,,,,,,,,,
,,,,,,,,,,,,,,,,,,,,,,,,,,,,,,,,,,,,,,,,,,,
,,,,,,,,,,,,,,,,,,,,,,,,,,,,,,,,,,,,,,,,,,,
,,,,,,,,,,,,,,,,,,,,,,,,,,,,,,,,,,,,,,,,,,,
,,,,,,,,,,,,,,,,,,,,,,,,,,,,,,,,,,,,,,,,,,,
,,,,,,,,,,,,,,,,,,,,,,,,,,,,,,,,,,,,,,,,,,,
,,,,,,,,,,,,,,,,,,,,,,,,,,,,,,,,,,,,,,,,,,,
,,,,,,,,,,,,,,,,,,,,,,,,,,,,,,,,,,,,,,,,,,,
,,,,,,,,,,,,,,,,,,,,,,,,,,,,,,,,,,,,,,,,,,,
,,,,,,,,,,,,,,,,,,,,,,,,,,,,,,,,,,,,,,,,,,,
,,,,,,,,,,,,,,,,,,,,,,,,,,,,,,,,,,,,,,,,,,,
,,,,,,,,,,,,,,,,,,,,,,,,,,,,,,,,,,,,,,,,,,,
,,,,,,,,,,,,,,,,,,,,,,,,,,,,,,,,,,,,,,,,,,,
,,,,,,,,,,,,,,,,,,,,,,,,,,,,,,,,,,,,,,,,,,,
,,,,,,,,,,,,,,,,,,,,,,,,,,,,,,,,,,,,,,,,,,,
,,,,,,,,,,,,,,,,,,,,,,,,,,,,,,,,,,,,,,,,,,,
,,,,,,,,,,,,,,,,,,,,,,,,,,,,,,,,,,,,,,,,,,,
,,,,,,,,,,,,,,,,,,,,,,,,,,,,,,,,,,,,,,,,,,,
,,,,,,,,,,,,,,,,,,,,,,,,,,,,,,,,,,,,,,,,,,,
,,,,,,,,,,,,,,,,,,,,,,,,,,,,,,,,,,,,,,,,,,,
,,,,,,,,,,,,,,,,,,,,,,,,,,,,,,,,,,,,,,,,,,,
,,,,,,,,,,,,,,,,,,,,,,,,,,,,,,,,,,,,,,,,,,,
,,,,,,,,,,,,,,,,,,,,,,,,,,,,,,,,,,,,,,,,,,,
,,,,,,,,,,,,,,,,,,,,,,,,,,,,,,,,,,,,,,,,,,,
,,,,,,,,,,,,,,,,,,,,,,,,,,,,,,,,,,,,,,,,,,,
,,,,,,,,,,,,,,,,,,,,,,,,,,,,,,,,,,,,,,,,,,,
,,,,,,,,,,,,,,,,,,,,,,,,,,,,,,,,,,,,,,,,,,,
,,,,,,,,,,,,,,,,,,,,,,,,,,,,,,,,,,,,,,,,,,,
,,,,,,,,,,,,,,,,,,,,,,,,,,,,,,,,,,,,,,,,,,,
,,,,,,,,,,,,,,,,,,,,,,,,,,,,,,,,,,,,,,,,,,,
,,,,,,,,,,,,,,,,,,,,,,,,,,,,,,,,,,,,,,,,,,,
,,,,,,,,,,,,,,,,,,,,,,,,,,,,,,,,,,,,,,,,,,,
,,,,,,,,,,,,,,,,,,,,,,,,,,,,,,,,,,,,,,,,,,,
,,,,,,,,,,,,,,,,,,,,,,,,,,,,,,,,,,,,,,,,,,,
,,,,,,,,,,,,,,,,,,,,,,,,,,,,,,,,,,,,,,,,,,,
,,,,,,,,,,,,,,,,,,,,,,,,,,,,,,,,,,,,,,,,,,,
,,,,,,,,,,,,,,,,,,,,,,,,,,,,,,,,,,,,,,,,,,,
,,,,,,,,,,,,,,,,,,,,,,,,,,,,,,,,,,,,,,,,,,,
,,,,,,,,,,,,,,,,,,,,,,,,,,,,,,,,,,,,,,,,,,,
,,,,,,,,,,,,,,,,,,,,,,,,,,,,,,,,,,,,,,,,,,,
,,,,,,,,,,,,,,,,,,,,,,,,,,,,,,,,,,,,,,,,,,,
,,,,,,,,,,,,,,,,,,,,,,,,,,,,,,,,,,,,,,,,,,,
,,,,,,,,,,,,,,,,,,,,,,,,,,,,,,,,,,,,,,,,,,,
,,,,,,,,,,,,,,,,,,,,,,,,,,,,,,,,,,,,,,,,,,,
,,,,,,,,,,,,,,,,,,,,,,,,,,,,,,,,,,,,,,,,,,,
,,,,,,,,,,,,,,,,,,,,,,,,,,,,,,,,,,,,,,,,,,,
,,,,,,,,,,,,,,,,,,,,,,,,,,,,,,,,,,,,,,,,,,,
,,,,,,,,,,,,,,,,,,,,,,,,,,,,,,,,,,,,,,,,,,,
,,,,,,,,,,,,,,,,,,,,,,,,,,,,,,,,,,,,,,,,,,,
,,,,,,,,,,,,,,,,,,,,,,,,,,,,,,,,,,,,,,,,,,,
,,,,,,,,,,,,,,,,,,,,,,,,,,,,,,,,,,,,,,,,,,,
,,,,,,,,,,,,,,,,,,,,,,,,,,,,,,,,,,,,,,,,,,,
,,,,,,,,,,,,,,,,,,,,,,,,,,,,,,,,,,,,,,,,,,,
,,,,,,,,,,,,,,,,,,,,,,,,,,,,,,,,,,,,,,,,,,,
,,,,,,,,,,,,,,,,,,,,,,,,,,,,,,,,,,,,,,,,,,,
,,,,,,,,,,,,,,,,,,,,,,,,,,,,,,,,,,,,,,,,,,,
,,,,,,,,,,,,,,,,,,,,,,,,,,,,,,,,,,,,,,,,,,,
,,,,,,,,,,,,,,,,,,,,,,,,,,,,,,,,,,,,,,,,,,,
,,,,,,,,,,,,,,,,,,,,,,,,,,,,,,,,,,,,,,,,,,,
,,,,,,,,,,,,,,,,,,,,,,,,,,,,,,,,,,,,,,,,,,,
,,,,,,,,,,,,,,,,,,,,,,,,,,,,,,,,,,,,,,,,,,,
,,,,,,,,,,,,,,,,,,,,,,,,,,,,,,,,,,,,,,,,,,,
,,,,,,,,,,,,,,,,,,,,,,,,,,,,,,,,,,,,,,,,,,,
,,,,,,,,,,,,,,,,,,,,,,,,,,,,,,,,,,,,,,,,,,,
,,,,,,,,,,,,,,,,,,,,,,,,,,,,,,,,,,,,,,,,,,,
,,,,,,,,,,,,,,,,,,,,,,,,,,,,,,,,,,,,,,,,,,,
,,,,,,,,,,,,,,,,,,,,,,,,,,,,,,,,,,,,,,,,,,,
,,,,,,,,,,,,,,,,,,,,,,,,,,,,,,,,,,,,,,,,,,,
,,,,,,,,,,,,,,,,,,,,,,,,,,,,,,,,,,,,,,,,,,,
,,,,,,,,,,,,,,,,,,,,,,,,,,,,,,,,,,,,,,,,,,,
,,,,,,,,,,,,,,,,,,,,,,,,,,,,,,,,,,,,,,,,,,,
,,,,,,,,,,,,,,,,,,,,,,,,,,,,,,,,,,,,,,,,,,,
,,,,,,,,,,,,,,,,,,,,,,,,,,,,,,,,,,,,,,,,,,,
,,,,,,,,,,,,,,,,,,,,,,,,,,,,,,,,,,,,,,,,,,,
,,,,,,,,,,,,,,,,,,,,,,,,,,,,,,,,,,,,,,,,,,,
,,,,,,,,,,,,,,,,,,,,,,,,,,,,,,,,,,,,,,,,,,,
,,,,,,,,,,,,,,,,,,,,,,,,,,,,,,,,,,,,,,,,,,,
,,,,,,,,,,,,,,,,,,,,,,,,,,,,,,,,,,,,,,,,,,,
,,,,,,,,,,,,,,,,,,,,,,,,,,,,,,,,,,,,,,,,,,,
,,,,,,,,,,,,,,,,,,,,,,,,,,,,,,,,,,,,,,,,,,,
,,,,,,,,,,,,,,,,,,,,,,,,,,,,,,,,,,,,,,,,,,,
,,,,,,,,,,,,,,,,,,,,,,,,,,,,,,,,,,,,,,,,,,,
,,,,,,,,,,,,,,,,,,,,,,,,,,,,,,,,,,,,,,,,,,,
,,,,,,,,,,,,,,,,,,,,,,,,,,,,,,,,,,,,,,,,,,,
,,,,,,,,,,,,,,,,,,,,,,,,,,,,,,,,,,,,,,,,,,,
,,,,,,,,,,,,,,,,,,,,,,,,,,,,,,,,,,,,,,,,,,,
,,,,,,,,,,,,,,,,,,,,,,,,,,,,,,,,,,,,,,,,,,,
,,,,,,,,,,,,,,,,,,,,,,,,,,,,,,,,,,,,,,,,,,,
,,,,,,,,,,,,,,,,,,,,,,,,,,,,,,,,,,,,,,,,,,,
,,,,,,,,,,,,,,,,,,,,,,,,,,,,,,,,,,,,,,,,,,,
,,,,,,,,,,,,,,,,,,,,,,,,,,,,,,,,,,,,,,,,,,,
,,,,,,,,,,,,,,,,,,,,,,,,,,,,,,,,,,,,,,,,,,,
,,,,,,,,,,,,,,,,,,,,,,,,,,,,,,,,,,,,,,,,,,,
,,,,,,,,,,,,,,,,,,,,,,,,,,,,,,,,,,,,,,,,,,,
,,,,,,,,,,,,,,,,,,,,,,,,,,,,,,,,,,,,,,,,,,,
,,,,,,,,,,,,,,,,,,,,,,,,,,,,,,,,,,,,,,,,,,,
,,,,,,,,,,,,,,,,,,,,,,,,,,,,,,,,,,,,,,,,,,,
,,,,,,,,,,,,,,,,,,,,,,,,,,,,,,,,,,,,,,,,,,,
,,,,,,,,,,,,,,,,,,,,,,,,,,,,,,,,,,,,,,,,,,,
,,,,,,,,,,,,,,,,,,,,,,,,,,,,,,,,,,,,,,,,,,,
,,,,,,,,,,,,,,,,,,,,,,,,,,,,,,,,,,,,,,,,,,,
,,,,,,,,,,,,,,,,,,,,,,,,,,,,,,,,,,,,,,,,,,,
,,,,,,,,,,,,,,,,,,,,,,,,,,,,,,,,,,,,,,,,,,,
,,,,,,,,,,,,,,,,,,,,,,,,,,,,,,,,,,,,,,,,,,,
,,,,,,,,,,,,,,,,,,,,,,,,,,,,,,,,,,,,,,,,,,,
,,,,,,,,,,,,,,,,,,,,,,,,,,,,,,,,,,,,,,,,,,,
,,,,,,,,,,,,,,,,,,,,,,,,,,,,,,,,,,,,,,,,,,,
,,,,,,,,,,,,,,,,,,,,,,,,,,,,,,,,,,,,,,,,,,,
,,,,,,,,,,,,,,,,,,,,,,,,,,,,,,,,,,,,,,,,,,,
,,,,,,,,,,,,,,,,,,,,,,,,,,,,,,,,,,,,,,,,,,,
,,,,,,,,,,,,,,,,,,,,,,,,,,,,,,,,,,,,,,,,,,,
,,,,,,,,,,,,,,,,,,,,,,,,,,,,,,,,,,,,,,,,,,,
,,,,,,,,,,,,,,,,,,,,,,,,,,,,,,,,,,,,,,,,,,,
,,,,,,,,,,,,,,,,,,,,,,,,,,,,,,,,,,,,,,,,,,,
,,,,,,,,,,,,,,,,,,,,,,,,,,,,,,,,,,,,,,,,,,,
,,,,,,,,,,,,,,,,,,,,,,,,,,,,,,,,,,,,,,,,,,,
,,,,,,,,,,,,,,,,,,,,,,,,,,,,,,,,,,,,,,,,,,,
,,,,,,,,,,,,,,,,,,,,,,,,,,,,,,,,,,,,,,,,,,,
,,,,,,,,,,,,,,,,,,,,,,,,,,,,,,,,,,,,,,,,,,,
,,,,,,,,,,,,,,,,,,,,,,,,,,,,,,,,,,,,,,,,,,,
,,,,,,,,,,,,,,,,,,,,,,,,,,,,,,,,,,,,,,,,,,,
,,,,,,,,,,,,,,,,,,,,,,,,,,,,,,,,,,,,,,,,,,,
,,,,,,,,,,,,,,,,,,,,,,,,,,,,,,,,,,,,,,,,,,,
,,,,,,,,,,,,,,,,,,,,,,,,,,,,,,,,,,,,,,,,,,,
,,,,,,,,,,,,,,,,,,,,,,,,,,,,,,,,,,,,,,,,,,,
,,,,,,,,,,,,,,,,,,,,,,,,,,,,,,,,,,,,,,,,,,,
,,,,,,,,,,,,,,,,,,,,,,,,,,,,,,,,,,,,,,,,,,,
,,,,,,,,,,,,,,,,,,,,,,,,,,,,,,,,,,,,,,,,,,,
,,,,,,,,,,,,,,,,,,,,,,,,,,,,,,,,,,,,,,,,,,,
,,,,,,,,,,,,,,,,,,,,,,,,,,,,,,,,,,,,,,,,,,,
,,,,,,,,,,,,,,,,,,,,,,,,,,,,,,,,,,,,,,,,,,,
,,,,,,,,,,,,,,,,,,,,,,,,,,,,,,,,,,,,,,,,,,,
,,,,,,,,,,,,,,,,,,,,,,,,,,,,,,,,,,,,,,,,,,,
,,,,,,,,,,,,,,,,,,,,,,,,,,,,,,,,,,,,,,,,,,,
,,,,,,,,,,,,,,,,,,,,,,,,,,,,,,,,,,,,,,,,,,,
,,,,,,,,,,,,,,,,,,,,,,,,,,,,,,,,,,,,,,,,,,,
,,,,,,,,,,,,,,,,,,,,,,,,,,,,,,,,,,,,,,,,,,,
,,,,,,,,,,,,,,,,,,,,,,,,,,,,,,,,,,,,,,,,,,,
,,,,,,,,,,,,,,,,,,,,,,,,,,,,,,,,,,,,,,,,,,,
,,,,,,,,,,,,,,,,,,,,,,,,,,,,,,,,,,,,,,,,,,,
,,,,,,,,,,,,,,,,,,,,,,,,,,,,,,,,,,,,,,,,,,,
,,,,,,,,,,,,,,,,,,,,,,,,,,,,,,,,,,,,,,,,,,,
,,,,,,,,,,,,,,,,,,,,,,,,,,,,,,,,,,,,,,,,,,,
,,,,,,,,,,,,,,,,,,,,,,,,,,,,,,,,,,,,,,,,,,,
,,,,,,,,,,,,,,,,,,,,,,,,,,,,,,,,,,,,,,,,,,,
,,,,,,,,,,,,,,,,,,,,,,,,,,,,,,,,,,,,,,,,,,,
,,,,,,,,,,,,,,,,,,,,,,,,,,,,,,,,,,,,,,,,,,,
,,,,,,,,,,,,,,,,,,,,,,,,,,,,,,,,,,,,,,,,,,,
,,,,,,,,,,,,,,,,,,,,,,,,,,,,,,,,,,,,,,,,,,,
,,,,,,,,,,,,,,,,,,,,,,,,,,,,,,,,,,,,,,,,,,,
,,,,,,,,,,,,,,,,,,,,,,,,,,,,,,,,,,,,,,,,,,,
,,,,,,,,,,,,,,,,,,,,,,,,,,,,,,,,,,,,,,,,,,,
,,,,,,,,,,,,,,,,,,,,,,,,,,,,,,,,,,,,,,,,,,,
,,,,,,,,,,,,,,,,,,,,,,,,,,,,,,,,,,,,,,,,,,,
,,,,,,,,,,,,,,,,,,,,,,,,,,,,,,,,,,,,,,,,,,,
,,,,,,,,,,,,,,,,,,,,,,,,,,,,,,,,,,,,,,,,,,,
,,,,,,,,,,,,,,,,,,,,,,,,,,,,,,,,,,,,,,,,,,,
,,,,,,,,,,,,,,,,,,,,,,,,,,,,,,,,,,,,,,,,,,,
,,,,,,,,,,,,,,,,,,,,,,,,,,,,,,,,,,,,,,,,,,,
,,,,,,,,,,,,,,,,,,,,,,,,,,,,,,,,,,,,,,,,,,,
,,,,,,,,,,,,,,,,,,,,,,,,,,,,,,,,,,,,,,,,,,,
,,,,,,,,,,,,,,,,,,,,,,,,,,,,,,,,,,,,,,,,,,,
,,,,,,,,,,,,,,,,,,,,,,,,,,,,,,,,,,,,,,,,,,,
,,,,,,,,,,,,,,,,,,,,,,,,,,,,,,,,,,,,,,,,,,,
,,,,,,,,,,,,,,,,,,,,,,,,,,,,,,,,,,,,,,,,,,,
,,,,,,,,,,,,,,,,,,,,,,,,,,,,,,,,,,,,,,,,,,,
,,,,,,,,,,,,,,,,,,,,,,,,,,,,,,,,,,,,,,,,,,,
,,,,,,,,,,,,,,,,,,,,,,,,,,,,,,,,,,,,,,,,,,,
,,,,,,,,,,,,,,,,,,,,,,,,,,,,,,,,,,,,,,,,,,,
,,,,,,,,,,,,,,,,,,,,,,,,,,,,,,,,,,,,,,,,,,,
,,,,,,,,,,,,,,,,,,,,,,,,,,,,,,,,,,,,,,,,,,,
,,,,,,,,,,,,,,,,,,,,,,,,,,,,,,,,,,,,,,,,,,,
,,,,,,,,,,,,,,,,,,,,,,,,,,,,,,,,,,,,,,,,,,,
,,,,,,,,,,,,,,,,,,,,,,,,,,,,,,,,,,,,,,,,,,,
,,,,,,,,,,,,,,,,,,,,,,,,,,,,,,,,,,,,,,,,,,,
,,,,,,,,,,,,,,,,,,,,,,,,,,,,,,,,,,,,,,,,,,,
,,,,,,,,,,,,,,,,,,,,,,,,,,,,,,,,,,,,,,,,,,,
,,,,,,,,,,,,,,,,,,,,,,,,,,,,,,,,,,,,,,,,,,,
,,,,,,,,,,,,,,,,,,,,,,,,,,,,,,,,,,,,,,,,,,,
,,,,,,,,,,,,,,,,,,,,,,,,,,,,,,,,,,,,,,,,,,,
,,,,,,,,,,,,,,,,,,,,,,,,,,,,,,,,,,,,,,,,,,,
,,,,,,,,,,,,,,,,,,,,,,,,,,,,,,,,,,,,,,,,,,,
,,,,,,,,,,,,,,,,,,,,,,,,,,,,,,,,,,,,,,,,,,,
,,,,,,,,,,,,,,,,,,,,,,,,,,,,,,,,,,,,,,,,,,,
,,,,,,,,,,,,,,,,,,,,,,,,,,,,,,,,,,,,,,,,,,,
,,,,,,,,,,,,,,,,,,,,,,,,,,,,,,,,,,,,,,,,,,,
,,,,,,,,,,,,,,,,,,,,,,,,,,,,,,,,,,,,,,,,,,,
,,,,,,,,,,,,,,,,,,,,,,,,,,,,,,,,,,,,,,,,,,,
,,,,,,,,,,,,,,,,,,,,,,,,,,,,,,,,,,,,,,,,,,,
,,,,,,,,,,,,,,,,,,,,,,,,,,,,,,,,,,,,,,,,,,,
,,,,,,,,,,,,,,,,,,,,,,,,,,,,,,,,,,,,,,,,,,,
,,,,,,,,,,,,,,,,,,,,,,,,,,,,,,,,,,,,,,,,,,,
,,,,,,,,,,,,,,,,,,,,,,,,,,,,,,,,,,,,,,,,,,,
,,,,,,,,,,,,,,,,,,,,,,,,,,,,,,,,,,,,,,,,,,,
,,,,,,,,,,,,,,,,,,,,,,,,,,,,,,,,,,,,,,,,,,,
,,,,,,,,,,,,,,,,,,,,,,,,,,,,,,,,,,,,,,,,,,,
,,,,,,,,,,,,,,,,,,,,,,,,,,,,,,,,,,,,,,,,,,,
,,,,,,,,,,,,,,,,,,,,,,,,,,,,,,,,,,,,,,,,,,,
,,,,,,,,,,,,,,,,,,,,,,,,,,,,,,,,,,,,,,,,,,,
,,,,,,,,,,,,,,,,,,,,,,,,,,,,,,,,,,,,,,,,,,,
,,,,,,,,,,,,,,,,,,,,,,,,,,,,,,,,,,,,,,,,,,,
,,,,,,,,,,,,,,,,,,,,,,,,,,,,,,,,,,,,,,,,,,,
,,,,,,,,,,,,,,,,,,,,,,,,,,,,,,,,,,,,,,,,,,,
,,,,,,,,,,,,,,,,,,,,,,,,,,,,,,,,,,,,,,,,,,,
,,,,,,,,,,,,,,,,,,,,,,,,,,,,,,,,,,,,,,,,,,,
,,,,,,,,,,,,,,,,,,,,,,,,,,,,,,,,,,,,,,,,,,,
,,,,,,,,,,,,,,,,,,,,,,,,,,,,,,,,,,,,,,,,,,,
,,,,,,,,,,,,,,,,,,,,,,,,,,,,,,,,,,,,,,,,,,,
,,,,,,,,,,,,,,,,,,,,,,,,,,,,,,,,,,,,,,,,,,,
,,,,,,,,,,,,,,,,,,,,,,,,,,,,,,,,,,,,,,,,,,,
,,,,,,,,,,,,,,,,,,,,,,,,,,,,,,,,,,,,,,,,,,,
,,,,,,,,,,,,,,,,,,,,,,,,,,,,,,,,,,,,,,,,,,,
,,,,,,,,,,,,,,,,,,,,,,,,,,,,,,,,,,,,,,,,,,,
,,,,,,,,,,,,,,,,,,,,,,,,,,,,,,,,,,,,,,,,,,,
,,,,,,,,,,,,,,,,,,,,,,,,,,,,,,,,,,,,,,,,,,,
,,,,,,,,,,,,,,,,,,,,,,,,,,,,,,,,,,,,,,,,,,,
,,,,,,,,,,,,,,,,,,,,,,,,,,,,,,,,,,,,,,,,,,,
,,,,,,,,,,,,,,,,,,,,,,,,,,,,,,,,,,,,,,,,,,,
,,,,,,,,,,,,,,,,,,,,,,,,,,,,,,,,,,,,,,,,,,,
,,,,,,,,,,,,,,,,,,,,,,,,,,,,,,,,,,,,,,,,,,,
,,,,,,,,,,,,,,,,,,,,,,,,,,,,,,,,,,,,,,,,,,,
,,,,,,,,,,,,,,,,,,,,,,,,,,,,,,,,,,,,,,,,,,,
,,,,,,,,,,,,,,,,,,,,,,,,,,,,,,,,,,,,,,,,,,,
,,,,,,,,,,,,,,,,,,,,,,,,,,,,,,,,,,,,,,,,,,,
,,,,,,,,,,,,,,,,,,,,,,,,,,,,,,,,,,,,,,,,,,,
,,,,,,,,,,,,,,,,,,,,,,,,,,,,,,,,,,,,,,,,,,,
,,,,,,,,,,,,,,,,,,,,,,,,,,,,,,,,,,,,,,,,,,,
,,,,,,,,,,,,,,,,,,,,,,,,,,,,,,,,,,,,,,,,,,,
,,,,,,,,,,,,,,,,,,,,,,,,,,,,,,,,,,,,,,,,,,,
,,,,,,,,,,,,,,,,,,,,,,,,,,,,,,,,,,,,,,,,,,,
,,,,,,,,,,,,,,,,,,,,,,,,,,,,,,,,,,,,,,,,,,,
,,,,,,,,,,,,,,,,,,,,,,,,,,,,,,,,,,,,,,,,,,,
,,,,,,,,,,,,,,,,,,,,,,,,,,,,,,,,,,,,,,,,,,,
,,,,,,,,,,,,,,,,,,,,,,,,,,,,,,,,,,,,,,,,,,,
,,,,,,,,,,,,,,,,,,,,,,,,,,,,,,,,,,,,,,,,,,,
,,,,,,,,,,,,,,,,,,,,,,,,,,,,,,,,,,,,,,,,,,,
,,,,,,,,,,,,,,,,,,,,,,,,,,,,,,,,,,,,,,,,,,,
,,,,,,,,,,,,,,,,,,,,,,,,,,,,,,,,,,,,,,,,,,,
,,,,,,,,,,,,,,,,,,,,,,,,,,,,,,,,,,,,,,,,,,,
,,,,,,,,,,,,,,,,,,,,,,,,,,,,,,,,,,,,,,,,,,,
,,,,,,,,,,,,,,,,,,,,,,,,,,,,,,,,,,,,,,,,,,,
,,,,,,,,,,,,,,,,,,,,,,,,,,,,,,,,,,,,,,,,,,,
,,,,,,,,,,,,,,,,,,,,,,,,,,,,,,,,,,,,,,,,,,,
,,,,,,,,,,,,,,,,,,,,,,,,,,,,,,,,,,,,,,,,,,,
,,,,,,,,,,,,,,,,,,,,,,,,,,,,,,,,,,,,,,,,,,,
,,,,,,,,,,,,,,,,,,,,,,,,,,,,,,,,,,,,,,,,,,,
,,,,,,,,,,,,,,,,,,,,,,,,,,,,,,,,,,,,,,,,,,,
,,,,,,,,,,,,,,,,,,,,,,,,,,,,,,,,,,,,,,,,,,,
,,,,,,,,,,,,,,,,,,,,,,,,,,,,,,,,,,,,,,,,,,,
,,,,,,,,,,,,,,,,,,,,,,,,,,,,,,,,,,,,,,,,,,,
,,,,,,,,,,,,,,,,,,,,,,,,,,,,,,,,,,,,,,,,,,,
,,,,,,,,,,,,,,,,,,,,,,,,,,,,,,,,,,,,,,,,,,,
,,,,,,,,,,,,,,,,,,,,,,,,,,,,,,,,,,,,,,,,,,,
,,,,,,,,,,,,,,,,,,,,,,,,,,,,,,,,,,,,,,,,,,,
,,,,,,,,,,,,,,,,,,,,,,,,,,,,,,,,,,,,,,,,,,,
,,,,,,,,,,,,,,,,,,,,,,,,,,,,,,,,,,,,,,,,,,,
,,,,,,,,,,,,,,,,,,,,,,,,,,,,,,,,,,,,,,,,,,,
,,,,,,,,,,,,,,,,,,,,,,,,,,,,,,,,,,,,,,,,,,,
,,,,,,,,,,,,,,,,,,,,,,,,,,,,,,,,,,,,,,,,,,,
,,,,,,,,,,,,,,,,,,,,,,,,,,,,,,,,,,,,,,,,,,,
,,,,,,,,,,,,,,,,,,,,,,,,,,,,,,,,,,,,,,,,,,,
,,,,,,,,,,,,,,,,,,,,,,,,,,,,,,,,,,,,,,,,,,,
,,,,,,,,,,,,,,,,,,,,,,,,,,,,,,,,,,,,,,,,,,,
,,,,,,,,,,,,,,,,,,,,,,,,,,,,,,,,,,,,,,,,,,,
,,,,,,,,,,,,,,,,,,,,,,,,,,,,,,,,,,,,,,,,,,,
,,,,,,,,,,,,,,,,,,,,,,,,,,,,,,,,,,,,,,,,,,,
,,,,,,,,,,,,,,,,,,,,,,,,,,,,,,,,,,,,,,,,,,,
,,,,,,,,,,,,,,,,,,,,,,,,,,,,,,,,,,,,,,,,,,,
,,,,,,,,,,,,,,,,,,,,,,,,,,,,,,,,,,,,,,,,,,,
,,,,,,,,,,,,,,,,,,,,,,,,,,,,,,,,,,,,,,,,,,,
,,,,,,,,,,,,,,,,,,,,,,,,,,,,,,,,,,,,,,,,,,,
,,,,,,,,,,,,,,,,,,,,,,,,,,,,,,,,,,,,,,,,,,,
,,,,,,,,,,,,,,,,,,,,,,,,,,,,,,,,,,,,,,,,,,,
,,,,,,,,,,,,,,,,,,,,,,,,,,,,,,,,,,,,,,,,,,,
,,,,,,,,,,,,,,,,,,,,,,,,,,,,,,,,,,,,,,,,,,,
,,,,,,,,,,,,,,,,,,,,,,,,,,,,,,,,,,,,,,,,,,,
,,,,,,,,,,,,,,,,,,,,,,,,,,,,,,,,,,,,,,,,,,,
,,,,,,,,,,,,,,,,,,,,,,,,,,,,,,,,,,,,,,,,,,,
,,,,,,,,,,,,,,,,,,,,,,,,,,,,,,,,,,,,,,,,,,,
,,,,,,,,,,,,,,,,,,,,,,,,,,,,,,,,,,,,,,,,,,,
,,,,,,,,,,,,,,,,,,,,,,,,,,,,,,,,,,,,,,,,,,,
,,,,,,,,,,,,,,,,,,,,,,,,,,,,,,,,,,,,,,,,,,,
,,,,,,,,,,,,,,,,,,,,,,,,,,,,,,,,,,,,,,,,,,,
,,,,,,,,,,,,,,,,,,,,,,,,,,,,,,,,,,,,,,,,,,,
,,,,,,,,,,,,,,,,,,,,,,,,,,,,,,,,,,,,,,,,,,,
,,,,,,,,,,,,,,,,,,,,,,,,,,,,,,,,,,,,,,,,,,,
,,,,,,,,,,,,,,,,,,,,,,,,,,,,,,,,,,,,,,,,,,,
,,,,,,,,,,,,,,,,,,,,,,,,,,,,,,,,,,,,,,,,,,,
,,,,,,,,,,,,,,,,,,,,,,,,,,,,,,,,,,,,,,,,,,,
,,,,,,,,,,,,,,,,,,,,,,,,,,,,,,,,,,,,,,,,,,,
,,,,,,,,,,,,,,,,,,,,,,,,,,,,,,,,,,,,,,,,,,,
,,,,,,,,,,,,,,,,,,,,,,,,,,,,,,,,,,,,,,,,,,,
,,,,,,,,,,,,,,,,,,,,,,,,,,,,,,,,,,,,,,,,,,,
,,,,,,,,,,,,,,,,,,,,,,,,,,,,,,,,,,,,,,,,,,,
,,,,,,,,,,,,,,,,,,,,,,,,,,,,,,,,,,,,,,,,,,,
,,,,,,,,,,,,,,,,,,,,,,,,,,,,,,,,,,,,,,,,,,,
,,,,,,,,,,,,,,,,,,,,,,,,,,,,,,,,,,,,,,,,,,,
,,,,,,,,,,,,,,,,,,,,,,,,,,,,,,,,,,,,,,,,,,,
,,,,,,,,,,,,,,,,,,,,,,,,,,,,,,,,,,,,,,,,,,,
,,,,,,,,,,,,,,,,,,,,,,,,,,,,,,,,,,,,,,,,,,,
,,,,,,,,,,,,,,,,,,,,,,,,,,,,,,,,,,,,,,,,,,,
,,,,,,,,,,,,,,,,,,,,,,,,,,,,,,,,,,,,,,,,,,,
,,,,,,,,,,,,,,,,,,,,,,,,,,,,,,,,,,,,,,,,,,,
,,,,,,,,,,,,,,,,,,,,,,,,,,,,,,,,,,,,,,,,,,,
,,,,,,,,,,,,,,,,,,,,,,,,,,,,,,,,,,,,,,,,,,,
,,,,,,,,,,,,,,,,,,,,,,,,,,,,,,,,,,,,,,,,,,,
,,,,,,,,,,,,,,,,,,,,,,,,,,,,,,,,,,,,,,,,,,,
,,,,,,,,,,,,,,,,,,,,,,,,,,,,,,,,,,,,,,,,,,,
,,,,,,,,,,,,,,,,,,,,,,,,,,,,,,,,,,,,,,,,,,,
,,,,,,,,,,,,,,,,,,,,,,,,,,,,,,,,,,,,,,,,,,,
,,,,,,,,,,,,,,,,,,,,,,,,,,,,,,,,,,,,,,,,,,,
,,,,,,,,,,,,,,,,,,,,,,,,,,,,,,,,,,,,,,,,,,,
,,,,,,,,,,,,,,,,,,,,,,,,,,,,,,,,,,,,,,,,,,,
,,,,,,,,,,,,,,,,,,,,,,,,,,,,,,,,,,,,,,,,,,,
,,,,,,,,,,,,,,,,,,,,,,,,,,,,,,,,,,,,,,,,,,,
,,,,,,,,,,,,,,,,,,,,,,,,,,,,,,,,,,,,,,,,,,,
,,,,,,,,,,,,,,,,,,,,,,,,,,,,,,,,,,,,,,,,,,,
,,,,,,,,,,,,,,,,,,,,,,,,,,,,,,,,,,,,,,,,,,,
,,,,,,,,,,,,,,,,,,,,,,,,,,,,,,,,,,,,,,,,,,,
,,,,,,,,,,,,,,,,,,,,,,,,,,,,,,,,,,,,,,,,,,,
,,,,,,,,,,,,,,,,,,,,,,,,,,,,,,,,,,,,,,,,,,,
,,,,,,,,,,,,,,,,,,,,,,,,,,,,,,,,,,,,,,,,,,,
,,,,,,,,,,,,,,,,,,,,,,,,,,,,,,,,,,,,,,,,,,,
,,,,,,,,,,,,,,,,,,,,,,,,,,,,,,,,,,,,,,,,,,,
,,,,,,,,,,,,,,,,,,,,,,,,,,,,,,,,,,,,,,,,,,,
,,,,,,,,,,,,,,,,,,,,,,,,,,,,,,,,,,,,,,,,,,,
,,,,,,,,,,,,,,,,,,,,,,,,,,,,,,,,,,,,,,,,,,,
,,,,,,,,,,,,,,,,,,,,,,,,,,,,,,,,,,,,,,,,,,,
,,,,,,,,,,,,,,,,,,,,,,,,,,,,,,,,,,,,,,,,,,,
,,,,,,,,,,,,,,,,,,,,,,,,,,,,,,,,,,,,,,,,,,,
,,,,,,,,,,,,,,,,,,,,,,,,,,,,,,,,,,,,,,,,,,,
,,,,,,,,,,,,,,,,,,,,,,,,,,,,,,,,,,,,,,,,,,,
,,,,,,,,,,,,,,,,,,,,,,,,,,,,,,,,,,,,,,,,,,,
,,,,,,,,,,,,,,,,,,,,,,,,,,,,,,,,,,,,,,,,,,,
,,,,,,,,,,,,,,,,,,,,,,,,,,,,,,,,,,,,,,,,,,,
,,,,,,,,,,,,,,,,,,,,,,,,,,,,,,,,,,,,,,,,,,,
,,,,,,,,,,,,,,,,,,,,,,,,,,,,,,,,,,,,,,,,,,,
,,,,,,,,,,,,,,,,,,,,,,,,,,,,,,,,,,,,,,,,,,,
,,,,,,,,,,,,,,,,,,,,,,,,,,,,,,,,,,,,,,,,,,,
,,,,,,,,,,,,,,,,,,,,,,,,,,,,,,,,,,,,,,,,,,,
,,,,,,,,,,,,,,,,,,,,,,,,,,,,,,,,,,,,,,,,,,,
,,,,,,,,,,,,,,,,,,,,,,,,,,,,,,,,,,,,,,,,,,,
,,,,,,,,,,,,,,,,,,,,,,,,,,,,,,,,,,,,,,,,,,,
,,,,,,,,,,,,,,,,,,,,,,,,,,,,,,,,,,,,,,,,,,,
,,,,,,,,,,,,,,,,,,,,,,,,,,,,,,,,,,,,,,,,,,,
,,,,,,,,,,,,,,,,,,,,,,,,,,,,,,,,,,,,,,,,,,,
,,,,,,,,,,,,,,,,,,,,,,,,,,,,,,,,,,,,,,,,,,,
,,,,,,,,,,,,,,,,,,,,,,,,,,,,,,,,,,,,,,,,,,,
,,,,,,,,,,,,,,,,,,,,,,,,,,,,,,,,,,,,,,,,,,,
,,,,,,,,,,,,,,,,,,,,,,,,,,,,,,,,,,,,,,,,,,,
,,,,,,,,,,,,,,,,,,,,,,,,,,,,,,,,,,,,,,,,,,,
,,,,,,,,,,,,,,,,,,,,,,,,,,,,,,,,,,,,,,,,,,,
,,,,,,,,,,,,,,,,,,,,,,,,,,,,,,,,,,,,,,,,,,,
,,,,,,,,,,,,,,,,,,,,,,,,,,,,,,,,,,,,,,,,,,,
,,,,,,,,,,,,,,,,,,,,,,,,,,,,,,,,,,,,,,,,,,,
,,,,,,,,,,,,,,,,,,,,,,,,,,,,,,,,,,,,,,,,,,,
,,,,,,,,,,,,,,,,,,,,,,,,,,,,,,,,,,,,,,,,,,,
,,,,,,,,,,,,,,,,,,,,,,,,,,,,,,,,,,,,,,,,,,,
,,,,,,,,,,,,,,,,,,,,,,,,,,,,,,,,,,,,,,,,,,,
,,,,,,,,,,,,,,,,,,,,,,,,,,,,,,,,,,,,,,,,,,,
,,,,,,,,,,,,,,,,,,,,,,,,,,,,,,,,,,,,,,,,,,,
,,,,,,,,,,,,,,,,,,,,,,,,,,,,,,,,,,,,,,,,,,,
,,,,,,,,,,,,,,,,,,,,,,,,,,,,,,,,,,,,,,,,,,,
,,,,,,,,,,,,,,,,,,,,,,,,,,,,,,,,,,,,,,,,,,,
,,,,,,,,,,,,,,,,,,,,,,,,,,,,,,,,,,,,,,,,,,,
,,,,,,,,,,,,,,,,,,,,,,,,,,,,,,,,,,,,,,,,,,,
,,,,,,,,,,,,,,,,,,,,,,,,,,,,,,,,,,,,,,,,,,,
,,,,,,,,,,,,,,,,,,,,,,,,,,,,,,,,,,,,,,,,,,,
,,,,,,,,,,,,,,,,,,,,,,,,,,,,,,,,,,,,,,,,,,,
,,,,,,,,,,,,,,,,,,,,,,,,,,,,,,,,,,,,,,,,,,,
,,,,,,,,,,,,,,,,,,,,,,,,,,,,,,,,,,,,,,,,,,,
,,,,,,,,,,,,,,,,,,,,,,,,,,,,,,,,,,,,,,,,,,,
,,,,,,,,,,,,,,,,,,,,,,,,,,,,,,,,,,,,,,,,,,,
,,,,,,,,,,,,,,,,,,,,,,,,,,,,,,,,,,,,,,,,,,,
,,,,,,,,,,,,,,,,,,,,,,,,,,,,,,,,,,,,,,,,,,,
,,,,,,,,,,,,,,,,,,,,,,,,,,,,,,,,,,,,,,,,,,,
,,,,,,,,,,,,,,,,,,,,,,,,,,,,,,,,,,,,,,,,,,,
,,,,,,,,,,,,,,,,,,,,,,,,,,,,,,,,,,,,,,,,,,,
,,,,,,,,,,,,,,,,,,,,,,,,,,,,,,,,,,,,,,,,,,,
,,,,,,,,,,,,,,,,,,,,,,,,,,,,,,,,,,,,,,,,,,,
,,,,,,,,,,,,,,,,,,,,,,,,,,,,,,,,,,,,,,,,,,,
,,,,,,,,,,,,,,,,,,,,,,,,,,,,,,,,,,,,,,,,,,,
,,,,,,,,,,,,,,,,,,,,,,,,,,,,,,,,,,,,,,,,,,,
,,,,,,,,,,,,,,,,,,,,,,,,,,,,,,,,,,,,,,,,,,,
,,,,,,,,,,,,,,,,,,,,,,,,,,,,,,,,,,,,,,,,,,,
,,,,,,,,,,,,,,,,,,,,,,,,,,,,,,,,,,,,,,,,,,,
,,,,,,,,,,,,,,,,,,,,,,,,,,,,,,,,,,,,,,,,,,,
,,,,,,,,,,,,,,,,,,,,,,,,,,,,,,,,,,,,,,,,,,,
,,,,,,,,,,,,,,,,,,,,,,,,,,,,,,,,,,,,,,,,,,,
,,,,,,,,,,,,,,,,,,,,,,,,,,,,,,,,,,,,,,,,,,,
,,,,,,,,,,,,,,,,,,,,,,,,,,,,,,,,,,,,,,,,,,,
,,,,,,,,,,,,,,,,,,,,,,,,,,,,,,,,,,,,,,,,,,,
,,,,,,,,,,,,,,,,,,,,,,,,,,,,,,,,,,,,,,,,,,,
,,,,,,,,,,,,,,,,,,,,,,,,,,,,,,,,,,,,,,,,,,,
,,,,,,,,,,,,,,,,,,,,,,,,,,,,,,,,,,,,,,,,,,,
,,,,,,,,,,,,,,,,,,,,,,,,,,,,,,,,,,,,,,,,,,,
,,,,,,,,,,,,,,,,,,,,,,,,,,,,,,,,,,,,,,,,,,,
,,,,,,,,,,,,,,,,,,,,,,,,,,,,,,,,,,,,,,,,,,,
,,,,,,,,,,,,,,,,,,,,,,,,,,,,,,,,,,,,,,,,,,,
,,,,,,,,,,,,,,,,,,,,,,,,,,,,,,,,,,,,,,,,,,,
,,,,,,,,,,,,,,,,,,,,,,,,,,,,,,,,,,,,,,,,,,,
,,,,,,,,,,,,,,,,,,,,,,,,,,,,,,,,,,,,,,,,,,,
,,,,,,,,,,,,,,,,,,,,,,,,,,,,,,,,,,,,,,,,,,,
,,,,,,,,,,,,,,,,,,,,,,,,,,,,,,,,,,,,,,,,,,,
,,,,,,,,,,,,,,,,,,,,,,,,,,,,,,,,,,,,,,,,,,,
,,,,,,,,,,,,,,,,,,,,,,,,,,,,,,,,,,,,,,,,,,,
,,,,,,,,,,,,,,,,,,,,,,,,,,,,,,,,,,,,,,,,,,,
,,,,,,,,,,,,,,,,,,,,,,,,,,,,,,,,,,,,,,,,,,,
,,,,,,,,,,,,,,,,,,,,,,,,,,,,,,,,,,,,,,,,,,,
,,,,,,,,,,,,,,,,,,,,,,,,,,,,,,,,,,,,,,,,,,,
,,,,,,,,,,,,,,,,,,,,,,,,,,,,,,,,,,,,,,,,,,,
,,,,,,,,,,,,,,,,,,,,,,,,,,,,,,,,,,,,,,,,,,,
,,,,,,,,,,,,,,,,,,,,,,,,,,,,,,,,,,,,,,,,,,,
,,,,,,,,,,,,,,,,,,,,,,,,,,,,,,,,,,,,,,,,,,,
,,,,,,,,,,,,,,,,,,,,,,,,,,,,,,,,,,,,,,,,,,,
,,,,,,,,,,,,,,,,,,,,,,,,,,,,,,,,,,,,,,,,,,,
,,,,,,,,,,,,,,,,,,,,,,,,,,,,,,,,,,,,,,,,,,,
,,,,,,,,,,,,,,,,,,,,,,,,,,,,,,,,,,,,,,,,,,,
,,,,,,,,,,,,,,,,,,,,,,,,,,,,,,,,,,,,,,,,,,,
,,,,,,,,,,,,,,,,,,,,,,,,,,,,,,,,,,,,,,,,,,,
,,,,,,,,,,,,,,,,,,,,,,,,,,,,,,,,,,,,,,,,,,,
,,,,,,,,,,,,,,,,,,,,,,,,,,,,,,,,,,,,,,,,,,,
,,,,,,,,,,,,,,,,,,,,,,,,,,,,,,,,,,,,,,,,,,,
,,,,,,,,,,,,,,,,,,,,,,,,,,,,,,,,,,,,,,,,,,,
,,,,,,,,,,,,,,,,,,,,,,,,,,,,,,,,,,,,,,,,,,,
,,,,,,,,,,,,,,,,,,,,,,,,,,,,,,,,,,,,,,,,,,,
,,,,,,,,,,,,,,,,,,,,,,,,,,,,,,,,,,,,,,,,,,,
,,,,,,,,,,,,,,,,,,,,,,,,,,,,,,,,,,,,,,,,,,,
,,,,,,,,,,,,,,,,,,,,,,,,,,,,,,,,,,,,,,,,,,,
,,,,,,,,,,,,,,,,,,,,,,,,,,,,,,,,,,,,,,,,,,,
,,,,,,,,,,,,,,,,,,,,,,,,,,,,,,,,,,,,,,,,,,,
,,,,,,,,,,,,,,,,,,,,,,,,,,,,,,,,,,,,,,,,,,,
,,,,,,,,,,,,,,,,,,,,,,,,,,,,,,,,,,,,,,,,,,,
,,,,,,,,,,,,,,,,,,,,,,,,,,,,,,,,,,,,,,,,,,,
,,,,,,,,,,,,,,,,,,,,,,,,,,,,,,,,,,,,,,,,,,,
,,,,,,,,,,,,,,,,,,,,,,,,,,,,,,,,,,,,,,,,,,,
,,,,,,,,,,,,,,,,,,,,,,,,,,,,,,,,,,,,,,,,,,,
,,,,,,,,,,,,,,,,,,,,,,,,,,,,,,,,,,,,,,,,,,,
,,,,,,,,,,,,,,,,,,,,,,,,,,,,,,,,,,,,,,,,,,,
,,,,,,,,,,,,,,,,,,,,,,,,,,,,,,,,,,,,,,,,,,,
,,,,,,,,,,,,,,,,,,,,,,,,,,,,,,,,,,,,,,,,,,,
,,,,,,,,,,,,,,,,,,,,,,,,,,,,,,,,,,,,,,,,,,,
,,,,,,,,,,,,,,,,,,,,,,,,,,,,,,,,,,,,,,,,,,,
,,,,,,,,,,,,,,,,,,,,,,,,,,,,,,,,,,,,,,,,,,,
,,,,,,,,,,,,,,,,,,,,,,,,,,,,,,,,,,,,,,,,,,,
,,,,,,,,,,,,,,,,,,,,,,,,,,,,,,,,,,,,,,,,,,,
,,,,,,,,,,,,,,,,,,,,,,,,,,,,,,,,,,,,,,,,,,,
,,,,,,,,,,,,,,,,,,,,,,,,,,,,,,,,,,,,,,,,,,,
,,,,,,,,,,,,,,,,,,,,,,,,,,,,,,,,,,,,,,,,,,,
,,,,,,,,,,,,,,,,,,,,,,,,,,,,,,,,,,,,,,,,,,,
,,,,,,,,,,,,,,,,,,,,,,,,,,,,,,,,,,,,,,,,,,,
,,,,,,,,,,,,,,,,,,,,,,,,,,,,,,,,,,,,,,,,,,,
,,,,,,,,,,,,,,,,,,,,,,,,,,,,,,,,,,,,,,,,,,,
,,,,,,,,,,,,,,,,,,,,,,,,,,,,,,,,,,,,,,,,,,,
,,,,,,,,,,,,,,,,,,,,,,,,,,,,,,,,,,,,,,,,,,,
,,,,,,,,,,,,,,,,,,,,,,,,,,,,,,,,,,,,,,,,,,,
,,,,,,,,,,,,,,,,,,,,,,,,,,,,,,,,,,,,,,,,,,,
,,,,,,,,,,,,,,,,,,,,,,,,,,,,,,,,,,,,,,,,,,,
,,,,,,,,,,,,,,,,,,,,,,,,,,,,,,,,,,,,,,,,,,,
,,,,,,,,,,,,,,,,,,,,,,,,,,,,,,,,,,,,,,,,,,,
,,,,,,,,,,,,,,,,,,,,,,,,,,,,,,,,,,,,,,,,,,,
,,,,,,,,,,,,,,,,,,,,,,,,,,,,,,,,,,,,,,,,,,,
,,,,,,,,,,,,,,,,,,,,,,,,,,,,,,,,,,,,,,,,,,,
,,,,,,,,,,,,,,,,,,,,,,,,,,,,,,,,,,,,,,,,,,,
,,,,,,,,,,,,,,,,,,,,,,,,,,,,,,,,,,,,,,,,,,,
,,,,,,,,,,,,,,,,,,,,,,,,,,,,,,,,,,,,,,,,,,,
,,,,,,,,,,,,,,,,,,,,,,,,,,,,,,,,,,,,,,,,,,,
,,,,,,,,,,,,,,,,,,,,,,,,,,,,,,,,,,,,,,,,,,,
,,,,,,,,,,,,,,,,,,,,,,,,,,,,,,,,,,,,,,,,,,,
,,,,,,,,,,,,,,,,,,,,,,,,,,,,,,,,,,,,,,,,,,,
,,,,,,,,,,,,,,,,,,,,,,,,,,,,,,,,,,,,,,,,,,,
,,,,,,,,,,,,,,,,,,,,,,,,,,,,,,,,,,,,,,,,,,,
,,,,,,,,,,,,,,,,,,,,,,,,,,,,,,,,,,,,,,,,,,,
,,,,,,,,,,,,,,,,,,,,,,,,,,,,,,,,,,,,,,,,,,,
,,,,,,,,,,,,,,,,,,,,,,,,,,,,,,,,,,,,,,,,,,,
,,,,,,,,,,,,,,,,,,,,,,,,,,,,,,,,,,,,,,,,,,,
,,,,,,,,,,,,,,,,,,,,,,,,,,,,,,,,,,,,,,,,,,,
,,,,,,,,,,,,,,,,,,,,,,,,,,,,,,,,,,,,,,,,,,,
,,,,,,,,,,,,,,,,,,,,,,,,,,,,,,,,,,,,,,,,,,,
,,,,,,,,,,,,,,,,,,,,,,,,,,,,,,,,,,,,,,,,,,,
,,,,,,,,,,,,,,,,,,,,,,,,,,,,,,,,,,,,,,,,,,,
,,,,,,,,,,,,,,,,,,,,,,,,,,,,,,,,,,,,,,,,,,,
,,,,,,,,,,,,,,,,,,,,,,,,,,,,,,,,,,,,,,,,,,,
,,,,,,,,,,,,,,,,,,,,,,,,,,,,,,,,,,,,,,,,,,,
,,,,,,,,,,,,,,,,,,,,,,,,,,,,,,,,,,,,,,,,,,,
,,,,,,,,,,,,,,,,,,,,,,,,,,,,,,,,,,,,,,,,,,,
,,,,,,,,,,,,,,,,,,,,,,,,,,,,,,,,,,,,,,,,,,,
,,,,,,,,,,,,,,,,,,,,,,,,,,,,,,,,,,,,,,,,,,,
,,,,,,,,,,,,,,,,,,,,,,,,,,,,,,,,,,,,,,,,,,,
,,,,,,,,,,,,,,,,,,,,,,,,,,,,,,,,,,,,,,,,,,,
,,,,,,,,,,,,,,,,,,,,,,,,,,,,,,,,,,,,,,,,,,,
,,,,,,,,,,,,,,,,,,,,,,,,,,,,,,,,,,,,,,,,,,,
,,,,,,,,,,,,,,,,,,,,,,,,,,,,,,,,,,,,,,,,,,,
,,,,,,,,,,,,,,,,,,,,,,,,,,,,,,,,,,,,,,,,,,,
,,,,,,,,,,,,,,,,,,,,,,,,,,,,,,,,,,,,,,,,,,,
,,,,,,,,,,,,,,,,,,,,,,,,,,,,,,,,,,,,,,,,,,,
,,,,,,,,,,,,,,,,,,,,,,,,,,,,,,,,,,,,,,,,,,,
,,,,,,,,,,,,,,,,,,,,,,,,,,,,,,,,,,,,,,,,,,,
,,,,,,,,,,,,,,,,,,,,,,,,,,,,,,,,,,,,,,,,,,,
,,,,,,,,,,,,,,,,,,,,,,,,,,,,,,,,,,,,,,,,,,,
,,,,,,,,,,,,,,,,,,,,,,,,,,,,,,,,,,,,,,,,,,,
,,,,,,,,,,,,,,,,,,,,,,,,,,,,,,,,,,,,,,,,,,,
,,,,,,,,,,,,,,,,,,,,,,,,,,,,,,,,,,,,,,,,,,,
,,,,,,,,,,,,,,,,,,,,,,,,,,,,,,,,,,,,,,,,,,,
,,,,,,,,,,,,,,,,,,,,,,,,,,,,,,,,,,,,,,,,,,,
,,,,,,,,,,,,,,,,,,,,,,,,,,,,,,,,,,,,,,,,,,,
,,,,,,,,,,,,,,,,,,,,,,,,,,,,,,,,,,,,,,,,,,,
,,,,,,,,,,,,,,,,,,,,,,,,,,,,,,,,,,,,,,,,,,,
,,,,,,,,,,,,,,,,,,,,,,,,,,,,,,,,,,,,,,,,,,,
,,,,,,,,,,,,,,,,,,,,,,,,,,,,,,,,,,,,,,,,,,,
,,,,,,,,,,,,,,,,,,,,,,,,,,,,,,,,,,,,,,,,,,,
,,,,,,,,,,,,,,,,,,,,,,,,,,,,,,,,,,,,,,,,,,,
,,,,,,,,,,,,,,,,,,,,,,,,,,,,,,,,,,,,,,,,,,,
,,,,,,,,,,,,,,,,,,,,,,,,,,,,,,,,,,,,,,,,,,,
,,,,,,,,,,,,,,,,,,,,,,,,,,,,,,,,,,,,,,,,,,,
,,,,,,,,,,,,,,,,,,,,,,,,,,,,,,,,,,,,,,,,,,,
,,,,,,,,,,,,,,,,,,,,,,,,,,,,,,,,,,,,,,,,,,,
,,,,,,,,,,,,,,,,,,,,,,,,,,,,,,,,,,,,,,,,,,,
,,,,,,,,,,,,,,,,,,,,,,,,,,,,,,,,,,,,,,,,,,,
,,,,,,,,,,,,,,,,,,,,,,,,,,,,,,,,,,,,,,,,,,,
,,,,,,,,,,,,,,,,,,,,,,,,,,,,,,,,,,,,,,,,,,,
,,,,,,,,,,,,,,,,,,,,,,,,,,,,,,,,,,,,,,,,,,,
,,,,,,,,,,,,,,,,,,,,,,,,,,,,,,,,,,,,,,,,,,,
,,,,,,,,,,,,,,,,,,,,,,,,,,,,,,,,,,,,,,,,,,,
,,,,,,,,,,,,,,,,,,,,,,,,,,,,,,,,,,,,,,,,,,,
,,,,,,,,,,,,,,,,,,,,,,,,,,,,,,,,,,,,,,,,,,,
,,,,,,,,,,,,,,,,,,,,,,,,,,,,,,,,,,,,,,,,,,,
,,,,,,,,,,,,,,,,,,,,,,,,,,,,,,,,,,,,,,,,,,,
,,,,,,,,,,,,,,,,,,,,,,,,,,,,,,,,,,,,,,,,,,,
,,,,,,,,,,,,,,,,,,,,,,,,,,,,,,,,,,,,,,,,,,,
,,,,,,,,,,,,,,,,,,,,,,,,,,,,,,,,,,,,,,,,,,,
,,,,,,,,,,,,,,,,,,,,,,,,,,,,,,,,,,,,,,,,,,,
,,,,,,,,,,,,,,,,,,,,,,,,,,,,,,,,,,,,,,,,,,,
,,,,,,,,,,,,,,,,,,,,,,,,,,,,,,,,,,,,,,,,,,,
,,,,,,,,,,,,,,,,,,,,,,,,,,,,,,,,,,,,,,,,,,,
,,,,,,,,,,,,,,,,,,,,,,,,,,,,,,,,,,,,,,,,,,,
,,,,,,,,,,,,,,,,,,,,,,,,,,,,,,,,,,,,,,,,,,,
,,,,,,,,,,,,,,,,,,,,,,,,,,,,,,,,,,,,,,,,,,,
,,,,,,,,,,,,,,,,,,,,,,,,,,,,,,,,,,,,,,,,,,,
,,,,,,,,,,,,,,,,,,,,,,,,,,,,,,,,,,,,,,,,,,,
,,,,,,,,,,,,,,,,,,,,,,,,,,,,,,,,,,,,,,,,,,,
,,,,,,,,,,,,,,,,,,,,,,,,,,,,,,,,,,,,,,,,,,,
,,,,,,,,,,,,,,,,,,,,,,,,,,,,,,,,,,,,,,,,,,,
,,,,,,,,,,,,,,,,,,,,,,,,,,,,,,,,,,,,,,,,,,,
,,,,,,,,,,,,,,,,,,,,,,,,,,,,,,,,,,,,,,,,,,,
,,,,,,,,,,,,,,,,,,,,,,,,,,,,,,,,,,,,,,,,,,,
,,,,,,,,,,,,,,,,,,,,,,,,,,,,,,,,,,,,,,,,,,,
,,,,,,,,,,,,,,,,,,,,,,,,,,,,,,,,,,,,,,,,,,,
,,,,,,,,,,,,,,,,,,,,,,,,,,,,,,,,,,,,,,,,,,,
,,,,,,,,,,,,,,,,,,,,,,,,,,,,,,,,,,,,,,,,,,,
,,,,,,,,,,,,,,,,,,,,,,,,,,,,,,,,,,,,,,,,,,,
,,,,,,,,,,,,,,,,,,,,,,,,,,,,,,,,,,,,,,,,,,,
,,,,,,,,,,,,,,,,,,,,,,,,,,,,,,,,,,,,,,,,,,,
,,,,,,,,,,,,,,,,,,,,,,,,,,,,,,,,,,,,,,,,,,,
,,,,,,,,,,,,,,,,,,,,,,,,,,,,,,,,,,,,,,,,,,,
,,,,,,,,,,,,,,,,,,,,,,,,,,,,,,,,,,,,,,,,,,,
,,,,,,,,,,,,,,,,,,,,,,,,,,,,,,,,,,,,,,,,,,,
,,,,,,,,,,,,,,,,,,,,,,,,,,,,,,,,,,,,,,,,,,,
,,,,,,,,,,,,,,,,,,,,,,,,,,,,,,,,,,,,,,,,,,,
,,,,,,,,,,,,,,,,,,,,,,,,,,,,,,,,,,,,,,,,,,,
,,,,,,,,,,,,,,,,,,,,,,,,,,,,,,,,,,,,,,,,,,,
,,,,,,,,,,,,,,,,,,,,,,,,,,,,,,,,,,,,,,,,,,,
,,,,,,,,,,,,,,,,,,,,,,,,,,,,,,,,,,,,,,,,,,,
,,,,,,,,,,,,,,,,,,,,,,,,,,,,,,,,,,,,,,,,,,,
,,,,,,,,,,,,,,,,,,,,,,,,,,,,,,,,,,,,,,,,,,,
,,,,,,,,,,,,,,,,,,,,,,,,,,,,,,,,,,,,,,,,,,,
,,,,,,,,,,,,,,,,,,,,,,,,,,,,,,,,,,,,,,,,,,,
,,,,,,,,,,,,,,,,,,,,,,,,,,,,,,,,,,,,,,,,,,,
,,,,,,,,,,,,,,,,,,,,,,,,,,,,,,,,,,,,,,,,,,,
,,,,,,,,,,,,,,,,,,,,,,,,,,,,,,,,,,,,,,,,,,,
,,,,,,,,,,,,,,,,,,,,,,,,,,,,,,,,,,,,,,,,,,,
,,,,,,,,,,,,,,,,,,,,,,,,,,,,,,,,,,,,,,,,,,,
,,,,,,,,,,,,,,,,,,,,,,,,,,,,,,,,,,,,,,,,,,,
,,,,,,,,,,,,,,,,,,,,,,,,,,,,,,,,,,,,,,,,,,,
,,,,,,,,,,,,,,,,,,,,,,,,,,,,,,,,,,,,,,,,,,,
,,,,,,,,,,,,,,,,,,,,,,,,,,,,,,,,,,,,,,,,,,,
,,,,,,,,,,,,,,,,,,,,,,,,,,,,,,,,,,,,,,,,,,,
,,,,,,,,,,,,,,,,,,,,,,,,,,,,,,,,,,,,,,,,,,,
,,,,,,,,,,,,,,,,,,,,,,,,,,,,,,,,,,,,,,,,,,,
,,,,,,,,,,,,,,,,,,,,,,,,,,,,,,,,,,,,,,,,,,,
,,,,,,,,,,,,,,,,,,,,,,,,,,,,,,,,,,,,,,,,,,,
,,,,,,,,,,,,,,,,,,,,,,,,,,,,,,,,,,,,,,,,,,,
,,,,,,,,,,,,,,,,,,,,,,,,,,,,,,,,,,,,,,,,,,,
,,,,,,,,,,,,,,,,,,,,,,,,,,,,,,,,,,,,,,,,,,,
,,,,,,,,,,,,,,,,,,,,,,,,,,,,,,,,,,,,,,,,,,,
,,,,,,,,,,,,,,,,,,,,,,,,,,,,,,,,,,,,,,,,,,,
,,,,,,,,,,,,,,,,,,,,,,,,,,,,,,,,,,,,,,,,,,,
,,,,,,,,,,,,,,,,,,,,,,,,,,,,,,,,,,,,,,,,,,,
,,,,,,,,,,,,,,,,,,,,,,,,,,,,,,,,,,,,,,,,,,,
,,,,,,,,,,,,,,,,,,,,,,,,,,,,,,,,,,,,,,,,,,,
,,,,,,,,,,,,,,,,,,,,,,,,,,,,,,,,,,,,,,,,,,,
,,,,,,,,,,,,,,,,,,,,,,,,,,,,,,,,,,,,,,,,,,,
,,,,,,,,,,,,,,,,,,,,,,,,,,,,,,,,,,,,,,,,,,,
,,,,,,,,,,,,,,,,,,,,,,,,,,,,,,,,,,,,,,,,,,,
,,,,,,,,,,,,,,,,,,,,,,,,,,,,,,,,,,,,,,,,,,,
,,,,,,,,,,,,,,,,,,,,,,,,,,,,,,,,,,,,,,,,,,,
,,,,,,,,,,,,,,,,,,,,,,,,,,,,,,,,,,,,,,,,,,,
,,,,,,,,,,,,,,,,,,,,,,,,,,,,,,,,,,,,,,,,,,,
,,,,,,,,,,,,,,,,,,,,,,,,,,,,,,,,,,,,,,,,,,,
,,,,,,,,,,,,,,,,,,,,,,,,,,,,,,,,,,,,,,,,,,,
,,,,,,,,,,,,,,,,,,,,,,,,,,,,,,,,,,,,,,,,,,,
,,,,,,,,,,,,,,,,,,,,,,,,,,,,,,,,,,,,,,,,,,,
,,,,,,,,,,,,,,,,,,,,,,,,,,,,,,,,,,,,,,,,,,,
,,,,,,,,,,,,,,,,,,,,,,,,,,,,,,,,,,,,,,,,,,,
,,,,,,,,,,,,,,,,,,,,,,,,,,,,,,,,,,,,,,,,,,,
,,,,,,,,,,,,,,,,,,,,,,,,,,,,,,,,,,,,,,,,,,,
,,,,,,,,,,,,,,,,,,,,,,,,,,,,,,,,,,,,,,,,,,,
,,,,,,,,,,,,,,,,,,,,,,,,,,,,,,,,,,,,,,,,,,,
,,,,,,,,,,,,,,,,,,,,,,,,,,,,,,,,,,,,,,,,,,,
,,,,,,,,,,,,,,,,,,,,,,,,,,,,,,,,,,,,,,,,,,,
,,,,,,,,,,,,,,,,,,,,,,,,,,,,,,,,,,,,,,,,,,,
,,,,,,,,,,,,,,,,,,,,,,,,,,,,,,,,,,,,,,,,,,,
,,,,,,,,,,,,,,,,,,,,,,,,,,,,,,,,,,,,,,,,,,,
,,,,,,,,,,,,,,,,,,,,,,,,,,,,,,,,,,,,,,,,,,,
,,,,,,,,,,,,,,,,,,,,,,,,,,,,,,,,,,,,,,,,,,,
,,,,,,,,,,,,,,,,,,,,,,,,,,,,,,,,,,,,,,,,,,,
,,,,,,,,,,,,,,,,,,,,,,,,,,,,,,,,,,,,,,,,,,,
,,,,,,,,,,,,,,,,,,,,,,,,,,,,,,,,,,,,,,,,,,,
,,,,,,,,,,,,,,,,,,,,,,,,,,,,,,,,,,,,,,,,,,,
,,,,,,,,,,,,,,,,,,,,,,,,,,,,,,,,,,,,,,,,,,,
,,,,,,,,,,,,,,,,,,,,,,,,,,,,,,,,,,,,,,,,,,,
,,,,,,,,,,,,,,,,,,,,,,,,,,,,,,,,,,,,,,,,,,,
,,,,,,,,,,,,,,,,,,,,,,,,,,,,,,,,,,,,,,,,,,,
,,,,,,,,,,,,,,,,,,,,,,,,,,,,,,,,,,,,,,,,,,,
,,,,,,,,,,,,,,,,,,,,,,,,,,,,,,,,,,,,,,,,,,,
,,,,,,,,,,,,,,,,,,,,,,,,,,,,,,,,,,,,,,,,,,,
,,,,,,,,,,,,,,,,,,,,,,,,,,,,,,,,,,,,,,,,,,,
,,,,,,,,,,,,,,,,,,,,,,,,,,,,,,,,,,,,,,,,,,,
,,,,,,,,,,,,,,,,,,,,,,,,,,,,,,,,,,,,,,,,,,,
,,,,,,,,,,,,,,,,,,,,,,,,,,,,,,,,,,,,,,,,,,,
,,,,,,,,,,,,,,,,,,,,,,,,,,,,,,,,,,,,,,,,,,,
,,,,,,,,,,,,,,,,,,,,,,,,,,,,,,,,,,,,,,,,,,,
,,,,,,,,,,,,,,,,,,,,,,,,,,,,,,,,,,,,,,,,,,,
,,,,,,,,,,,,,,,,,,,,,,,,,,,,,,,,,,,,,,,,,,,
,,,,,,,,,,,,,,,,,,,,,,,,,,,,,,,,,,,,,,,,,,,
,,,,,,,,,,,,,,,,,,,,,,,,,,,,,,,,,,,,,,,,,,,
,,,,,,,,,,,,,,,,,,,,,,,,,,,,,,,,,,,,,,,,,,,
,,,,,,,,,,,,,,,,,,,,,,,,,,,,,,,,,,,,,,,,,,,
,,,,,,,,,,,,,,,,,,,,,,,,,,,,,,,,,,,,,,,,,,,
,,,,,,,,,,,,,,,,,,,,,,,,,,,,,,,,,,,,,,,,,,,
,,,,,,,,,,,,,,,,,,,,,,,,,,,,,,,,,,,,,,,,,,,
,,,,,,,,,,,,,,,,,,,,,,,,,,,,,,,,,,,,,,,,,,,
,,,,,,,,,,,,,,,,,,,,,,,,,,,,,,,,,,,,,,,,,,,
,,,,,,,,,,,,,,,,,,,,,,,,,,,,,,,,,,,,,,,,,,,
,,,,,,,,,,,,,,,,,,,,,,,,,,,,,,,,,,,,,,,,,,,
,,,,,,,,,,,,,,,,,,,,,,,,,,,,,,,,,,,,,,,,,,,
,,,,,,,,,,,,,,,,,,,,,,,,,,,,,,,,,,,,,,,,,,,
,,,,,,,,,,,,,,,,,,,,,,,,,,,,,,,,,,,,,,,,,,,
,,,,,,,,,,,,,,,,,,,,,,,,,,,,,,,,,,,,,,,,,,,
,,,,,,,,,,,,,,,,,,,,,,,,,,,,,,,,,,,,,,,,,,,
,,,,,,,,,,,,,,,,,,,,,,,,,,,,,,,,,,,,,,,,,,,
,,,,,,,,,,,,,,,,,,,,,,,,,,,,,,,,,,,,,,,,,,,
,,,,,,,,,,,,,,,,,,,,,,,,,,,,,,,,,,,,,,,,,,,
,,,,,,,,,,,,,,,,,,,,,,,,,,,,,,,,,,,,,,,,,,,
,,,,,,,,,,,,,,,,,,,,,,,,,,,,,,,,,,,,,,,,,,,
,,,,,,,,,,,,,,,,,,,,,,,,,,,,,,,,,,,,,,,,,,,
,,,,,,,,,,,,,,,,,,,,,,,,,,,,,,,,,,,,,,,,,,,
,,,,,,,,,,,,,,,,,,,,,,,,,,,,,,,,,,,,,,,,,,,
,,,,,,,,,,,,,,,,,,,,,,,,,,,,,,,,,,,,,,,,,,,
,,,,,,,,,,,,,,,,,,,,,,,,,,,,,,,,,,,,,,,,,,,
,,,,,,,,,,,,,,,,,,,,,,,,,,,,,,,,,,,,,,,,,,,
,,,,,,,,,,,,,,,,,,,,,,,,,,,,,,,,,,,,,,,,,,,
,,,,,,,,,,,,,,,,,,,,,,,,,,,,,,,,,,,,,,,,,,,
,,,,,,,,,,,,,,,,,,,,,,,,,,,,,,,,,,,,,,,,,,,
,,,,,,,,,,,,,,,,,,,,,,,,,,,,,,,,,,,,,,,,,,,
,,,,,,,,,,,,,,,,,,,,,,,,,,,,,,,,,,,,,,,,,,,
,,,,,,,,,,,,,,,,,,,,,,,,,,,,,,,,,,,,,,,,,,,
,,,,,,,,,,,,,,,,,,,,,,,,,,,,,,,,,,,,,,,,,,,
,,,,,,,,,,,,,,,,,,,,,,,,,,,,,,,,,,,,,,,,,,,
,,,,,,,,,,,,,,,,,,,,,,,,,,,,,,,,,,,,,,,,,,,
,,,,,,,,,,,,,,,,,,,,,,,,,,,,,,,,,,,,,,,,,,,
,,,,,,,,,,,,,,,,,,,,,,,,,,,,,,,,,,,,,,,,,,,
,,,,,,,,,,,,,,,,,,,,,,,,,,,,,,,,,,,,,,,,,,,
,,,,,,,,,,,,,,,,,,,,,,,,,,,,,,,,,,,,,,,,,,,
,,,,,,,,,,,,,,,,,,,,,,,,,,,,,,,,,,,,,,,,,,,
,,,,,,,,,,,,,,,,,,,,,,,,,,,,,,,,,,,,,,,,,,,
,,,,,,,,,,,,,,,,,,,,,,,,,,,,,,,,,,,,,,,,,,,
,,,,,,,,,,,,,,,,,,,,,,,,,,,,,,,,,,,,,,,,,,,
,,,,,,,,,,,,,,,,,,,,,,,,,,,,,,,,,,,,,,,,,,,
,,,,,,,,,,,,,,,,,,,,,,,,,,,,,,,,,,,,,,,,,,,
,,,,,,,,,,,,,,,,,,,,,,,,,,,,,,,,,,,,,,,,,,,
,,,,,,,,,,,,,,,,,,,,,,,,,,,,,,,,,,,,,,,,,,,
,,,,,,,,,,,,,,,,,,,,,,,,,,,,,,,,,,,,,,,,,,,
,,,,,,,,,,,,,,,,,,,,,,,,,,,,,,,,,,,,,,,,,,,
,,,,,,,,,,,,,,,,,,,,,,,,,,,,,,,,,,,,,,,,,,,
,,,,,,,,,,,,,,,,,,,,,,,,,,,,,,,,,,,,,,,,,,,
,,,,,,,,,,,,,,,,,,,,,,,,,,,,,,,,,,,,,,,,,,,
,,,,,,,,,,,,,,,,,,,,,,,,,,,,,,,,,,,,,,,,,,,
,,,,,,,,,,,,,,,,,,,,,,,,,,,,,,,,,,,,,,,,,,,
,,,,,,,,,,,,,,,,,,,,,,,,,,,,,,,,,,,,,,,,,,,
,,,,,,,,,,,,,,,,,,,,,,,,,,,,,,,,,,,,,,,,,,,
,,,,,,,,,,,,,,,,,,,,,,,,,,,,,,,,,,,,,,,,,,,
,,,,,,,,,,,,,,,,,,,,,,,,,,,,,,,,,,,,,,,,,,,
,,,,,,,,,,,,,,,,,,,,,,,,,,,,,,,,,,,,,,,,,,,
,,,,,,,,,,,,,,,,,,,,,,,,,,,,,,,,,,,,,,,,,,,
,,,,,,,,,,,,,,,,,,,,,,,,,,,,,,,,,,,,,,,,,,,
,,,,,,,,,,,,,,,,,,,,,,,,,,,,,,,,,,,,,,,,,,,
,,,,,,,,,,,,,,,,,,,,,,,,,,,,,,,,,,,,,,,,,,,
,,,,,,,,,,,,,,,,,,,,,,,,,,,,,,,,,,,,,,,,,,,
,,,,,,,,,,,,,,,,,,,,,,,,,,,,,,,,,,,,,,,,,,,
,,,,,,,,,,,,,,,,,,,,,,,,,,,,,,,,,,,,,,,,,,,
,,,,,,,,,,,,,,,,,,,,,,,,,,,,,,,,,,,,,,,,,,,
,,,,,,,,,,,,,,,,,,,,,,,,,,,,,,,,,,,,,,,,,,,
,,,,,,,,,,,,,,,,,,,,,,,,,,,,,,,,,,,,,,,,,,,
,,,,,,,,,,,,,,,,,,,,,,,,,,,,,,,,,,,,,,,,,,,
,,,,,,,,,,,,,,,,,,,,,,,,,,,,,,,,,,,,,,,,,,,
,,,,,,,,,,,,,,,,,,,,,,,,,,,,,,,,,,,,,,,,,,,
,,,,,,,,,,,,,,,,,,,,,,,,,,,,,,,,,,,,,,,,,,,
,,,,,,,,,,,,,,,,,,,,,,,,,,,,,,,,,,,,,,,,,,,
,,,,,,,,,,,,,,,,,,,,,,,,,,,,,,,,,,,,,,,,,,,
,,,,,,,,,,,,,,,,,,,,,,,,,,,,,,,,,,,,,,,,,,,
,,,,,,,,,,,,,,,,,,,,,,,,,,,,,,,,,,,,,,,,,,,
,,,,,,,,,,,,,,,,,,,,,,,,,,,,,,,,,,,,,,,,,,,
,,,,,,,,,,,,,,,,,,,,,,,,,,,,,,,,,,,,,,,,,,,
,,,,,,,,,,,,,,,,,,,,,,,,,,,,,,,,,,,,,,,,,,,
,,,,,,,,,,,,,,,,,,,,,,,,,,,,,,,,,,,,,,,,,,,
,,,,,,,,,,,,,,,,,,,,,,,,,,,,,,,,,,,,,,,,,,,
,,,,,,,,,,,,,,,,,,,,,,,,,,,,,,,,,,,,,,,,,,,
,,,,,,,,,,,,,,,,,,,,,,,,,,,,,,,,,,,,,,,,,,,
,,,,,,,,,,,,,,,,,,,,,,,,,,,,,,,,,,,,,,,,,,,
,,,,,,,,,,,,,,,,,,,,,,,,,,,,,,,,,,,,,,,,,,,
,,,,,,,,,,,,,,,,,,,,,,,,,,,,,,,,,,,,,,,,,,,
,,,,,,,,,,,,,,,,,,,,,,,,,,,,,,,,,,,,,,,,,,,
,,,,,,,,,,,,,,,,,,,,,,,,,,,,,,,,,,,,,,,,,,,
,,,,,,,,,,,,,,,,,,,,,,,,,,,,,,,,,,,,,,,,,,,
,,,,,,,,,,,,,,,,,,,,,,,,,,,,,,,,,,,,,,,,,,,
,,,,,,,,,,,,,,,,,,,,,,,,,,,,,,,,,,,,,,,,,,,
,,,,,,,,,,,,,,,,,,,,,,,,,,,,,,,,,,,,,,,,,,,
,,,,,,,,,,,,,,,,,,,,,,,,,,,,,,,,,,,,,,,,,,,
,,,,,,,,,,,,,,,,,,,,,,,,,,,,,,,,,,,,,,,,,,,
,,,,,,,,,,,,,,,,,,,,,,,,,,,,,,,,,,,,,,,,,,,
,,,,,,,,,,,,,,,,,,,,,,,,,,,,,,,,,,,,,,,,,,,
,,,,,,,,,,,,,,,,,,,,,,,,,,,,,,,,,,,,,,,,,,,
,,,,,,,,,,,,,,,,,,,,,,,,,,,,,,,,,,,,,,,,,,,
,,,,,,,,,,,,,,,,,,,,,,,,,,,,,,,,,,,,,,,,,,,
,,,,,,,,,,,,,,,,,,,,,,,,,,,,,,,,,,,,,,,,,,,
,,,,,,,,,,,,,,,,,,,,,,,,,,,,,,,,,,,,,,,,,,,
,,,,,,,,,,,,,,,,,,,,,,,,,,,,,,,,,,,,,,,,,,,
,,,,,,,,,,,,,,,,,,,,,,,,,,,,,,,,,,,,,,,,,,,
,,,,,,,,,,,,,,,,,,,,,,,,,,,,,,,,,,,,,,,,,,,
,,,,,,,,,,,,,,,,,,,,,,,,,,,,,,,,,,,,,,,,,,,
,,,,,,,,,,,,,,,,,,,,,,,,,,,,,,,,,,,,,,,,,,,
,,,,,,,,,,,,,,,,,,,,,,,,,,,,,,,,,,,,,,,,,,,
,,,,,,,,,,,,,,,,,,,,,,,,,,,,,,,,,,,,,,,,,,,
,,,,,,,,,,,,,,,,,,,,,,,,,,,,,,,,,,,,,,,,,,,
,,,,,,,,,,,,,,,,,,,,,,,,,,,,,,,,,,,,,,,,,,,
,,,,,,,,,,,,,,,,,,,,,,,,,,,,,,,,,,,,,,,,,,,
,,,,,,,,,,,,,,,,,,,,,,,,,,,,,,,,,,,,,,,,,,,
,,,,,,,,,,,,,,,,,,,,,,,,,,,,,,,,,,,,,,,,,,,
,,,,,,,,,,,,,,,,,,,,,,,,,,,,,,,,,,,,,,,,,,,
,,,,,,,,,,,,,,,,,,,,,,,,,,,,,,,,,,,,,,,,,,,
,,,,,,,,,,,,,,,,,,,,,,,,,,,,,,,,,,,,,,,,,,,
,,,,,,,,,,,,,,,,,,,,,,,,,,,,,,,,,,,,,,,,,,,
,,,,,,,,,,,,,,,,,,,,,,,,,,,,,,,,,,,,,,,,,,,
,,,,,,,,,,,,,,,,,,,,,,,,,,,,,,,,,,,,,,,,,,,
,,,,,,,,,,,,,,,,,,,,,,,,,,,,,,,,,,,,,,,,,,,
,,,,,,,,,,,,,,,,,,,,,,,,,,,,,,,,,,,,,,,,,,,
,,,,,,,,,,,,,,,,,,,,,,,,,,,,,,,,,,,,,,,,,,,
,,,,,,,,,,,,,,,,,,,,,,,,,,,,,,,,,,,,,,,,,,,
,,,,,,,,,,,,,,,,,,,,,,,,,,,,,,,,,,,,,,,,,,,
,,,,,,,,,,,,,,,,,,,,,,,,,,,,,,,,,,,,,,,,,,,
,,,,,,,,,,,,,,,,,,,,,,,,,,,,,,,,,,,,,,,,,,,
,,,,,,,,,,,,,,,,,,,,,,,,,,,,,,,,,,,,,,,,,,,
,,,,,,,,,,,,,,,,,,,,,,,,,,,,,,,,,,,,,,,,,,,
,,,,,,,,,,,,,,,,,,,,,,,,,,,,,,,,,,,,,,,,,,,
,,,,,,,,,,,,,,,,,,,,,,,,,,,,,,,,,,,,,,,,,,,
,,,,,,,,,,,,,,,,,,,,,,,,,,,,,,,,,,,,,,,,,,,
,,,,,,,,,,,,,,,,,,,,,,,,,,,,,,,,,,,,,,,,,,,
,,,,,,,,,,,,,,,,,,,,,,,,,,,,,,,,,,,,,,,,,,,
,,,,,,,,,,,,,,,,,,,,,,,,,,,,,,,,,,,,,,,,,,,
,,,,,,,,,,,,,,,,,,,,,,,,,,,,,,,,,,,,,,,,,,,
,,,,,,,,,,,,,,,,,,,,,,,,,,,,,,,,,,,,,,,,,,,
,,,,,,,,,,,,,,,,,,,,,,,,,,,,,,,,,,,,,,,,,,,
,,,,,,,,,,,,,,,,,,,,,,,,,,,,,,,,,,,,,,,,,,,
,,,,,,,,,,,,,,,,,,,,,,,,,,,,,,,,,,,,,,,,,,,
,,,,,,,,,,,,,,,,,,,,,,,,,,,,,,,,,,,,,,,,,,,
,,,,,,,,,,,,,,,,,,,,,,,,,,,,,,,,,,,,,,,,,,,
,,,,,,,,,,,,,,,,,,,,,,,,,,,,,,,,,,,,,,,,,,,
,,,,,,,,,,,,,,,,,,,,,,,,,,,,,,,,,,,,,,,,,,,
,,,,,,,,,,,,,,,,,,,,,,,,,,,,,,,,,,,,,,,,,,,
,,,,,,,,,,,,,,,,,,,,,,,,,,,,,,,,,,,,,,,,,,,
,,,,,,,,,,,,,,,,,,,,,,,,,,,,,,,,,,,,,,,,,,,
,,,,,,,,,,,,,,,,,,,,,,,,,,,,,,,,,,,,,,,,,,,
,,,,,,,,,,,,,,,,,,,,,,,,,,,,,,,,,,,,,,,,,,,
,,,,,,,,,,,,,,,,,,,,,,,,,,,,,,,,,,,,,,,,,,,
,,,,,,,,,,,,,,,,,,,,,,,,,,,,,,,,,,,,,,,,,,,
,,,,,,,,,,,,,,,,,,,,,,,,,,,,,,,,,,,,,,,,,,,
,,,,,,,,,,,,,,,,,,,,,,,,,,,,,,,,,,,,,,,,,,,
,,,,,,,,,,,,,,,,,,,,,,,,,,,,,,,,,,,,,,,,,,,
,,,,,,,,,,,,,,,,,,,,,,,,,,,,,,,,,,,,,,,,,,,
,,,,,,,,,,,,,,,,,,,,,,,,,,,,,,,,,,,,,,,,,,,
,,,,,,,,,,,,,,,,,,,,,,,,,,,,,,,,,,,,,,,,,,,
,,,,,,,,,,,,,,,,,,,,,,,,,,,,,,,,,,,,,,,,,,,
,,,,,,,,,,,,,,,,,,,,,,,,,,,,,,,,,,,,,,,,,,,
,,,,,,,,,,,,,,,,,,,,,,,,,,,,,,,,,,,,,,,,,,,
,,,,,,,,,,,,,,,,,,,,,,,,,,,,,,,,,,,,,,,,,,,
,,,,,,,,,,,,,,,,,,,,,,,,,,,,,,,,,,,,,,,,,,,
,,,,,,,,,,,,,,,,,,,,,,,,,,,,,,,,,,,,,,,,,,,
,,,,,,,,,,,,,,,,,,,,,,,,,,,,,,,,,,,,,,,,,,,
,,,,,,,,,,,,,,,,,,,,,,,,,,,,,,,,,,,,,,,,,,,
,,,,,,,,,,,,,,,,,,,,,,,,,,,,,,,,,,,,,,,,,,,
,,,,,,,,,,,,,,,,,,,,,,,,,,,,,,,,,,,,,,,,,,,
,,,,,,,,,,,,,,,,,,,,,,,,,,,,,,,,,,,,,,,,,,,
,,,,,,,,,,,,,,,,,,,,,,,,,,,,,,,,,,,,,,,,,,,
,,,,,,,,,,,,,,,,,,,,,,,,,,,,,,,,,,,,,,,,,,,
,,,,,,,,,,,,,,,,,,,,,,,,,,,,,,,,,,,,,,,,,,,
,,,,,,,,,,,,,,,,,,,,,,,,,,,,,,,,,,,,,,,,,,,
,,,,,,,,,,,,,,,,,,,,,,,,,,,,,,,,,,,,,,,,,,,
,,,,,,,,,,,,,,,,,,,,,,,,,,,,,,,,,,,,,,,,,,,
,,,,,,,,,,,,,,,,,,,,,,,,,,,,,,,,,,,,,,,,,,,
,,,,,,,,,,,,,,,,,,,,,,,,,,,,,,,,,,,,,,,,,,,
,,,,,,,,,,,,,,,,,,,,,,,,,,,,,,,,,,,,,,,,,,,
,,,,,,,,,,,,,,,,,,,,,,,,,,,,,,,,,,,,,,,,,,,
,,,,,,,,,,,,,,,,,,,,,,,,,,,,,,,,,,,,,,,,,,,
,,,,,,,,,,,,,,,,,,,,,,,,,,,,,,,,,,,,,,,,,,,
,,,,,,,,,,,,,,,,,,,,,,,,,,,,,,,,,,,,,,,,,,,
,,,,,,,,,,,,,,,,,,,,,,,,,,,,,,,,,,,,,,,,,,,
,,,,,,,,,,,,,,,,,,,,,,,,,,,,,,,,,,,,,,,,,,,
,,,,,,,,,,,,,,,,,,,,,,,,,,,,,,,,,,,,,,,,,,,
,,,,,,,,,,,,,,,,,,,,,,,,,,,,,,,,,,,,,,,,,,,
,,,,,,,,,,,,,,,,,,,,,,,,,,,,,,,,,,,,,,,,,,,
,,,,,,,,,,,,,,,,,,,,,,,,,,,,,,,,,,,,,,,,,,,
,,,,,,,,,,,,,,,,,,,,,,,,,,,,,,,,,,,,,,,,,,,
,,,,,,,,,,,,,,,,,,,,,,,,,,,,,,,,,,,,,,,,,,,
,,,,,,,,,,,,,,,,,,,,,,,,,,,,,,,,,,,,,,,,,,,
,,,,,,,,,,,,,,,,,,,,,,,,,,,,,,,,,,,,,,,,,,,
,,,,,,,,,,,,,,,,,,,,,,,,,,,,,,,,,,,,,,,,,,,
,,,,,,,,,,,,,,,,,,,,,,,,,,,,,,,,,,,,,,,,,,,
,,,,,,,,,,,,,,,,,,,,,,,,,,,,,,,,,,,,,,,,,,,
,,,,,,,,,,,,,,,,,,,,,,,,,,,,,,,,,,,,,,,,,,,
,,,,,,,,,,,,,,,,,,,,,,,,,,,,,,,,,,,,,,,,,,,
,,,,,,,,,,,,,,,,,,,,,,,,,,,,,,,,,,,,,,,,,,,
,,,,,,,,,,,,,,,,,,,,,,,,,,,,,,,,,,,,,,,,,,,
,,,,,,,,,,,,,,,,,,,,,,,,,,,,,,,,,,,,,,,,,,,
,,,,,,,,,,,,,,,,,,,,,,,,,,,,,,,,,,,,,,,,,,,
,,,,,,,,,,,,,,,,,,,,,,,,,,,,,,,,,,,,,,,,,,,
,,,,,,,,,,,,,,,,,,,,,,,,,,,,,,,,,,,,,,,,,,,
,,,,,,,,,,,,,,,,,,,,,,,,,,,,,,,,,,,,,,,,,,,
,,,,,,,,,,,,,,,,,,,,,,,,,,,,,,,,,,,,,,,,,,,
,,,,,,,,,,,,,,,,,,,,,,,,,,,,,,,,,,,,,,,,,,,
,,,,,,,,,,,,,,,,,,,,,,,,,,,,,,,,,,,,,,,,,,,
,,,,,,,,,,,,,,,,,,,,,,,,,,,,,,,,,,,,,,,,,,,
,,,,,,,,,,,,,,,,,,,,,,,,,,,,,,,,,,,,,,,,,,,
,,,,,,,,,,,,,,,,,,,,,,,,,,,,,,,,,,,,,,,,,,,
,,,,,,,,,,,,,,,,,,,,,,,,,,,,,,,,,,,,,,,,,,,
,,,,,,,,,,,,,,,,,,,,,,,,,,,,,,,,,,,,,,,,,,,
,,,,,,,,,,,,,,,,,,,,,,,,,,,,,,,,,,,,,,,,,,,
,,,,,,,,,,,,,,,,,,,,,,,,,,,,,,,,,,,,,,,,,,,
,,,,,,,,,,,,,,,,,,,,,,,,,,,,,,,,,,,,,,,,,,,
,,,,,,,,,,,,,,,,,,,,,,,,,,,,,,,,,,,,,,,,,,,
,,,,,,,,,,,,,,,,,,,,,,,,,,,,,,,,,,,,,,,,,,,
,,,,,,,,,,,,,,,,,,,,,,,,,,,,,,,,,,,,,,,,,,,
,,,,,,,,,,,,,,,,,,,,,,,,,,,,,,,,,,,,,,,,,,,
,,,,,,,,,,,,,,,,,,,,,,,,,,,,,,,,,,,,,,,,,,,
,,,,,,,,,,,,,,,,,,,,,,,,,,,,,,,,,,,,,,,,,,,
,,,,,,,,,,,,,,,,,,,,,,,,,,,,,,,,,,,,,,,,,,,
,,,,,,,,,,,,,,,,,,,,,,,,,,,,,,,,,,,,,,,,,,,
,,,,,,,,,,,,,,,,,,,,,,,,,,,,,,,,,,,,,,,,,,,
,,,,,,,,,,,,,,,,,,,,,,,,,,,,,,,,,,,,,,,,,,,
,,,,,,,,,,,,,,,,,,,,,,,,,,,,,,,,,,,,,,,,,,,
,,,,,,,,,,,,,,,,,,,,,,,,,,,,,,,,,,,,,,,,,,,
,,,,,,,,,,,,,,,,,,,,,,,,,,,,,,,,,,,,,,,,,,,
,,,,,,,,,,,,,,,,,,,,,,,,,,,,,,,,,,,,,,,,,,,
,,,,,,,,,,,,,,,,,,,,,,,,,,,,,,,,,,,,,,,,,,,
,,,,,,,,,,,,,,,,,,,,,,,,,,,,,,,,,,,,,,,,,,,
,,,,,,,,,,,,,,,,,,,,,,,,,,,,,,,,,,,,,,,,,,,
,,,,,,,,,,,,,,,,,,,,,,,,,,,,,,,,,,,,,,,,,,,
,,,,,,,,,,,,,,,,,,,,,,,,,,,,,,,,,,,,,,,,,,,
,,,,,,,,,,,,,,,,,,,,,,,,,,,,,,,,,,,,,,,,,,,
,,,,,,,,,,,,,,,,,,,,,,,,,,,,,,,,,,,,,,,,,,,
,,,,,,,,,,,,,,,,,,,,,,,,,,,,,,,,,,,,,,,,,,,
,,,,,,,,,,,,,,,,,,,,,,,,,,,,,,,,,,,,,,,,,,,
,,,,,,,,,,,,,,,,,,,,,,,,,,,,,,,,,,,,,,,,,,,
,,,,,,,,,,,,,,,,,,,,,,,,,,,,,,,,,,,,,,,,,,,
,,,,,,,,,,,,,,,,,,,,,,,,,,,,,,,,,,,,,,,,,,,
,,,,,,,,,,,,,,,,,,,,,,,,,,,,,,,,,,,,,,,,,,,
,,,,,,,,,,,,,,,,,,,,,,,,,,,,,,,,,,,,,,,,,,,
,,,,,,,,,,,,,,,,,,,,,,,,,,,,,,,,,,,,,,,,,,,
,,,,,,,,,,,,,,,,,,,,,,,,,,,,,,,,,,,,,,,,,,,
,,,,,,,,,,,,,,,,,,,,,,,,,,,,,,,,,,,,,,,,,,,
,,,,,,,,,,,,,,,,,,,,,,,,,,,,,,,,,,,,,,,,,,,
,,,,,,,,,,,,,,,,,,,,,,,,,,,,,,,,,,,,,,,,,,,
,,,,,,,,,,,,,,,,,,,,,,,,,,,,,,,,,,,,,,,,,,,
,,,,,,,,,,,,,,,,,,,,,,,,,,,,,,,,,,,,,,,,,,,
,,,,,,,,,,,,,,,,,,,,,,,,,,,,,,,,,,,,,,,,,,,
,,,,,,,,,,,,,,,,,,,,,,,,,,,,,,,,,,,,,,,,,,,
,,,,,,,,,,,,,,,,,,,,,,,,,,,,,,,,,,,,,,,,,,,
,,,,,,,,,,,,,,,,,,,,,,,,,,,,,,,,,,,,,,,,,,,
,,,,,,,,,,,,,,,,,,,,,,,,,,,,,,,,,,,,,,,,,,,
,,,,,,,,,,,,,,,,,,,,,,,,,,,,,,,,,,,,,,,,,,,
,,,,,,,,,,,,,,,,,,,,,,,,,,,,,,,,,,,,,,,,,,,
,,,,,,,,,,,,,,,,,,,,,,,,,,,,,,,,,,,,,,,,,,,
,,,,,,,,,,,,,,,,,,,,,,,,,,,,,,,,,,,,,,,,,,,
,,,,,,,,,,,,,,,,,,,,,,,,,,,,,,,,,,,,,,,,,,,
,,,,,,,,,,,,,,,,,,,,,,,,,,,,,,,,,,,,,,,,,,,
,,,,,,,,,,,,,,,,,,,,,,,,,,,,,,,,,,,,,,,,,,,
,,,,,,,,,,,,,,,,,,,,,,,,,,,,,,,,,,,,,,,,,,,
,,,,,,,,,,,,,,,,,,,,,,,,,,,,,,,,,,,,,,,,,,,
,,,,,,,,,,,,,,,,,,,,,,,,,,,,,,,,,,,,,,,,,,,
,,,,,,,,,,,,,,,,,,,,,,,,,,,,,,,,,,,,,,,,,,,
,,,,,,,,,,,,,,,,,,,,,,,,,,,,,,,,,,,,,,,,,,,
,,,,,,,,,,,,,,,,,,,,,,,,,,,,,,,,,,,,,,,,,,,
,,,,,,,,,,,,,,,,,,,,,,,,,,,,,,,,,,,,,,,,,,,
,,,,,,,,,,,,,,,,,,,,,,,,,,,,,,,,,,,,,,,,,,,
,,,,,,,,,,,,,,,,,,,,,,,,,,,,,,,,,,,,,,,,,,,
,,,,,,,,,,,,,,,,,,,,,,,,,,,,,,,,,,,,,,,,,,,
,,,,,,,,,,,,,,,,,,,,,,,,,,,,,,,,,,,,,,,,,,,
,,,,,,,,,,,,,,,,,,,,,,,,,,,,,,,,,,,,,,,,,,,
,,,,,,,,,,,,,,,,,,,,,,,,,,,,,,,,,,,,,,,,,,,
,,,,,,,,,,,,,,,,,,,,,,,,,,,,,,,,,,,,,,,,,,,
,,,,,,,,,,,,,,,,,,,,,,,,,,,,,,,,,,,,,,,,,,,
,,,,,,,,,,,,,,,,,,,,,,,,,,,,,,,,,,,,,,,,,,,
,,,,,,,,,,,,,,,,,,,,,,,,,,,,,,,,,,,,,,,,,,,
,,,,,,,,,,,,,,,,,,,,,,,,,,,,,,,,,,,,,,,,,,,
,,,,,,,,,,,,,,,,,,,,,,,,,,,,,,,,,,,,,,,,,,,
,,,,,,,,,,,,,,,,,,,,,,,,,,,,,,,,,,,,,,,,,,,
,,,,,,,,,,,,,,,,,,,,,,,,,,,,,,,,,,,,,,,,,,,
,,,,,,,,,,,,,,,,,,,,,,,,,,,,,,,,,,,,,,,,,,,
,,,,,,,,,,,,,,,,,,,,,,,,,,,,,,,,,,,,,,,,,,,
,,,,,,,,,,,,,,,,,,,,,,,,,,,,,,,,,,,,,,,,,,,
,,,,,,,,,,,,,,,,,,,,,,,,,,,,,,,,,,,,,,,,,,,
,,,,,,,,,,,,,,,,,,,,,,,,,,,,,,,,,,,,,,,,,,,
,,,,,,,,,,,,,,,,,,,,,,,,,,,,,,,,,,,,,,,,,,,
,,,,,,,,,,,,,,,,,,,,,,,,,,,,,,,,,,,,,,,,,,,
,,,,,,,,,,,,,,,,,,,,,,,,,,,,,,,,,,,,,,,,,,,
,,,,,,,,,,,,,,,,,,,,,,,,,,,,,,,,,,,,,,,,,,,
,,,,,,,,,,,,,,,,,,,,,,,,,,,,,,,,,,,,,,,,,,,
,,,,,,,,,,,,,,,,,,,,,,,,,,,,,,,,,,,,,,,,,,,
,,,,,,,,,,,,,,,,,,,,,,,,,,,,,,,,,,,,,,,,,,,
,,,,,,,,,,,,,,,,,,,,,,,,,,,,,,,,,,,,,,,,,,,
,,,,,,,,,,,,,,,,,,,,,,,,,,,,,,,,,,,,,,,,,,,
,,,,,,,,,,,,,,,,,,,,,,,,,,,,,,,,,,,,,,,,,,,
,,,,,,,,,,,,,,,,,,,,,,,,,,,,,,,,,,,,,,,,,,,
,,,,,,,,,,,,,,,,,,,,,,,,,,,,,,,,,,,,,,,,,,,
,,,,,,,,,,,,,,,,,,,,,,,,,,,,,,,,,,,,,,,,,,,
,,,,,,,,,,,,,,,,,,,,,,,,,,,,,,,,,,,,,,,,,,,
,,,,,,,,,,,,,,,,,,,,,,,,,,,,,,,,,,,,,,,,,,,
,,,,,,,,,,,,,,,,,,,,,,,,,,,,,,,,,,,,,,,,,,,
,,,,,,,,,,,,,,,,,,,,,,,,,,,,,,,,,,,,,,,,,,,
,,,,,,,,,,,,,,,,,,,,,,,,,,,,,,,,,,,,,,,,,,,
,,,,,,,,,,,,,,,,,,,,,,,,,,,,,,,,,,,,,,,,,,,
,,,,,,,,,,,,,,,,,,,,,,,,,,,,,,,,,,,,,,,,,,,
,,,,,,,,,,,,,,,,,,,,,,,,,,,,,,,,,,,,,,,,,,,
,,,,,,,,,,,,,,,,,,,,,,,,,,,,,,,,,,,,,,,,,,,
,,,,,,,,,,,,,,,,,,,,,,,,,,,,,,,,,,,,,,,,,,,
,,,,,,,,,,,,,,,,,,,,,,,,,,,,,,,,,,,,,,,,,,,
,,,,,,,,,,,,,,,,,,,,,,,,,,,,,,,,,,,,,,,,,,,
,,,,,,,,,,,,,,,,,,,,,,,,,,,,,,,,,,,,,,,,,,,
,,,,,,,,,,,,,,,,,,,,,,,,,,,,,,,,,,,,,,,,,,,
,,,,,,,,,,,,,,,,,,,,,,,,,,,,,,,,,,,,,,,,,,,
,,,,,,,,,,,,,,,,,,,,,,,,,,,,,,,,,,,,,,,,,,,
,,,,,,,,,,,,,,,,,,,,,,,,,,,,,,,,,,,,,,,,,,,
,,,,,,,,,,,,,,,,,,,,,,,,,,,,,,,,,,,,,,,,,,,
,,,,,,,,,,,,,,,,,,,,,,,,,,,,,,,,,,,,,,,,,,,
,,,,,,,,,,,,,,,,,,,,,,,,,,,,,,,,,,,,,,,,,,,
,,,,,,,,,,,,,,,,,,,,,,,,,,,,,,,,,,,,,,,,,,,
,,,,,,,,,,,,,,,,,,,,,,,,,,,,,,,,,,,,,,,,,,,
,,,,,,,,,,,,,,,,,,,,,,,,,,,,,,,,,,,,,,,,,,,
,,,,,,,,,,,,,,,,,,,,,,,,,,,,,,,,,,,,,,,,,,,
,,,,,,,,,,,,,,,,,,,,,,,,,,,,,,,,,,,,,,,,,,,
,,,,,,,,,,,,,,,,,,,,,,,,,,,,,,,,,,,,,,,,,,,
,,,,,,,,,,,,,,,,,,,,,,,,,,,,,,,,,,,,,,,,,,,
,,,,,,,,,,,,,,,,,,,,,,,,,,,,,,,,,,,,,,,,,,,
,,,,,,,,,,,,,,,,,,,,,,,,,,,,,,,,,,,,,,,,,,,
,,,,,,,,,,,,,,,,,,,,,,,,,,,,,,,,,,,,,,,,,,,
,,,,,,,,,,,,,,,,,,,,,,,,,,,,,,,,,,,,,,,,,,,
,,,,,,,,,,,,,,,,,,,,,,,,,,,,,,,,,,,,,,,,,,,
,,,,,,,,,,,,,,,,,,,,,,,,,,,,,,,,,,,,,,,,,,,
,,,,,,,,,,,,,,,,,,,,,,,,,,,,,,,,,,,,,,,,,,,
,,,,,,,,,,,,,,,,,,,,,,,,,,,,,,,,,,,,,,,,,,,
,,,,,,,,,,,,,,,,,,,,,,,,,,,,,,,,,,,,,,,,,,,
,,,,,,,,,,,,,,,,,,,,,,,,,,,,,,,,,,,,,,,,,,,
,,,,,,,,,,,,,,,,,,,,,,,,,,,,,,,,,,,,,,,,,,,
,,,,,,,,,,,,,,,,,,,,,,,,,,,,,,,,,,,,,,,,,,,
,,,,,,,,,,,,,,,,,,,,,,,,,,,,,,,,,,,,,,,,,,,
,,,,,,,,,,,,,,,,,,,,,,,,,,,,,,,,,,,,,,,,,,,
,,,,,,,,,,,,,,,,,,,,,,,,,,,,,,,,,,,,,,,,,,,
,,,,,,,,,,,,,,,,,,,,,,,,,,,,,,,,,,,,,,,,,,,
,,,,,,,,,,,,,,,,,,,,,,,,,,,,,,,,,,,,,,,,,,,
,,,,,,,,,,,,,,,,,,,,,,,,,,,,,,,,,,,,,,,,,,,
,,,,,,,,,,,,,,,,,,,,,,,,,,,,,,,,,,,,,,,,,,,
,,,,,,,,,,,,,,,,,,,,,,,,,,,,,,,,,,,,,,,,,,,
,,,,,,,,,,,,,,,,,,,,,,,,,,,,,,,,,,,,,,,,,,,
,,,,,,,,,,,,,,,,,,,,,,,,,,,,,,,,,,,,,,,,,,,
,,,,,,,,,,,,,,,,,,,,,,,,,,,,,,,,,,,,,,,,,,,
,,,,,,,,,,,,,,,,,,,,,,,,,,,,,,,,,,,,,,,,,,,
,,,,,,,,,,,,,,,,,,,,,,,,,,,,,,,,,,,,,,,,,,,
,,,,,,,,,,,,,,,,,,,,,,,,,,,,,,,,,,,,,,,,,,,
,,,,,,,,,,,,,,,,,,,,,,,,,,,,,,,,,,,,,,,,,,,
,,,,,,,,,,,,,,,,,,,,,,,,,,,,,,,,,,,,,,,,,,,
,,,,,,,,,,,,,,,,,,,,,,,,,,,,,,,,,,,,,,,,,,,
,,,,,,,,,,,,,,,,,,,,,,,,,,,,,,,,,,,,,,,,,,,
,,,,,,,,,,,,,,,,,,,,,,,,,,,,,,,,,,,,,,,,,,,
,,,,,,,,,,,,,,,,,,,,,,,,,,,,,,,,,,,,,,,,,,,
,,,,,,,,,,,,,,,,,,,,,,,,,,,,,,,,,,,,,,,,,,,
,,,,,,,,,,,,,,,,,,,,,,,,,,,,,,,,,,,,,,,,,,,
,,,,,,,,,,,,,,,,,,,,,,,,,,,,,,,,,,,,,,,,,,,
,,,,,,,,,,,,,,,,,,,,,,,,,,,,,,,,,,,,,,,,,,,
,,,,,,,,,,,,,,,,,,,,,,,,,,,,,,,,,,,,,,,,,,,
,,,,,,,,,,,,,,,,,,,,,,,,,,,,,,,,,,,,,,,,,,,
,,,,,,,,,,,,,,,,,,,,,,,,,,,,,,,,,,,,,,,,,,,
,,,,,,,,,,,,,,,,,,,,,,,,,,,,,,,,,,,,,,,,,,,
,,,,,,,,,,,,,,,,,,,,,,,,,,,,,,,,,,,,,,,,,,,
,,,,,,,,,,,,,,,,,,,,,,,,,,,,,,,,,,,,,,,,,,,
,,,,,,,,,,,,,,,,,,,,,,,,,,,,,,,,,,,,,,,,,,,
,,,,,,,,,,,,,,,,,,,,,,,,,,,,,,,,,,,,,,,,,,,
,,,,,,,,,,,,,,,,,,,,,,,,,,,,,,,,,,,,,,,,,,,
,,,,,,,,,,,,,,,,,,,,,,,,,,,,,,,,,,,,,,,,,,,
,,,,,,,,,,,,,,,,,,,,,,,,,,,,,,,,,,,,,,,,,,,
,,,,,,,,,,,,,,,,,,,,,,,,,,,,,,,,,,,,,,,,,,,
,,,,,,,,,,,,,,,,,,,,,,,,,,,,,,,,,,,,,,,,,,,
,,,,,,,,,,,,,,,,,,,,,,,,,,,,,,,,,,,,,,,,,,,
,,,,,,,,,,,,,,,,,,,,,,,,,,,,,,,,,,,,,,,,,,,
,,,,,,,,,,,,,,,,,,,,,,,,,,,,,,,,,,,,,,,,,,,
,,,,,,,,,,,,,,,,,,,,,,,,,,,,,,,,,,,,,,,,,,,
,,,,,,,,,,,,,,,,,,,,,,,,,,,,,,,,,,,,,,,,,,,
,,,,,,,,,,,,,,,,,,,,,,,,,,,,,,,,,,,,,,,,,,,
,,,,,,,,,,,,,,,,,,,,,,,,,,,,,,,,,,,,,,,,,,,
,,,,,,,,,,,,,,,,,,,,,,,,,,,,,,,,,,,,,,,,,,,
,,,,,,,,,,,,,,,,,,,,,,,,,,,,,,,,,,,,,,,,,,,
,,,,,,,,,,,,,,,,,,,,,,,,,,,,,,,,,,,,,,,,,,,
,,,,,,,,,,,,,,,,,,,,,,,,,,,,,,,,,,,,,,,,,,,
,,,,,,,,,,,,,,,,,,,,,,,,,,,,,,,,,,,,,,,,,,,
,,,,,,,,,,,,,,,,,,,,,,,,,,,,,,,,,,,,,,,,,,,
,,,,,,,,,,,,,,,,,,,,,,,,,,,,,,,,,,,,,,,,,,,
,,,,,,,,,,,,,,,,,,,,,,,,,,,,,,,,,,,,,,,,,,,
,,,,,,,,,,,,,,,,,,,,,,,,,,,,,,,,,,,,,,,,,,,
,,,,,,,,,,,,,,,,,,,,,,,,,,,,,,,,,,,,,,,,,,,
,,,,,,,,,,,,,,,,,,,,,,,,,,,,,,,,,,,,,,,,,,,
,,,,,,,,,,,,,,,,,,,,,,,,,,,,,,,,,,,,,,,,,,,
,,,,,,,,,,,,,,,,,,,,,,,,,,,,,,,,,,,,,,,,,,,
,,,,,,,,,,,,,,,,,,,,,,,,,,,,,,,,,,,,,,,,,,,
,,,,,,,,,,,,,,,,,,,,,,,,,,,,,,,,,,,,,,,,,,,
,,,,,,,,,,,,,,,,,,,,,,,,,,,,,,,,,,,,,,,,,,,
,,,,,,,,,,,,,,,,,,,,,,,,,,,,,,,,,,,,,,,,,,,
,,,,,,,,,,,,,,,,,,,,,,,,,,,,,,,,,,,,,,,,,,,
,,,,,,,,,,,,,,,,,,,,,,,,,,,,,,,,,,,,,,,,,,,
,,,,,,,,,,,,,,,,,,,,,,,,,,,,,,,,,,,,,,,,,,,
,,,,,,,,,,,,,,,,,,,,,,,,,,,,,,,,,,,,,,,,,,,
,,,,,,,,,,,,,,,,,,,,,,,,,,,,,,,,,,,,,,,,,,,
,,,,,,,,,,,,,,,,,,,,,,,,,,,,,,,,,,,,,,,,,,,
,,,,,,,,,,,,,,,,,,,,,,,,,,,,,,,,,,,,,,,,,,,
,,,,,,,,,,,,,,,,,,,,,,,,,,,,,,,,,,,,,,,,,,,
,,,,,,,,,,,,,,,,,,,,,,,,,,,,,,,,,,,,,,,,,,,
,,,,,,,,,,,,,,,,,,,,,,,,,,,,,,,,,,,,,,,,,,,
,,,,,,,,,,,,,,,,,,,,,,,,,,,,,,,,,,,,,,,,,,,
,,,,,,,,,,,,,,,,,,,,,,,,,,,,,,,,,,,,,,,,,,,
,,,,,,,,,,,,,,,,,,,,,,,,,,,,,,,,,,,,,,,,,,,
,,,,,,,,,,,,,,,,,,,,,,,,,,,,,,,,,,,,,,,,,,,
,,,,,,,,,,,,,,,,,,,,,,,,,,,,,,,,,,,,,,,,,,,
,,,,,,,,,,,,,,,,,,,,,,,,,,,,,,,,,,,,,,,,,,,
,,,,,,,,,,,,,,,,,,,,,,,,,,,,,,,,,,,,,,,,,,,
,,,,,,,,,,,,,,,,,,,,,,,,,,,,,,,,,,,,,,,,,,,
,,,,,,,,,,,,,,,,,,,,,,,,,,,,,,,,,,,,,,,,,,,
,,,,,,,,,,,,,,,,,,,,,,,,,,,,,,,,,,,,,,,,,,,
,,,,,,,,,,,,,,,,,,,,,,,,,,,,,,,,,,,,,,,,,,,
,,,,,,,,,,,,,,,,,,,,,,,,,,,,,,,,,,,,,,,,,,,
,,,,,,,,,,,,,,,,,,,,,,,,,,,,,,,,,,,,,,,,,,,
,,,,,,,,,,,,,,,,,,,,,,,,,,,,,,,,,,,,,,,,,,,
,,,,,,,,,,,,,,,,,,,,,,,,,,,,,,,,,,,,,,,,,,,
,,,,,,,,,,,,,,,,,,,,,,,,,,,,,,,,,,,,,,,,,,,
,,,,,,,,,,,,,,,,,,,,,,,,,,,,,,,,,,,,,,,,,,,
,,,,,,,,,,,,,,,,,,,,,,,,,,,,,,,,,,,,,,,,,,,
,,,,,,,,,,,,,,,,,,,,,,,,,,,,,,,,,,,,,,,,,,,
,,,,,,,,,,,,,,,,,,,,,,,,,,,,,,,,,,,,,,,,,,,
,,,,,,,,,,,,,,,,,,,,,,,,,,,,,,,,,,,,,,,,,,,
,,,,,,,,,,,,,,,,,,,,,,,,,,,,,,,,,,,,,,,,,,,
,,,,,,,,,,,,,,,,,,,,,,,,,,,,,,,,,,,,,,,,,,,
,,,,,,,,,,,,,,,,,,,,,,,,,,,,,,,,,,,,,,,,,,,
,,,,,,,,,,,,,,,,,,,,,,,,,,,,,,,,,,,,,,,,,,,
,,,,,,,,,,,,,,,,,,,,,,,,,,,,,,,,,,,,,,,,,,,
,,,,,,,,,,,,,,,,,,,,,,,,,,,,,,,,,,,,,,,,,,,
,,,,,,,,,,,,,,,,,,,,,,,,,,,,,,,,,,,,,,,,,,,
,,,,,,,,,,,,,,,,,,,,,,,,,,,,,,,,,,,,,,,,,,,
,,,,,,,,,,,,,,,,,,,,,,,,,,,,,,,,,,,,,,,,,,,
,,,,,,,,,,,,,,,,,,,,,,,,,,,,,,,,,,,,,,,,,,,
,,,,,,,,,,,,,,,,,,,,,,,,,,,,,,,,,,,,,,,,,,,
,,,,,,,,,,,,,,,,,,,,,,,,,,,,,,,,,,,,,,,,,,,
,,,,,,,,,,,,,,,,,,,,,,,,,,,,,,,,,,,,,,,,,,,
,,,,,,,,,,,,,,,,,,,,,,,,,,,,,,,,,,,,,,,,,,,
,,,,,,,,,,,,,,,,,,,,,,,,,,,,,,,,,,,,,,,,,,,
,,,,,,,,,,,,,,,,,,,,,,,,,,,,,,,,,,,,,,,,,,,
,,,,,,,,,,,,,,,,,,,,,,,,,,,,,,,,,,,,,,,,,,,
,,,,,,,,,,,,,,,,,,,,,,,,,,,,,,,,,,,,,,,,,,,
,,,,,,,,,,,,,,,,,,,,,,,,,,,,,,,,,,,,,,,,,,,
,,,,,,,,,,,,,,,,,,,,,,,,,,,,,,,,,,,,,,,,,,,
,,,,,,,,,,,,,,,,,,,,,,,,,,,,,,,,,,,,,,,,,,,
,,,,,,,,,,,,,,,,,,,,,,,,,,,,,,,,,,,,,,,,,,,
,,,,,,,,,,,,,,,,,,,,,,,,,,,,,,,,,,,,,,,,,,,
,,,,,,,,,,,,,,,,,,,,,,,,,,,,,,,,,,,,,,,,,,,
,,,,,,,,,,,,,,,,,,,,,,,,,,,,,,,,,,,,,,,,,,,
,,,,,,,,,,,,,,,,,,,,,,,,,,,,,,,,,,,,,,,,,,,
,,,,,,,,,,,,,,,,,,,,,,,,,,,,,,,,,,,,,,,,,,,
,,,,,,,,,,,,,,,,,,,,,,,,,,,,,,,,,,,,,,,,,,,
,,,,,,,,,,,,,,,,,,,,,,,,,,,,,,,,,,,,,,,,,,,
,,,,,,,,,,,,,,,,,,,,,,,,,,,,,,,,,,,,,,,,,,,
,,,,,,,,,,,,,,,,,,,,,,,,,,,,,,,,,,,,,,,,,,,
,,,,,,,,,,,,,,,,,,,,,,,,,,,,,,,,,,,,,,,,,,,
,,,,,,,,,,,,,,,,,,,,,,,,,,,,,,,,,,,,,,,,,,,
,,,,,,,,,,,,,,,,,,,,,,,,,,,,,,,,,,,,,,,,,,,
,,,,,,,,,,,,,,,,,,,,,,,,,,,,,,,,,,,,,,,,,,,
,,,,,,,,,,,,,,,,,,,,,,,,,,,,,,,,,,,,,,,,,,,
,,,,,,,,,,,,,,,,,,,,,,,,,,,,,,,,,,,,,,,,,,,
,,,,,,,,,,,,,,,,,,,,,,,,,,,,,,,,,,,,,,,,,,,
,,,,,,,,,,,,,,,,,,,,,,,,,,,,,,,,,,,,,,,,,,,
,,,,,,,,,,,,,,,,,,,,,,,,,,,,,,,,,,,,,,,,,,,
,,,,,,,,,,,,,,,,,,,,,,,,,,,,,,,,,,,,,,,,,,,
,,,,,,,,,,,,,,,,,,,,,,,,,,,,,,,,,,,,,,,,,,,
,,,,,,,,,,,,,,,,,,,,,,,,,,,,,,,,,,,,,,,,,,,
,,,,,,,,,,,,,,,,,,,,,,,,,,,,,,,,,,,,,,,,,,,
,,,,,,,,,,,,,,,,,,,,,,,,,,,,,,,,,,,,,,,,,,,
,,,,,,,,,,,,,,,,,,,,,,,,,,,,,,,,,,,,,,,,,,,
,,,,,,,,,,,,,,,,,,,,,,,,,,,,,,,,,,,,,,,,,,,
,,,,,,,,,,,,,,,,,,,,,,,,,,,,,,,,,,,,,,,,,,,
,,,,,,,,,,,,,,,,,,,,,,,,,,,,,,,,,,,,,,,,,,,
,,,,,,,,,,,,,,,,,,,,,,,,,,,,,,,,,,,,,,,,,,,
,,,,,,,,,,,,,,,,,,,,,,,,,,,,,,,,,,,,,,,,,,,
,,,,,,,,,,,,,,,,,,,,,,,,,,,,,,,,,,,,,,,,,,,
,,,,,,,,,,,,,,,,,,,,,,,,,,,,,,,,,,,,,,,,,,,
,,,,,,,,,,,,,,,,,,,,,,,,,,,,,,,,,,,,,,,,,,,
,,,,,,,,,,,,,,,,,,,,,,,,,,,,,,,,,,,,,,,,,,,
,,,,,,,,,,,,,,,,,,,,,,,,,,,,,,,,,,,,,,,,,,,
,,,,,,,,,,,,,,,,,,,,,,,,,,,,,,,,,,,,,,,,,,,
,,,,,,,,,,,,,,,,,,,,,,,,,,,,,,,,,,,,,,,,,,,
,,,,,,,,,,,,,,,,,,,,,,,,,,,,,,,,,,,,,,,,,,,
,,,,,,,,,,,,,,,,,,,,,,,,,,,,,,,,,,,,,,,,,,,
,,,,,,,,,,,,,,,,,,,,,,,,,,,,,,,,,,,,,,,,,,,
,,,,,,,,,,,,,,,,,,,,,,,,,,,,,,,,,,,,,,,,,,,
,,,,,,,,,,,,,,,,,,,,,,,,,,,,,,,,,,,,,,,,,,,
,,,,,,,,,,,,,,,,,,,,,,,,,,,,,,,,,,,,,,,,,,,
,,,,,,,,,,,,,,,,,,,,,,,,,,,,,,,,,,,,,,,,,,,
,,,,,,,,,,,,,,,,,,,,,,,,,,,,,,,,,,,,,,,,,,,
,,,,,,,,,,,,,,,,,,,,,,,,,,,,,,,,,,,,,,,,,,,
,,,,,,,,,,,,,,,,,,,,,,,,,,,,,,,,,,,,,,,,,,,
,,,,,,,,,,,,,,,,,,,,,,,,,,,,,,,,,,,,,,,,,,,
,,,,,,,,,,,,,,,,,,,,,,,,,,,,,,,,,,,,,,,,,,,
,,,,,,,,,,,,,,,,,,,,,,,,,,,,,,,,,,,,,,,,,,,
,,,,,,,,,,,,,,,,,,,,,,,,,,,,,,,,,,,,,,,,,,,
,,,,,,,,,,,,,,,,,,,,,,,,,,,,,,,,,,,,,,,,,,,
,,,,,,,,,,,,,,,,,,,,,,,,,,,,,,,,,,,,,,,,,,,
,,,,,,,,,,,,,,,,,,,,,,,,,,,,,,,,,,,,,,,,,,,
,,,,,,,,,,,,,,,,,,,,,,,,,,,,,,,,,,,,,,,,,,,
,,,,,,,,,,,,,,,,,,,,,,,,,,,,,,,,,,,,,,,,,,,
,,,,,,,,,,,,,,,,,,,,,,,,,,,,,,,,,,,,,,,,,,,
,,,,,,,,,,,,,,,,,,,,,,,,,,,,,,,,,,,,,,,,,,,
,,,,,,,,,,,,,,,,,,,,,,,,,,,,,,,,,,,,,,,,,,,
,,,,,,,,,,,,,,,,,,,,,,,,,,,,,,,,,,,,,,,,,,,
,,,,,,,,,,,,,,,,,,,,,,,,,,,,,,,,,,,,,,,,,,,
,,,,,,,,,,,,,,,,,,,,,,,,,,,,,,,,,,,,,,,,,,,
,,,,,,,,,,,,,,,,,,,,,,,,,,,,,,,,,,,,,,,,,,,
,,,,,,,,,,,,,,,,,,,,,,,,,,,,,,,,,,,,,,,,,,,
,,,,,,,,,,,,,,,,,,,,,,,,,,,,,,,,,,,,,,,,,,,
,,,,,,,,,,,,,,,,,,,,,,,,,,,,,,,,,,,,,,,,,,,
,,,,,,,,,,,,,,,,,,,,,,,,,,,,,,,,,,,,,,,,,,,
,,,,,,,,,,,,,,,,,,,,,,,,,,,,,,,,,,,,,,,,,,,
,,,,,,,,,,,,,,,,,,,,,,,,,,,,,,,,,,,,,,,,,,,
,,,,,,,,,,,,,,,,,,,,,,,,,,,,,,,,,,,,,,,,,,,
,,,,,,,,,,,,,,,,,,,,,,,,,,,,,,,,,,,,,,,,,,,
,,,,,,,,,,,,,,,,,,,,,,,,,,,,,,,,,,,,,,,,,,,
,,,,,,,,,,,,,,,,,,,,,,,,,,,,,,,,,,,,,,,,,,,
,,,,,,,,,,,,,,,,,,,,,,,,,,,,,,,,,,,,,,,,,,,
,,,,,,,,,,,,,,,,,,,,,,,,,,,,,,,,,,,,,,,,,,,
,,,,,,,,,,,,,,,,,,,,,,,,,,,,,,,,,,,,,,,,,,,
,,,,,,,,,,,,,,,,,,,,,,,,,,,,,,,,,,,,,,,,,,,
,,,,,,,,,,,,,,,,,,,,,,,,,,,,,,,,,,,,,,,,,,,
,,,,,,,,,,,,,,,,,,,,,,,,,,,,,,,,,,,,,,,,,,,
,,,,,,,,,,,,,,,,,,,,,,,,,,,,,,,,,,,,,,,,,,,
,,,,,,,,,,,,,,,,,,,,,,,,,,,,,,,,,,,,,,,,,,,
,,,,,,,,,,,,,,,,,,,,,,,,,,,,,,,,,,,,,,,,,,,
,,,,,,,,,,,,,,,,,,,,,,,,,,,,,,,,,,,,,,,,,,,
,,,,,,,,,,,,,,,,,,,,,,,,,,,,,,,,,,,,,,,,,,,
,,,,,,,,,,,,,,,,,,,,,,,,,,,,,,,,,,,,,,,,,,,
,,,,,,,,,,,,,,,,,,,,,,,,,,,,,,,,,,,,,,,,,,,
,,,,,,,,,,,,,,,,,,,,,,,,,,,,,,,,,,,,,,,,,,,
,,,,,,,,,,,,,,,,,,,,,,,,,,,,,,,,,,,,,,,,,,,
,,,,,,,,,,,,,,,,,,,,,,,,,,,,,,,,,,,,,,,,,,,
,,,,,,,,,,,,,,,,,,,,,,,,,,,,,,,,,,,,,,,,,,,
,,,,,,,,,,,,,,,,,,,,,,,,,,,,,,,,,,,,,,,,,,,
,,,,,,,,,,,,,,,,,,,,,,,,,,,,,,,,,,,,,,,,,,,
,,,,,,,,,,,,,,,,,,,,,,,,,,,,,,,,,,,,,,,,,,,
,,,,,,,,,,,,,,,,,,,,,,,,,,,,,,,,,,,,,,,,,,,
,,,,,,,,,,,,,,,,,,,,,,,,,,,,,,,,,,,,,,,,,,,
,,,,,,,,,,,,,,,,,,,,,,,,,,,,,,,,,,,,,,,,,,,
,,,,,,,,,,,,,,,,,,,,,,,,,,,,,,,,,,,,,,,,,,,
,,,,,,,,,,,,,,,,,,,,,,,,,,,,,,,,,,,,,,,,,,,
,,,,,,,,,,,,,,,,,,,,,,,,,,,,,,,,,,,,,,,,,,,
,,,,,,,,,,,,,,,,,,,,,,,,,,,,,,,,,,,,,,,,,,,
,,,,,,,,,,,,,,,,,,,,,,,,,,,,,,,,,,,,,,,,,,,
,,,,,,,,,,,,,,,,,,,,,,,,,,,,,,,,,,,,,,,,,,,
,,,,,,,,,,,,,,,,,,,,,,,,,,,,,,,,,,,,,,,,,,,
,,,,,,,,,,,,,,,,,,,,,,,,,,,,,,,,,,,,,,,,,,,
,,,,,,,,,,,,,,,,,,,,,,,,,,,,,,,,,,,,,,,,,,,
,,,,,,,,,,,,,,,,,,,,,,,,,,,,,,,,,,,,,,,,,,,
,,,,,,,,,,,,,,,,,,,,,,,,,,,,,,,,,,,,,,,,,,,
,,,,,,,,,,,,,,,,,,,,,,,,,,,,,,,,,,,,,,,,,,,
,,,,,,,,,,,,,,,,,,,,,,,,,,,,,,,,,,,,,,,,,,,
,,,,,,,,,,,,,,,,,,,,,,,,,,,,,,,,,,,,,,,,,,,
,,,,,,,,,,,,,,,,,,,,,,,,,,,,,,,,,,,,,,,,,,,
,,,,,,,,,,,,,,,,,,,,,,,,,,,,,,,,,,,,,,,,,,,
,,,,,,,,,,,,,,,,,,,,,,,,,,,,,,,,,,,,,,,,,,,
,,,,,,,,,,,,,,,,,,,,,,,,,,,,,,,,,,,,,,,,,,,
,,,,,,,,,,,,,,,,,,,,,,,,,,,,,,,,,,,,,,,,,,,
,,,,,,,,,,,,,,,,,,,,,,,,,,,,,,,,,,,,,,,,,,,
,,,,,,,,,,,,,,,,,,,,,,,,,,,,,,,,,,,,,,,,,,,
,,,,,,,,,,,,,,,,,,,,,,,,,,,,,,,,,,,,,,,,,,,
,,,,,,,,,,,,,,,,,,,,,,,,,,,,,,,,,,,,,,,,,,,
,,,,,,,,,,,,,,,,,,,,,,,,,,,,,,,,,,,,,,,,,,,
,,,,,,,,,,,,,,,,,,,,,,,,,,,,,,,,,,,,,,,,,,,
,,,,,,,,,,,,,,,,,,,,,,,,,,,,,,,,,,,,,,,,,,,
,,,,,,,,,,,,,,,,,,,,,,,,,,,,,,,,,,,,,,,,,,,
,,,,,,,,,,,,,,,,,,,,,,,,,,,,,,,,,,,,,,,,,,,
,,,,,,,,,,,,,,,,,,,,,,,,,,,,,,,,,,,,,,,,,,,
,,,,,,,,,,,,,,,,,,,,,,,,,,,,,,,,,,,,,,,,,,,
,,,,,,,,,,,,,,,,,,,,,,,,,,,,,,,,,,,,,,,,,,,
,,,,,,,,,,,,,,,,,,,,,,,,,,,,,,,,,,,,,,,,,,,
,,,,,,,,,,,,,,,,,,,,,,,,,,,,,,,,,,,,,,,,,,,
,,,,,,,,,,,,,,,,,,,,,,,,,,,,,,,,,,,,,,,,,,,
,,,,,,,,,,,,,,,,,,,,,,,,,,,,,,,,,,,,,,,,,,,
,,,,,,,,,,,,,,,,,,,,,,,,,,,,,,,,,,,,,,,,,,,
,,,,,,,,,,,,,,,,,,,,,,,,,,,,,,,,,,,,,,,,,,,
,,,,,,,,,,,,,,,,,,,,,,,,,,,,,,,,,,,,,,,,,,,
,,,,,,,,,,,,,,,,,,,,,,,,,,,,,,,,,,,,,,,,,,,
,,,,,,,,,,,,,,,,,,,,,,,,,,,,,,,,,,,,,,,,,,,
,,,,,,,,,,,,,,,,,,,,,,,,,,,,,,,,,,,,,,,,,,,
,,,,,,,,,,,,,,,,,,,,,,,,,,,,,,,,,,,,,,,,,,,
,,,,,,,,,,,,,,,,,,,,,,,,,,,,,,,,,,,,,,,,,,,
,,,,,,,,,,,,,,,,,,,,,,,,,,,,,,,,,,,,,,,,,,,
,,,,,,,,,,,,,,,,,,,,,,,,,,,,,,,,,,,,,,,,,,,
,,,,,,,,,,,,,,,,,,,,,,,,,,,,,,,,,,,,,,,,,,,
,,,,,,,,,,,,,,,,,,,,,,,,,,,,,,,,,,,,,,,,,,,
,,,,,,,,,,,,,,,,,,,,,,,,,,,,,,,,,,,,,,,,,,,
,,,,,,,,,,,,,,,,,,,,,,,,,,,,,,,,,,,,,,,,,,,
,,,,,,,,,,,,,,,,,,,,,,,,,,,,,,,,,,,,,,,,,,,
,,,,,,,,,,,,,,,,,,,,,,,,,,,,,,,,,,,,,,,,,,,
,,,,,,,,,,,,,,,,,,,,,,,,,,,,,,,,,,,,,,,,,,,
,,,,,,,,,,,,,,,,,,,,,,,,,,,,,,,,,,,,,,,,,,,
,,,,,,,,,,,,,,,,,,,,,,,,,,,,,,,,,,,,,,,,,,,
,,,,,,,,,,,,,,,,,,,,,,,,,,,,,,,,,,,,,,,,,,,
,,,,,,,,,,,,,,,,,,,,,,,,,,,,,,,,,,,,,,,,,,,
,,,,,,,,,,,,,,,,,,,,,,,,,,,,,,,,,,,,,,,,,,,
,,,,,,,,,,,,,,,,,,,,,,,,,,,,,,,,,,,,,,,,,,,
,,,,,,,,,,,,,,,,,,,,,,,,,,,,,,,,,,,,,,,,,,,
,,,,,,,,,,,,,,,,,,,,,,,,,,,,,,,,,,,,,,,,,,,
,,,,,,,,,,,,,,,,,,,,,,,,,,,,,,,,,,,,,,,,,,,
,,,,,,,,,,,,,,,,,,,,,,,,,,,,,,,,,,,,,,,,,,,
,,,,,,,,,,,,,,,,,,,,,,,,,,,,,,,,,,,,,,,,,,,
,,,,,,,,,,,,,,,,,,,,,,,,,,,,,,,,,,,,,,,,,,,
,,,,,,,,,,,,,,,,,,,,,,,,,,,,,,,,,,,,,,,,,,,
,,,,,,,,,,,,,,,,,,,,,,,,,,,,,,,,,,,,,,,,,,,
,,,,,,,,,,,,,,,,,,,,,,,,,,,,,,,,,,,,,,,,,,,
,,,,,,,,,,,,,,,,,,,,,,,,,,,,,,,,,,,,,,,,,,,
,,,,,,,,,,,,,,,,,,,,,,,,,,,,,,,,,,,,,,,,,,,
,,,,,,,,,,,,,,,,,,,,,,,,,,,,,,,,,,,,,,,,,,,
,,,,,,,,,,,,,,,,,,,,,,,,,,,,,,,,,,,,,,,,,,,
,,,,,,,,,,,,,,,,,,,,,,,,,,,,,,,,,,,,,,,,,,,
,,,,,,,,,,,,,,,,,,,,,,,,,,,,,,,,,,,,,,,,,,,
,,,,,,,,,,,,,,,,,,,,,,,,,,,,,,,,,,,,,,,,,,,
,,,,,,,,,,,,,,,,,,,,,,,,,,,,,,,,,,,,,,,,,,,
,,,,,,,,,,,,,,,,,,,,,,,,,,,,,,,,,,,,,,,,,,,
,,,,,,,,,,,,,,,,,,,,,,,,,,,,,,,,,,,,,,,,,,,
,,,,,,,,,,,,,,,,,,,,,,,,,,,,,,,,,,,,,,,,,,,
,,,,,,,,,,,,,,,,,,,,,,,,,,,,,,,,,,,,,,,,,,,
,,,,,,,,,,,,,,,,,,,,,,,,,,,,,,,,,,,,,,,,,,,
,,,,,,,,,,,,,,,,,,,,,,,,,,,,,,,,,,,,,,,,,,,
,,,,,,,,,,,,,,,,,,,,,,,,,,,,,,,,,,,,,,,,,,,
,,,,,,,,,,,,,,,,,,,,,,,,,,,,,,,,,,,,,,,,,,,
,,,,,,,,,,,,,,,,,,,,,,,,,,,,,,,,,,,,,,,,,,,
,,,,,,,,,,,,,,,,,,,,,,,,,,,,,,,,,,,,,,,,,,,
,,,,,,,,,,,,,,,,,,,,,,,,,,,,,,,,,,,,,,,,,,,
,,,,,,,,,,,,,,,,,,,,,,,,,,,,,,,,,,,,,,,,,,,
,,,,,,,,,,,,,,,,,,,,,,,,,,,,,,,,,,,,,,,,,,,
,,,,,,,,,,,,,,,,,,,,,,,,,,,,,,,,,,,,,,,,,,,
,,,,,,,,,,,,,,,,,,,,,,,,,,,,,,,,,,,,,,,,,,,
,,,,,,,,,,,,,,,,,,,,,,,,,,,,,,,,,,,,,,,,,,,
,,,,,,,,,,,,,,,,,,,,,,,,,,,,,,,,,,,,,,,,,,,
,,,,,,,,,,,,,,,,,,,,,,,,,,,,,,,,,,,,,,,,,,,
,,,,,,,,,,,,,,,,,,,,,,,,,,,,,,,,,,,,,,,,,,,
,,,,,,,,,,,,,,,,,,,,,,,,,,,,,,,,,,,,,,,,,,,
,,,,,,,,,,,,,,,,,,,,,,,,,,,,,,,,,,,,,,,,,,,
,,,,,,,,,,,,,,,,,,,,,,,,,,,,,,,,,,,,,,,,,,,
,,,,,,,,,,,,,,,,,,,,,,,,,,,,,,,,,,,,,,,,,,,
,,,,,,,,,,,,,,,,,,,,,,,,,,,,,,,,,,,,,,,,,,,
,,,,,,,,,,,,,,,,,,,,,,,,,,,,,,,,,,,,,,,,,,,
,,,,,,,,,,,,,,,,,,,,,,,,,,,,,,,,,,,,,,,,,,,
,,,,,,,,,,,,,,,,,,,,,,,,,,,,,,,,,,,,,,,,,,,
,,,,,,,,,,,,,,,,,,,,,,,,,,,,,,,,,,,,,,,,,,,
,,,,,,,,,,,,,,,,,,,,,,,,,,,,,,,,,,,,,,,,,,,
,,,,,,,,,,,,,,,,,,,,,,,,,,,,,,,,,,,,,,,,,,,
,,,,,,,,,,,,,,,,,,,,,,,,,,,,,,,,,,,,,,,,,,,
,,,,,,,,,,,,,,,,,,,,,,,,,,,,,,,,,,,,,,,,,,,
,,,,,,,,,,,,,,,,,,,,,,,,,,,,,,,,,,,,,,,,,,,
,,,,,,,,,,,,,,,,,,,,,,,,,,,,,,,,,,,,,,,,,,,
,,,,,,,,,,,,,,,,,,,,,,,,,,,,,,,,,,,,,,,,,,,
,,,,,,,,,,,,,,,,,,,,,,,,,,,,,,,,,,,,,,,,,,,
,,,,,,,,,,,,,,,,,,,,,,,,,,,,,,,,,,,,,,,,,,,
,,,,,,,,,,,,,,,,,,,,,,,,,,,,,,,,,,,,,,,,,,,
,,,,,,,,,,,,,,,,,,,,,,,,,,,,,,,,,,,,,,,,,,,
,,,,,,,,,,,,,,,,,,,,,,,,,,,,,,,,,,,,,,,,,,,
,,,,,,,,,,,,,,,,,,,,,,,,,,,,,,,,,,,,,,,,,,,
,,,,,,,,,,,,,,,,,,,,,,,,,,,,,,,,,,,,,,,,,,,
,,,,,,,,,,,,,,,,,,,,,,,,,,,,,,,,,,,,,,,,,,,
,,,,,,,,,,,,,,,,,,,,,,,,,,,,,,,,,,,,,,,,,,,
,,,,,,,,,,,,,,,,,,,,,,,,,,,,,,,,,,,,,,,,,,,
,,,,,,,,,,,,,,,,,,,,,,,,,,,,,,,,,,,,,,,,,,,
,,,,,,,,,,,,,,,,,,,,,,,,,,,,,,,,,,,,,,,,,,,
,,,,,,,,,,,,,,,,,,,,,,,,,,,,,,,,,,,,,,,,,,,
,,,,,,,,,,,,,,,,,,,,,,,,,,,,,,,,,,,,,,,,,,,
,,,,,,,,,,,,,,,,,,,,,,,,,,,,,,,,,,,,,,,,,,,
,,,,,,,,,,,,,,,,,,,,,,,,,,,,,,,,,,,,,,,,,,,
,,,,,,,,,,,,,,,,,,,,,,,,,,,,,,,,,,,,,,,,,,,
,,,,,,,,,,,,,,,,,,,,,,,,,,,,,,,,,,,,,,,,,,,
,,,,,,,,,,,,,,,,,,,,,,,,,,,,,,,,,,,,,,,,,,,
,,,,,,,,,,,,,,,,,,,,,,,,,,,,,,,,,,,,,,,,,,,
,,,,,,,,,,,,,,,,,,,,,,,,,,,,,,,,,,,,,,,,,,,
,,,,,,,,,,,,,,,,,,,,,,,,,,,,,,,,,,,,,,,,,,,
,,,,,,,,,,,,,,,,,,,,,,,,,,,,,,,,,,,,,,,,,,,
,,,,,,,,,,,,,,,,,,,,,,,,,,,,,,,,,,,,,,,,,,,
,,,,,,,,,,,,,,,,,,,,,,,,,,,,,,,,,,,,,,,,,,,
,,,,,,,,,,,,,,,,,,,,,,,,,,,,,,,,,,,,,,,,,,,
,,,,,,,,,,,,,,,,,,,,,,,,,,,,,,,,,,,,,,,,,,,
,,,,,,,,,,,,,,,,,,,,,,,,,,,,,,,,,,,,,,,,,,,
,,,,,,,,,,,,,,,,,,,,,,,,,,,,,,,,,,,,,,,,,,,
,,,,,,,,,,,,,,,,,,,,,,,,,,,,,,,,,,,,,,,,,,,
,,,,,,,,,,,,,,,,,,,,,,,,,,,,,,,,,,,,,,,,,,,
,,,,,,,,,,,,,,,,,,,,,,,,,,,,,,,,,,,,,,,,,,,
,,,,,,,,,,,,,,,,,,,,,,,,,,,,,,,,,,,,,,,,,,,
,,,,,,,,,,,,,,,,,,,,,,,,,,,,,,,,,,,,,,,,,,,
,,,,,,,,,,,,,,,,,,,,,,,,,,,,,,,,,,,,,,,,,,,
,,,,,,,,,,,,,,,,,,,,,,,,,,,,,,,,,,,,,,,,,,,
,,,,,,,,,,,,,,,,,,,,,,,,,,,,,,,,,,,,,,,,,,,
,,,,,,,,,,,,,,,,,,,,,,,,,,,,,,,,,,,,,,,,,,,
,,,,,,,,,,,,,,,,,,,,,,,,,,,,,,,,,,,,,,,,,,,
,,,,,,,,,,,,,,,,,,,,,,,,,,,,,,,,,,,,,,,,,,,
,,,,,,,,,,,,,,,,,,,,,,,,,,,,,,,,,,,,,,,,,,,
,,,,,,,,,,,,,,,,,,,,,,,,,,,,,,,,,,,,,,,,,,,
,,,,,,,,,,,,,,,,,,,,,,,,,,,,,,,,,,,,,,,,,,,
,,,,,,,,,,,,,,,,,,,,,,,,,,,,,,,,,,,,,,,,,,,
,,,,,,,,,,,,,,,,,,,,,,,,,,,,,,,,,,,,,,,,,,,
,,,,,,,,,,,,,,,,,,,,,,,,,,,,,,,,,,,,,,,,,,,
,,,,,,,,,,,,,,,,,,,,,,,,,,,,,,,,,,,,,,,,,,,
,,,,,,,,,,,,,,,,,,,,,,,,,,,,,,,,,,,,,,,,,,,
,,,,,,,,,,,,,,,,,,,,,,,,,,,,,,,,,,,,,,,,,,,
,,,,,,,,,,,,,,,,,,,,,,,,,,,,,,,,,,,,,,,,,,,
,,,,,,,,,,,,,,,,,,,,,,,,,,,,,,,,,,,,,,,,,,,
,,,,,,,,,,,,,,,,,,,,,,,,,,,,,,,,,,,,,,,,,,,
,,,,,,,,,,,,,,,,,,,,,,,,,,,,,,,,,,,,,,,,,,,
,,,,,,,,,,,,,,,,,,,,,,,,,,,,,,,,,,,,,,,,,,,
,,,,,,,,,,,,,,,,,,,,,,,,,,,,,,,,,,,,,,,,,,,
,,,,,,,,,,,,,,,,,,,,,,,,,,,,,,,,,,,,,,,,,,,
,,,,,,,,,,,,,,,,,,,,,,,,,,,,,,,,,,,,,,,,,,,
,,,,,,,,,,,,,,,,,,,,,,,,,,,,,,,,,,,,,,,,,,,
,,,,,,,,,,,,,,,,,,,,,,,,,,,,,,,,,,,,,,,,,,,
,,,,,,,,,,,,,,,,,,,,,,,,,,,,,,,,,,,,,,,,,,,
,,,,,,,,,,,,,,,,,,,,,,,,,,,,,,,,,,,,,,,,,,,
,,,,,,,,,,,,,,,,,,,,,,,,,,,,,,,,,,,,,,,,,,,
,,,,,,,,,,,,,,,,,,,,,,,,,,,,,,,,,,,,,,,,,,,
,,,,,,,,,,,,,,,,,,,,,,,,,,,,,,,,,,,,,,,,,,,
,,,,,,,,,,,,,,,,,,,,,,,,,,,,,,,,,,,,,,,,,,,
,,,,,,,,,,,,,,,,,,,,,,,,,,,,,,,,,,,,,,,,,,,
,,,,,,,,,,,,,,,,,,,,,,,,,,,,,,,,,,,,,,,,,,,
,,,,,,,,,,,,,,,,,,,,,,,,,,,,,,,,,,,,,,,,,,,
,,,,,,,,,,,,,,,,,,,,,,,,,,,,,,,,,,,,,,,,,,,
,,,,,,,,,,,,,,,,,,,,,,,,,,,,,,,,,,,,,,,,,,,
,,,,,,,,,,,,,,,,,,,,,,,,,,,,,,,,,,,,,,,,,,,
,,,,,,,,,,,,,,,,,,,,,,,,,,,,,,,,,,,,,,,,,,,
,,,,,,,,,,,,,,,,,,,,,,,,,,,,,,,,,,,,,,,,,,,
,,,,,,,,,,,,,,,,,,,,,,,,,,,,,,,,,,,,,,,,,,,
,,,,,,,,,,,,,,,,,,,,,,,,,,,,,,,,,,,,,,,,,,,
,,,,,,,,,,,,,,,,,,,,,,,,,,,,,,,,,,,,,,,,,,,
,,,,,,,,,,,,,,,,,,,,,,,,,,,,,,,,,,,,,,,,,,,
,,,,,,,,,,,,,,,,,,,,,,,,,,,,,,,,,,,,,,,,,,,
,,,,,,,,,,,,,,,,,,,,,,,,,,,,,,,,,,,,,,,,,,,
,,,,,,,,,,,,,,,,,,,,,,,,,,,,,,,,,,,,,,,,,,,
,,,,,,,,,,,,,,,,,,,,,,,,,,,,,,,,,,,,,,,,,,,
,,,,,,,,,,,,,,,,,,,,,,,,,,,,,,,,,,,,,,,,,,,
,,,,,,,,,,,,,,,,,,,,,,,,,,,,,,,,,,,,,,,,,,,
,,,,,,,,,,,,,,,,,,,,,,,,,,,,,,,,,,,,,,,,,,,
,,,,,,,,,,,,,,,,,,,,,,,,,,,,,,,,,,,,,,,,,,,
,,,,,,,,,,,,,,,,,,,,,,,,,,,,,,,,,,,,,,,,,,,
,,,,,,,,,,,,,,,,,,,,,,,,,,,,,,,,,,,,,,,,,,,
,,,,,,,,,,,,,,,,,,,,,,,,,,,,,,,,,,,,,,,,,,,
,,,,,,,,,,,,,,,,,,,,,,,,,,,,,,,,,,,,,,,,,,,
,,,,,,,,,,,,,,,,,,,,,,,,,,,,,,,,,,,,,,,,,,,
,,,,,,,,,,,,,,,,,,,,,,,,,,,,,,,,,,,,,,,,,,,
,,,,,,,,,,,,,,,,,,,,,,,,,,,,,,,,,,,,,,,,,,,
,,,,,,,,,,,,,,,,,,,,,,,,,,,,,,,,,,,,,,,,,,,
,,,,,,,,,,,,,,,,,,,,,,,,,,,,,,,,,,,,,,,,,,,
,,,,,,,,,,,,,,,,,,,,,,,,,,,,,,,,,,,,,,,,,,,
,,,,,,,,,,,,,,,,,,,,,,,,,,,,,,,,,,,,,,,,,,,
,,,,,,,,,,,,,,,,,,,,,,,,,,,,,,,,,,,,,,,,,,,
,,,,,,,,,,,,,,,,,,,,,,,,,,,,,,,,,,,,,,,,,,,
,,,,,,,,,,,,,,,,,,,,,,,,,,,,,,,,,,,,,,,,,,,
,,,,,,,,,,,,,,,,,,,,,,,,,,,,,,,,,,,,,,,,,,,
,,,,,,,,,,,,,,,,,,,,,,,,,,,,,,,,,,,,,,,,,,,
,,,,,,,,,,,,,,,,,,,,,,,,,,,,,,,,,,,,,,,,,,,
,,,,,,,,,,,,,,,,,,,,,,,,,,,,,,,,,,,,,,,,,,,
,,,,,,,,,,,,,,,,,,,,,,,,,,,,,,,,,,,,,,,,,,,
,,,,,,,,,,,,,,,,,,,,,,,,,,,,,,,,,,,,,,,,,,,
,,,,,,,,,,,,,,,,,,,,,,,,,,,,,,,,,,,,,,,,,,,
,,,,,,,,,,,,,,,,,,,,,,,,,,,,,,,,,,,,,,,,,,,
,,,,,,,,,,,,,,,,,,,,,,,,,,,,,,,,,,,,,,,,,,,
,,,,,,,,,,,,,,,,,,,,,,,,,,,,,,,,,,,,,,,,,,,
,,,,,,,,,,,,,,,,,,,,,,,,,,,,,,,,,,,,,,,,,,,
,,,,,,,,,,,,,,,,,,,,,,,,,,,,,,,,,,,,,,,,,,,
,,,,,,,,,,,,,,,,,,,,,,,,,,,,,,,,,,,,,,,,,,,
,,,,,,,,,,,,,,,,,,,,,,,,,,,,,,,,,,,,,,,,,,,
,,,,,,,,,,,,,,,,,,,,,,,,,,,,,,,,,,,,,,,,,,,
,,,,,,,,,,,,,,,,,,,,,,,,,,,,,,,,,,,,,,,,,,,
,,,,,,,,,,,,,,,,,,,,,,,,,,,,,,,,,,,,,,,,,,,
,,,,,,,,,,,,,,,,,,,,,,,,,,,,,,,,,,,,,,,,,,,
,,,,,,,,,,,,,,,,,,,,,,,,,,,,,,,,,,,,,,,,,,,
,,,,,,,,,,,,,,,,,,,,,,,,,,,,,,,,,,,,,,,,,,,
,,,,,,,,,,,,,,,,,,,,,,,,,,,,,,,,,,,,,,,,,,,
,,,,,,,,,,,,,,,,,,,,,,,,,,,,,,,,,,,,,,,,,,,
,,,,,,,,,,,,,,,,,,,,,,,,,,,,,,,,,,,,,,,,,,,
,,,,,,,,,,,,,,,,,,,,,,,,,,,,,,,,,,,,,,,,,,,
,,,,,,,,,,,,,,,,,,,,,,,,,,,,,,,,,,,,,,,,,,,
,,,,,,,,,,,,,,,,,,,,,,,,,,,,,,,,,,,,,,,,,,,
,,,,,,,,,,,,,,,,,,,,,,,,,,,,,,,,,,,,,,,,,,,
,,,,,,,,,,,,,,,,,,,,,,,,,,,,,,,,,,,,,,,,,,,
,,,,,,,,,,,,,,,,,,,,,,,,,,,,,,,,,,,,,,,,,,,
,,,,,,,,,,,,,,,,,,,,,,,,,,,,,,,,,,,,,,,,,,,
,,,,,,,,,,,,,,,,,,,,,,,,,,,,,,,,,,,,,,,,,,,
,,,,,,,,,,,,,,,,,,,,,,,,,,,,,,,,,,,,,,,,,,,
,,,,,,,,,,,,,,,,,,,,,,,,,,,,,,,,,,,,,,,,,,,
,,,,,,,,,,,,,,,,,,,,,,,,,,,,,,,,,,,,,,,,,,,
,,,,,,,,,,,,,,,,,,,,,,,,,,,,,,,,,,,,,,,,,,,
,,,,,,,,,,,,,,,,,,,,,,,,,,,,,,,,,,,,,,,,,,,
,,,,,,,,,,,,,,,,,,,,,,,,,,,,,,,,,,,,,,,,,,,
,,,,,,,,,,,,,,,,,,,,,,,,,,,,,,,,,,,,,,,,,,,
,,,,,,,,,,,,,,,,,,,,,,,,,,,,,,,,,,,,,,,,,,,
,,,,,,,,,,,,,,,,,,,,,,,,,,,,,,,,,,,,,,,,,,,
,,,,,,,,,,,,,,,,,,,,,,,,,,,,,,,,,,,,,,,,,,,
,,,,,,,,,,,,,,,,,,,,,,,,,,,,,,,,,,,,,,,,,,,
,,,,,,,,,,,,,,,,,,,,,,,,,,,,,,,,,,,,,,,,,,,
,,,,,,,,,,,,,,,,,,,,,,,,,,,,,,,,,,,,,,,,,,,
,,,,,,,,,,,,,,,,,,,,,,,,,,,,,,,,,,,,,,,,,,,
,,,,,,,,,,,,,,,,,,,,,,,,,,,,,,,,,,,,,,,,,,,
,,,,,,,,,,,,,,,,,,,,,,,,,,,,,,,,,,,,,,,,,,,
,,,,,,,,,,,,,,,,,,,,,,,,,,,,,,,,,,,,,,,,,,,
,,,,,,,,,,,,,,,,,,,,,,,,,,,,,,,,,,,,,,,,,,,
,,,,,,,,,,,,,,,,,,,,,,,,,,,,,,,,,,,,,,,,,,,
,,,,,,,,,,,,,,,,,,,,,,,,,,,,,,,,,,,,,,,,,,,
,,,,,,,,,,,,,,,,,,,,,,,,,,,,,,,,,,,,,,,,,,,
,,,,,,,,,,,,,,,,,,,,,,,,,,,,,,,,,,,,,,,,,,,
,,,,,,,,,,,,,,,,,,,,,,,,,,,,,,,,,,,,,,,,,,,
,,,,,,,,,,,,,,,,,,,,,,,,,,,,,,,,,,,,,,,,,,,
,,,,,,,,,,,,,,,,,,,,,,,,,,,,,,,,,,,,,,,,,,,
,,,,,,,,,,,,,,,,,,,,,,,,,,,,,,,,,,,,,,,,,,,
,,,,,,,,,,,,,,,,,,,,,,,,,,,,,,,,,,,,,,,,,,,
,,,,,,,,,,,,,,,,,,,,,,,,,,,,,,,,,,,,,,,,,,,
,,,,,,,,,,,,,,,,,,,,,,,,,,,,,,,,,,,,,,,,,,,
,,,,,,,,,,,,,,,,,,,,,,,,,,,,,,,,,,,,,,,,,,,
,,,,,,,,,,,,,,,,,,,,,,,,,,,,,,,,,,,,,,,,,,,
,,,,,,,,,,,,,,,,,,,,,,,,,,,,,,,,,,,,,,,,,,,
,,,,,,,,,,,,,,,,,,,,,,,,,,,,,,,,,,,,,,,,,,,
,,,,,,,,,,,,,,,,,,,,,,,,,,,,,,,,,,,,,,,,,,,
,,,,,,,,,,,,,,,,,,,,,,,,,,,,,,,,,,,,,,,,,,,
,,,,,,,,,,,,,,,,,,,,,,,,,,,,,,,,,,,,,,,,,,,
,,,,,,,,,,,,,,,,,,,,,,,,,,,,,,,,,,,,,,,,,,,
,,,,,,,,,,,,,,,,,,,,,,,,,,,,,,,,,,,,,,,,,,,
,,,,,,,,,,,,,,,,,,,,,,,,,,,,,,,,,,,,,,,,,,,
,,,,,,,,,,,,,,,,,,,,,,,,,,,,,,,,,,,,,,,,,,,
,,,,,,,,,,,,,,,,,,,,,,,,,,,,,,,,,,,,,,,,,,,
,,,,,,,,,,,,,,,,,,,,,,,,,,,,,,,,,,,,,,,,,,,
,,,,,,,,,,,,,,,,,,,,,,,,,,,,,,,,,,,,,,,,,,,
,,,,,,,,,,,,,,,,,,,,,,,,,,,,,,,,,,,,,,,,,,,
,,,,,,,,,,,,,,,,,,,,,,,,,,,,,,,,,,,,,,,,,,,
,,,,,,,,,,,,,,,,,,,,,,,,,,,,,,,,,,,,,,,,,,,
,,,,,,,,,,,,,,,,,,,,,,,,,,,,,,,,,,,,,,,,,,,
,,,,,,,,,,,,,,,,,,,,,,,,,,,,,,,,,,,,,,,,,,,
,,,,,,,,,,,,,,,,,,,,,,,,,,,,,,,,,,,,,,,,,,,
,,,,,,,,,,,,,,,,,,,,,,,,,,,,,,,,,,,,,,,,,,,
,,,,,,,,,,,,,,,,,,,,,,,,,,,,,,,,,,,,,,,,,,,
,,,,,,,,,,,,,,,,,,,,,,,,,,,,,,,,,,,,,,,,,,,
,,,,,,,,,,,,,,,,,,,,,,,,,,,,,,,,,,,,,,,,,,,
,,,,,,,,,,,,,,,,,,,,,,,,,,,,,,,,,,,,,,,,,,,
,,,,,,,,,,,,,,,,,,,,,,,,,,,,,,,,,,,,,,,,,,,
,,,,,,,,,,,,,,,,,,,,,,,,,,,,,,,,,,,,,,,,,,,
,,,,,,,,,,,,,,,,,,,,,,,,,,,,,,,,,,,,,,,,,,,
,,,,,,,,,,,,,,,,,,,,,,,,,,,,,,,,,,,,,,,,,,,
,,,,,,,,,,,,,,,,,,,,,,,,,,,,,,,,,,,,,,,,,,,
,,,,,,,,,,,,,,,,,,,,,,,,,,,,,,,,,,,,,,,,,,,
,,,,,,,,,,,,,,,,,,,,,,,,,,,,,,,,,,,,,,,,,,,
,,,,,,,,,,,,,,,,,,,,,,,,,,,,,,,,,,,,,,,,,,,
,,,,,,,,,,,,,,,,,,,,,,,,,,,,,,,,,,,,,,,,,,,
,,,,,,,,,,,,,,,,,,,,,,,,,,,,,,,,,,,,,,,,,,,
,,,,,,,,,,,,,,,,,,,,,,,,,,,,,,,,,,,,,,,,,,,
,,,,,,,,,,,,,,,,,,,,,,,,,,,,,,,,,,,,,,,,,,,
,,,,,,,,,,,,,,,,,,,,,,,,,,,,,,,,,,,,,,,,,,,
,,,,,,,,,,,,,,,,,,,,,,,,,,,,,,,,,,,,,,,,,,,
,,,,,,,,,,,,,,,,,,,,,,,,,,,,,,,,,,,,,,,,,,,
,,,,,,,,,,,,,,,,,,,,,,,,,,,,,,,,,,,,,,,,,,,
,,,,,,,,,,,,,,,,,,,,,,,,,,,,,,,,,,,,,,,,,,,
,,,,,,,,,,,,,,,,,,,,,,,,,,,,,,,,,,,,,,,,,,,
,,,,,,,,,,,,,,,,,,,,,,,,,,,,,,,,,,,,,,,,,,,
,,,,,,,,,,,,,,,,,,,,,,,,,,,,,,,,,,,,,,,,,,,
,,,,,,,,,,,,,,,,,,,,,,,,,,,,,,,,,,,,,,,,,,,
,,,,,,,,,,,,,,,,,,,,,,,,,,,,,,,,,,,,,,,,,,,
,,,,,,,,,,,,,,,,,,,,,,,,,,,,,,,,,,,,,,,,,,,
,,,,,,,,,,,,,,,,,,,,,,,,,,,,,,,,,,,,,,,,,,,
,,,,,,,,,,,,,,,,,,,,,,,,,,,,,,,,,,,,,,,,,,,
,,,,,,,,,,,,,,,,,,,,,,,,,,,,,,,,,,,,,,,,,,,
,,,,,,,,,,,,,,,,,,,,,,,,,,,,,,,,,,,,,,,,,,,
,,,,,,,,,,,,,,,,,,,,,,,,,,,,,,,,,,,,,,,,,,,
,,,,,,,,,,,,,,,,,,,,,,,,,,,,,,,,,,,,,,,,,,,
,,,,,,,,,,,,,,,,,,,,,,,,,,,,,,,,,,,,,,,,,,,
,,,,,,,,,,,,,,,,,,,,,,,,,,,,,,,,,,,,,,,,,,,
,,,,,,,,,,,,,,,,,,,,,,,,,,,,,,,,,,,,,,,,,,,
,,,,,,,,,,,,,,,,,,,,,,,,,,,,,,,,,,,,,,,,,,,
,,,,,,,,,,,,,,,,,,,,,,,,,,,,,,,,,,,,,,,,,,,
,,,,,,,,,,,,,,,,,,,,,,,,,,,,,,,,,,,,,,,,,,,
,,,,,,,,,,,,,,,,,,,,,,,,,,,,,,,,,,,,,,,,,,,
,,,,,,,,,,,,,,,,,,,,,,,,,,,,,,,,,,,,,,,,,,,
,,,,,,,,,,,,,,,,,,,,,,,,,,,,,,,,,,,,,,,,,,,
,,,,,,,,,,,,,,,,,,,,,,,,,,,,,,,,,,,,,,,,,,,
,,,,,,,,,,,,,,,,,,,,,,,,,,,,,,,,,,,,,,,,,,,
,,,,,,,,,,,,,,,,,,,,,,,,,,,,,,,,,,,,,,,,,,,
,,,,,,,,,,,,,,,,,,,,,,,,,,,,,,,,,,,,,,,,,,,
,,,,,,,,,,,,,,,,,,,,,,,,,,,,,,,,,,,,,,,,,,,
,,,,,,,,,,,,,,,,,,,,,,,,,,,,,,,,,,,,,,,,,,,
,,,,,,,,,,,,,,,,,,,,,,,,,,,,,,,,,,,,,,,,,,,
,,,,,,,,,,,,,,,,,,,,,,,,,,,,,,,,,,,,,,,,,,,
,,,,,,,,,,,,,,,,,,,,,,,,,,,,,,,,,,,,,,,,,,,
,,,,,,,,,,,,,,,,,,,,,,,,,,,,,,,,,,,,,,,,,,,
,,,,,,,,,,,,,,,,,,,,,,,,,,,,,,,,,,,,,,,,,,,
,,,,,,,,,,,,,,,,,,,,,,,,,,,,,,,,,,,,,,,,,,,
,,,,,,,,,,,,,,,,,,,,,,,,,,,,,,,,,,,,,,,,,,,
,,,,,,,,,,,,,,,,,,,,,,,,,,,,,,,,,,,,,,,,,,,
,,,,,,,,,,,,,,,,,,,,,,,,,,,,,,,,,,,,,,,,,,,
,,,,,,,,,,,,,,,,,,,,,,,,,,,,,,,,,,,,,,,,,,,
,,,,,,,,,,,,,,,,,,,,,,,,,,,,,,,,,,,,,,,,,,,
,,,,,,,,,,,,,,,,,,,,,,,,,,,,,,,,,,,,,,,,,,,
,,,,,,,,,,,,,,,,,,,,,,,,,,,,,,,,,,,,,,,,,,,
,,,,,,,,,,,,,,,,,,,,,,,,,,,,,,,,,,,,,,,,,,,
,,,,,,,,,,,,,,,,,,,,,,,,,,,,,,,,,,,,,,,,,,,
,,,,,,,,,,,,,,,,,,,,,,,,,,,,,,,,,,,,,,,,,,,
,,,,,,,,,,,,,,,,,,,,,,,,,,,,,,,,,,,,,,,,,,,
,,,,,,,,,,,,,,,,,,,,,,,,,,,,,,,,,,,,,,,,,,,
,,,,,,,,,,,,,,,,,,,,,,,,,,,,,,,,,,,,,,,,,,,
,,,,,,,,,,,,,,,,,,,,,,,,,,,,,,,,,,,,,,,,,,,
,,,,,,,,,,,,,,,,,,,,,,,,,,,,,,,,,,,,,,,,,,,
,,,,,,,,,,,,,,,,,,,,,,,,,,,,,,,,,,,,,,,,,,,
,,,,,,,,,,,,,,,,,,,,,,,,,,,,,,,,,,,,,,,,,,,
,,,,,,,,,,,,,,,,,,,,,,,,,,,,,,,,,,,,,,,,,,,
,,,,,,,,,,,,,,,,,,,,,,,,,,,,,,,,,,,,,,,,,,,
,,,,,,,,,,,,,,,,,,,,,,,,,,,,,,,,,,,,,,,,,,,
,,,,,,,,,,,,,,,,,,,,,,,,,,,,,,,,,,,,,,,,,,,
,,,,,,,,,,,,,,,,,,,,,,,,,,,,,,,,,,,,,,,,,,,
,,,,,,,,,,,,,,,,,,,,,,,,,,,,,,,,,,,,,,,,,,,
,,,,,,,,,,,,,,,,,,,,,,,,,,,,,,,,,,,,,,,,,,,
,,,,,,,,,,,,,,,,,,,,,,,,,,,,,,,,,,,,,,,,,,,
,,,,,,,,,,,,,,,,,,,,,,,,,,,,,,,,,,,,,,,,,,,
,,,,,,,,,,,,,,,,,,,,,,,,,,,,,,,,,,,,,,,,,,,
,,,,,,,,,,,,,,,,,,,,,,,,,,,,,,,,,,,,,,,,,,,
,,,,,,,,,,,,,,,,,,,,,,,,,,,,,,,,,,,,,,,,,,,
,,,,,,,,,,,,,,,,,,,,,,,,,,,,,,,,,,,,,,,,,,,
,,,,,,,,,,,,,,,,,,,,,,,,,,,,,,,,,,,,,,,,,,,
,,,,,,,,,,,,,,,,,,,,,,,,,,,,,,,,,,,,,,,,,,,
,,,,,,,,,,,,,,,,,,,,,,,,,,,,,,,,,,,,,,,,,,,
,,,,,,,,,,,,,,,,,,,,,,,,,,,,,,,,,,,,,,,,,,,
,,,,,,,,,,,,,,,,,,,,,,,,,,,,,,,,,,,,,,,,,,,
,,,,,,,,,,,,,,,,,,,,,,,,,,,,,,,,,,,,,,,,,,,
,,,,,,,,,,,,,,,,,,,,,,,,,,,,,,,,,,,,,,,,,,,
,,,,,,,,,,,,,,,,,,,,,,,,,,,,,,,,,,,,,,,,,,,
,,,,,,,,,,,,,,,,,,,,,,,,,,,,,,,,,,,,,,,,,,,
,,,,,,,,,,,,,,,,,,,,,,,,,,,,,,,,,,,,,,,,,,,
,,,,,,,,,,,,,,,,,,,,,,,,,,,,,,,,,,,,,,,,,,,
,,,,,,,,,,,,,,,,,,,,,,,,,,,,,,,,,,,,,,,,,,,
,,,,,,,,,,,,,,,,,,,,,,,,,,,,,,,,,,,,,,,,,,,
,,,,,,,,,,,,,,,,,,,,,,,,,,,,,,,,,,,,,,,,,,,
,,,,,,,,,,,,,,,,,,,,,,,,,,,,,,,,,,,,,,,,,,,
,,,,,,,,,,,,,,,,,,,,,,,,,,,,,,,,,,,,,,,,,,,
,,,,,,,,,,,,,,,,,,,,,,,,,,,,,,,,,,,,,,,,,,,
,,,,,,,,,,,,,,,,,,,,,,,,,,,,,,,,,,,,,,,,,,,
,,,,,,,,,,,,,,,,,,,,,,,,,,,,,,,,,,,,,,,,,,,
,,,,,,,,,,,,,,,,,,,,,,,,,,,,,,,,,,,,,,,,,,,
,,,,,,,,,,,,,,,,,,,,,,,,,,,,,,,,,,,,,,,,,,,
,,,,,,,,,,,,,,,,,,,,,,,,,,,,,,,,,,,,,,,,,,,
,,,,,,,,,,,,,,,,,,,,,,,,,,,,,,,,,,,,,,,,,,,
,,,,,,,,,,,,,,,,,,,,,,,,,,,,,,,,,,,,,,,,,,,
,,,,,,,,,,,,,,,,,,,,,,,,,,,,,,,,,,,,,,,,,,,
,,,,,,,,,,,,,,,,,,,,,,,,,,,,,,,,,,,,,,,,,,,
,,,,,,,,,,,,,,,,,,,,,,,,,,,,,,,,,,,,,,,,,,,
,,,,,,,,,,,,,,,,,,,,,,,,,,,,,,,,,,,,,,,,,,,
,,,,,,,,,,,,,,,,,,,,,,,,,,,,,,,,,,,,,,,,,,,
,,,,,,,,,,,,,,,,,,,,,,,,,,,,,,,,,,,,,,,,,,,
,,,,,,,,,,,,,,,,,,,,,,,,,,,,,,,,,,,,,,,,,,,
,,,,,,,,,,,,,,,,,,,,,,,,,,,,,,,,,,,,,,,,,,,
,,,,,,,,,,,,,,,,,,,,,,,,,,,,,,,,,,,,,,,,,,,
,,,,,,,,,,,,,,,,,,,,,,,,,,,,,,,,,,,,,,,,,,,
,,,,,,,,,,,,,,,,,,,,,,,,,,,,,,,,,,,,,,,,,,,
,,,,,,,,,,,,,,,,,,,,,,,,,,,,,,,,,,,,,,,,,,,
,,,,,,,,,,,,,,,,,,,,,,,,,,,,,,,,,,,,,,,,,,,
,,,,,,,,,,,,,,,,,,,,,,,,,,,,,,,,,,,,,,,,,,,
,,,,,,,,,,,,,,,,,,,,,,,,,,,,,,,,,,,,,,,,,,,
,,,,,,,,,,,,,,,,,,,,,,,,,,,,,,,,,,,,,,,,,,,
,,,,,,,,,,,,,,,,,,,,,,,,,,,,,,,,,,,,,,,,,,,
,,,,,,,,,,,,,,,,,,,,,,,,,,,,,,,,,,,,,,,,,,,
,,,,,,,,,,,,,,,,,,,,,,,,,,,,,,,,,,,,,,,,,,,
,,,,,,,,,,,,,,,,,,,,,,,,,,,,,,,,,,,,,,,,,,,
,,,,,,,,,,,,,,,,,,,,,,,,,,,,,,,,,,,,,,,,,,,
,,,,,,,,,,,,,,,,,,,,,,,,,,,,,,,,,,,,,,,,,,,
,,,,,,,,,,,,,,,,,,,,,,,,,,,,,,,,,,,,,,,,,,,
,,,,,,,,,,,,,,,,,,,,,,,,,,,,,,,,,,,,,,,,,,,
,,,,,,,,,,,,,,,,,,,,,,,,,,,,,,,,,,,,,,,,,,,
,,,,,,,,,,,,,,,,,,,,,,,,,,,,,,,,,,,,,,,,,,,
,,,,,,,,,,,,,,,,,,,,,,,,,,,,,,,,,,,,,,,,,,,
,,,,,,,,,,,,,,,,,,,,,,,,,,,,,,,,,,,,,,,,,,,
,,,,,,,,,,,,,,,,,,,,,,,,,,,,,,,,,,,,,,,,,,,
,,,,,,,,,,,,,,,,,,,,,,,,,,,,,,,,,,,,,,,,,,,
,,,,,,,,,,,,,,,,,,,,,,,,,,,,,,,,,,,,,,,,,,,
,,,,,,,,,,,,,,,,,,,,,,,,,,,,,,,,,,,,,,,,,,,
,,,,,,,,,,,,,,,,,,,,,,,,,,,,,,,,,,,,,,,,,,,
,,,,,,,,,,,,,,,,,,,,,,,,,,,,,,,,,,,,,,,,,,,
,,,,,,,,,,,,,,,,,,,,,,,,,,,,,,,,,,,,,,,,,,,
,,,,,,,,,,,,,,,,,,,,,,,,,,,,,,,,,,,,,,,,,,,
,,,,,,,,,,,,,,,,,,,,,,,,,,,,,,,,,,,,,,,,,,,
,,,,,,,,,,,,,,,,,,,,,,,,,,,,,,,,,,,,,,,,,,,
,,,,,,,,,,,,,,,,,,,,,,,,,,,,,,,,,,,,,,,,,,,
,,,,,,,,,,,,,,,,,,,,,,,,,,,,,,,,,,,,,,,,,,,
,,,,,,,,,,,,,,,,,,,,,,,,,,,,,,,,,,,,,,,,,,,
,,,,,,,,,,,,,,,,,,,,,,,,,,,,,,,,,,,,,,,,,,,
,,,,,,,,,,,,,,,,,,,,,,,,,,,,,,,,,,,,,,,,,,,
,,,,,,,,,,,,,,,,,,,,,,,,,,,,,,,,,,,,,,,,,,,
,,,,,,,,,,,,,,,,,,,,,,,,,,,,,,,,,,,,,,,,,,,
,,,,,,,,,,,,,,,,,,,,,,,,,,,,,,,,,,,,,,,,,,,
,,,,,,,,,,,,,,,,,,,,,,,,,,,,,,,,,,,,,,,,,,,
,,,,,,,,,,,,,,,,,,,,,,,,,,,,,,,,,,,,,,,,,,,
,,,,,,,,,,,,,,,,,,,,,,,,,,,,,,,,,,,,,,,,,,,
,,,,,,,,,,,,,,,,,,,,,,,,,,,,,,,,,,,,,,,,,,,
,,,,,,,,,,,,,,,,,,,,,,,,,,,,,,,,,,,,,,,,,,,
,,,,,,,,,,,,,,,,,,,,,,,,,,,,,,,,,,,,,,,,,,,
,,,,,,,,,,,,,,,,,,,,,,,,,,,,,,,,,,,,,,,,,,,
,,,,,,,,,,,,,,,,,,,,,,,,,,,,,,,,,,,,,,,,,,,
,,,,,,,,,,,,,,,,,,,,,,,,,,,,,,,,,,,,,,,,,,,
,,,,,,,,,,,,,,,,,,,,,,,,,,,,,,,,,,,,,,,,,,,
,,,,,,,,,,,,,,,,,,,,,,,,,,,,,,,,,,,,,,,,,,,
,,,,,,,,,,,,,,,,,,,,,,,,,,,,,,,,,,,,,,,,,,,
,,,,,,,,,,,,,,,,,,,,,,,,,,,,,,,,,,,,,,,,,,,
,,,,,,,,,,,,,,,,,,,,,,,,,,,,,,,,,,,,,,,,,,,
,,,,,,,,,,,,,,,,,,,,,,,,,,,,,,,,,,,,,,,,,,,
,,,,,,,,,,,,,,,,,,,,,,,,,,,,,,,,,,,,,,,,,,,
,,,,,,,,,,,,,,,,,,,,,,,,,,,,,,,,,,,,,,,,,,,
,,,,,,,,,,,,,,,,,,,,,,,,,,,,,,,,,,,,,,,,,,,
,,,,,,,,,,,,,,,,,,,,,,,,,,,,,,,,,,,,,,,,,,,
,,,,,,,,,,,,,,,,,,,,,,,,,,,,,,,,,,,,,,,,,,,
,,,,,,,,,,,,,,,,,,,,,,,,,,,,,,,,,,,,,,,,,,,
,,,,,,,,,,,,,,,,,,,,,,,,,,,,,,,,,,,,,,,,,,,
,,,,,,,,,,,,,,,,,,,,,,,,,,,,,,,,,,,,,,,,,,,
,,,,,,,,,,,,,,,,,,,,,,,,,,,,,,,,,,,,,,,,,,,
,,,,,,,,,,,,,,,,,,,,,,,,,,,,,,,,,,,,,,,,,,,
,,,,,,,,,,,,,,,,,,,,,,,,,,,,,,,,,,,,,,,,,,,
,,,,,,,,,,,,,,,,,,,,,,,,,,,,,,,,,,,,,,,,,,,
,,,,,,,,,,,,,,,,,,,,,,,,,,,,,,,,,,,,,,,,,,,
,,,,,,,,,,,,,,,,,,,,,,,,,,,,,,,,,,,,,,,,,,,
,,,,,,,,,,,,,,,,,,,,,,,,,,,,,,,,,,,,,,,,,,,
,,,,,,,,,,,,,,,,,,,,,,,,,,,,,,,,,,,,,,,,,,,
,,,,,,,,,,,,,,,,,,,,,,,,,,,,,,,,,,,,,,,,,,,
,,,,,,,,,,,,,,,,,,,,,,,,,,,,,,,,,,,,,,,,,,,
,,,,,,,,,,,,,,,,,,,,,,,,,,,,,,,,,,,,,,,,,,,
,,,,,,,,,,,,,,,,,,,,,,,,,,,,,,,,,,,,,,,,,,,
,,,,,,,,,,,,,,,,,,,,,,,,,,,,,,,,,,,,,,,,,,,
,,,,,,,,,,,,,,,,,,,,,,,,,,,,,,,,,,,,,,,,,,,
,,,,,,,,,,,,,,,,,,,,,,,,,,,,,,,,,,,,,,,,,,,
,,,,,,,,,,,,,,,,,,,,,,,,,,,,,,,,,,,,,,,,,,,
,,,,,,,,,,,,,,,,,,,,,,,,,,,,,,,,,,,,,,,,,,,
,,,,,,,,,,,,,,,,,,,,,,,,,,,,,,,,,,,,,,,,,,,
,,,,,,,,,,,,,,,,,,,,,,,,,,,,,,,,,,,,,,,,,,,
,,,,,,,,,,,,,,,,,,,,,,,,,,,,,,,,,,,,,,,,,,,
,,,,,,,,,,,,,,,,,,,,,,,,,,,,,,,,,,,,,,,,,,,
,,,,,,,,,,,,,,,,,,,,,,,,,,,,,,,,,,,,,,,,,,,
,,,,,,,,,,,,,,,,,,,,,,,,,,,,,,,,,,,,,,,,,,,
,,,,,,,,,,,,,,,,,,,,,,,,,,,,,,,,,,,,,,,,,,,
,,,,,,,,,,,,,,,,,,,,,,,,,,,,,,,,,,,,,,,,,,,
,,,,,,,,,,,,,,,,,,,,,,,,,,,,,,,,,,,,,,,,,,,
,,,,,,,,,,,,,,,,,,,,,,,,,,,,,,,,,,,,,,,,,,,
,,,,,,,,,,,,,,,,,,,,,,,,,,,,,,,,,,,,,,,,,,,
,,,,,,,,,,,,,,,,,,,,,,,,,,,,,,,,,,,,,,,,,,,
,,,,,,,,,,,,,,,,,,,,,,,,,,,,,,,,,,,,,,,,,,,
,,,,,,,,,,,,,,,,,,,,,,,,,,,,,,,,,,,,,,,,,,,
,,,,,,,,,,,,,,,,,,,,,,,,,,,,,,,,,,,,,,,,,,,
,,,,,,,,,,,,,,,,,,,,,,,,,,,,,,,,,,,,,,,,,,,
,,,,,,,,,,,,,,,,,,,,,,,,,,,,,,,,,,,,,,,,,,,
,,,,,,,,,,,,,,,,,,,,,,,,,,,,,,,,,,,,,,,,,,,
,,,,,,,,,,,,,,,,,,,,,,,,,,,,,,,,,,,,,,,,,,,
,,,,,,,,,,,,,,,,,,,,,,,,,,,,,,,,,,,,,,,,,,,
,,,,,,,,,,,,,,,,,,,,,,,,,,,,,,,,,,,,,,,,,,,
,,,,,,,,,,,,,,,,,,,,,,,,,,,,,,,,,,,,,,,,,,,
,,,,,,,,,,,,,,,,,,,,,,,,,,,,,,,,,,,,,,,,,,,
,,,,,,,,,,,,,,,,,,,,,,,,,,,,,,,,,,,,,,,,,,,
,,,,,,,,,,,,,,,,,,,,,,,,,,,,,,,,,,,,,,,,,,,
,,,,,,,,,,,,,,,,,,,,,,,,,,,,,,,,,,,,,,,,,,,
,,,,,,,,,,,,,,,,,,,,,,,,,,,,,,,,,,,,,,,,,,,
,,,,,,,,,,,,,,,,,,,,,,,,,,,,,,,,,,,,,,,,,,,
,,,,,,,,,,,,,,,,,,,,,,,,,,,,,,,,,,,,,,,,,,,
,,,,,,,,,,,,,,,,,,,,,,,,,,,,,,,,,,,,,,,,,,,
,,,,,,,,,,,,,,,,,,,,,,,,,,,,,,,,,,,,,,,,,,,
,,,,,,,,,,,,,,,,,,,,,,,,,,,,,,,,,,,,,,,,,,,
,,,,,,,,,,,,,,,,,,,,,,,,,,,,,,,,,,,,,,,,,,,
,,,,,,,,,,,,,,,,,,,,,,,,,,,,,,,,,,,,,,,,,,,
,,,,,,,,,,,,,,,,,,,,,,,,,,,,,,,,,,,,,,,,,,,
,,,,,,,,,,,,,,,,,,,,,,,,,,,,,,,,,,,,,,,,,,,
,,,,,,,,,,,,,,,,,,,,,,,,,,,,,,,,,,,,,,,,,,,
,,,,,,,,,,,,,,,,,,,,,,,,,,,,,,,,,,,,,,,,,,,
,,,,,,,,,,,,,,,,,,,,,,,,,,,,,,,,,,,,,,,,,,,
,,,,,,,,,,,,,,,,,,,,,,,,,,,,,,,,,,,,,,,,,,,
,,,,,,,,,,,,,,,,,,,,,,,,,,,,,,,,,,,,,,,,,,,
,,,,,,,,,,,,,,,,,,,,,,,,,,,,,,,,,,,,,,,,,,,
,,,,,,,,,,,,,,,,,,,,,,,,,,,,,,,,,,,,,,,,,,,
,,,,,,,,,,,,,,,,,,,,,,,,,,,,,,,,,,,,,,,,,,,
,,,,,,,,,,,,,,,,,,,,,,,,,,,,,,,,,,,,,,,,,,,
,,,,,,,,,,,,,,,,,,,,,,,,,,,,,,,,,,,,,,,,,,,
,,,,,,,,,,,,,,,,,,,,,,,,,,,,,,,,,,,,,,,,,,,
,,,,,,,,,,,,,,,,,,,,,,,,,,,,,,,,,,,,,,,,,,,
,,,,,,,,,,,,,,,,,,,,,,,,,,,,,,,,,,,,,,,,,,,
,,,,,,,,,,,,,,,,,,,,,,,,,,,,,,,,,,,,,,,,,,,
,,,,,,,,,,,,,,,,,,,,,,,,,,,,,,,,,,,,,,,,,,,
,,,,,,,,,,,,,,,,,,,,,,,,,,,,,,,,,,,,,,,,,,,
,,,,,,,,,,,,,,,,,,,,,,,,,,,,,,,,,,,,,,,,,,,
,,,,,,,,,,,,,,,,,,,,,,,,,,,,,,,,,,,,,,,,,,,
,,,,,,,,,,,,,,,,,,,,,,,,,,,,,,,,,,,,,,,,,,,
,,,,,,,,,,,,,,,,,,,,,,,,,,,,,,,,,,,,,,,,,,,
,,,,,,,,,,,,,,,,,,,,,,,,,,,,,,,,,,,,,,,,,,,
,,,,,,,,,,,,,,,,,,,,,,,,,,,,,,,,,,,,,,,,,,,
,,,,,,,,,,,,,,,,,,,,,,,,,,,,,,,,,,,,,,,,,,,
,,,,,,,,,,,,,,,,,,,,,,,,,,,,,,,,,,,,,,,,,,,
,,,,,,,,,,,,,,,,,,,,,,,,,,,,,,,,,,,,,,,,,,,
,,,,,,,,,,,,,,,,,,,,,,,,,,,,,,,,,,,,,,,,,,,
,,,,,,,,,,,,,,,,,,,,,,,,,,,,,,,,,,,,,,,,,,,
,,,,,,,,,,,,,,,,,,,,,,,,,,,,,,,,,,,,,,,,,,,
,,,,,,,,,,,,,,,,,,,,,,,,,,,,,,,,,,,,,,,,,,,
,,,,,,,,,,,,,,,,,,,,,,,,,,,,,,,,,,,,,,,,,,,
,,,,,,,,,,,,,,,,,,,,,,,,,,,,,,,,,,,,,,,,,,,
,,,,,,,,,,,,,,,,,,,,,,,,,,,,,,,,,,,,,,,,,,,
,,,,,,,,,,,,,,,,,,,,,,,,,,,,,,,,,,,,,,,,,,,
,,,,,,,,,,,,,,,,,,,,,,,,,,,,,,,,,,,,,,,,,,,
,,,,,,,,,,,,,,,,,,,,,,,,,,,,,,,,,,,,,,,,,,,
,,,,,,,,,,,,,,,,,,,,,,,,,,,,,,,,,,,,,,,,,,,
,,,,,,,,,,,,,,,,,,,,,,,,,,,,,,,,,,,,,,,,,,,
,,,,,,,,,,,,,,,,,,,,,,,,,,,,,,,,,,,,,,,,,,,
,,,,,,,,,,,,,,,,,,,,,,,,,,,,,,,,,,,,,,,,,,,
,,,,,,,,,,,,,,,,,,,,,,,,,,,,,,,,,,,,,,,,,,,
,,,,,,,,,,,,,,,,,,,,,,,,,,,,,,,,,,,,,,,,,,,
,,,,,,,,,,,,,,,,,,,,,,,,,,,,,,,,,,,,,,,,,,,
,,,,,,,,,,,,,,,,,,,,,,,,,,,,,,,,,,,,,,,,,,,
,,,,,,,,,,,,,,,,,,,,,,,,,,,,,,,,,,,,,,,,,,,
,,,,,,,,,,,,,,,,,,,,,,,,,,,,,,,,,,,,,,,,,,,
,,,,,,,,,,,,,,,,,,,,,,,,,,,,,,,,,,,,,,,,,,,
,,,,,,,,,,,,,,,,,,,,,,,,,,,,,,,,,,,,,,,,,,,
,,,,,,,,,,,,,,,,,,,,,,,,,,,,,,,,,,,,,,,,,,,
,,,,,,,,,,,,,,,,,,,,,,,,,,,,,,,,,,,,,,,,,,,
,,,,,,,,,,,,,,,,,,,,,,,,,,,,,,,,,,,,,,,,,,,
,,,,,,,,,,,,,,,,,,,,,,,,,,,,,,,,,,,,,,,,,,,
,,,,,,,,,,,,,,,,,,,,,,,,,,,,,,,,,,,,,,,,,,,
,,,,,,,,,,,,,,,,,,,,,,,,,,,,,,,,,,,,,,,,,,,
,,,,,,,,,,,,,,,,,,,,,,,,,,,,,,,,,,,,,,,,,,,
,,,,,,,,,,,,,,,,,,,,,,,,,,,,,,,,,,,,,,,,,,,
,,,,,,,,,,,,,,,,,,,,,,,,,,,,,,,,,,,,,,,,,,,
,,,,,,,,,,,,,,,,,,,,,,,,,,,,,,,,,,,,,,,,,,,
,,,,,,,,,,,,,,,,,,,,,,,,,,,,,,,,,,,,,,,,,,,
,,,,,,,,,,,,,,,,,,,,,,,,,,,,,,,,,,,,,,,,,,,
,,,,,,,,,,,,,,,,,,,,,,,,,,,,,,,,,,,,,,,,,,,
,,,,,,,,,,,,,,,,,,,,,,,,,,,,,,,,,,,,,,,,,,,
,,,,,,,,,,,,,,,,,,,,,,,,,,,,,,,,,,,,,,,,,,,
,,,,,,,,,,,,,,,,,,,,,,,,,,,,,,,,,,,,,,,,,,,
,,,,,,,,,,,,,,,,,,,,,,,,,,,,,,,,,,,,,,,,,,,
,,,,,,,,,,,,,,,,,,,,,,,,,,,,,,,,,,,,,,,,,,,
,,,,,,,,,,,,,,,,,,,,,,,,,,,,,,,,,,,,,,,,,,,
,,,,,,,,,,,,,,,,,,,,,,,,,,,,,,,,,,,,,,,,,,,
,,,,,,,,,,,,,,,,,,,,,,,,,,,,,,,,,,,,,,,,,,,
,,,,,,,,,,,,,,,,,,,,,,,,,,,,,,,,,,,,,,,,,,,
,,,,,,,,,,,,,,,,,,,,,,,,,,,,,,,,,,,,,,,,,,,
,,,,,,,,,,,,,,,,,,,,,,,,,,,,,,,,,,,,,,,,,,,
,,,,,,,,,,,,,,,,,,,,,,,,,,,,,,,,,,,,,,,,,,,
,,,,,,,,,,,,,,,,,,,,,,,,,,,,,,,,,,,,,,,,,,,
,,,,,,,,,,,,,,,,,,,,,,,,,,,,,,,,,,,,,,,,,,,
,,,,,,,,,,,,,,,,,,,,,,,,,,,,,,,,,,,,,,,,,,,
,,,,,,,,,,,,,,,,,,,,,,,,,,,,,,,,,,,,,,,,,,,
,,,,,,,,,,,,,,,,,,,,,,,,,,,,,,,,,,,,,,,,,,,
,,,,,,,,,,,,,,,,,,,,,,,,,,,,,,,,,,,,,,,,,,,
,,,,,,,,,,,,,,,,,,,,,,,,,,,,,,,,,,,,,,,,,,,
,,,,,,,,,,,,,,,,,,,,,,,,,,,,,,,,,,,,,,,,,,,
,,,,,,,,,,,,,,,,,,,,,,,,,,,,,,,,,,,,,,,,,,,
,,,,,,,,,,,,,,,,,,,,,,,,,,,,,,,,,,,,,,,,,,,
,,,,,,,,,,,,,,,,,,,,,,,,,,,,,,,,,,,,,,,,,,,
,,,,,,,,,,,,,,,,,,,,,,,,,,,,,,,,,,,,,,,,,,,
,,,,,,,,,,,,,,,,,,,,,,,,,,,,,,,,,,,,,,,,,,,
,,,,,,,,,,,,,,,,,,,,,,,,,,,,,,,,,,,,,,,,,,,
,,,,,,,,,,,,,,,,,,,,,,,,,,,,,,,,,,,,,,,,,,,
,,,,,,,,,,,,,,,,,,,,,,,,,,,,,,,,,,,,,,,,,,,
,,,,,,,,,,,,,,,,,,,,,,,,,,,,,,,,,,,,,,,,,,,
,,,,,,,,,,,,,,,,,,,,,,,,,,,,,,,,,,,,,,,,,,,
,,,,,,,,,,,,,,,,,,,,,,,,,,,,,,,,,,,,,,,,,,,
,,,,,,,,,,,,,,,,,,,,,,,,,,,,,,,,,,,,,,,,,,,
,,,,,,,,,,,,,,,,,,,,,,,,,,,,,,,,,,,,,,,,,,,
,,,,,,,,,,,,,,,,,,,,,,,,,,,,,,,,,,,,,,,,,,,
,,,,,,,,,,,,,,,,,,,,,,,,,,,,,,,,,,,,,,,,,,,
,,,,,,,,,,,,,,,,,,,,,,,,,,,,,,,,,,,,,,,,,,,
,,,,,,,,,,,,,,,,,,,,,,,,,,,,,,,,,,,,,,,,,,,
,,,,,,,,,,,,,,,,,,,,,,,,,,,,,,,,,,,,,,,,,,,
,,,,,,,,,,,,,,,,,,,,,,,,,,,,,,,,,,,,,,,,,,,
,,,,,,,,,,,,,,,,,,,,,,,,,,,,,,,,,,,,,,,,,,,
,,,,,,,,,,,,,,,,,,,,,,,,,,,,,,,,,,,,,,,,,,,
,,,,,,,,,,,,,,,,,,,,,,,,,,,,,,,,,,,,,,,,,,,
,,,,,,,,,,,,,,,,,,,,,,,,,,,,,,,,,,,,,,,,,,,
,,,,,,,,,,,,,,,,,,,,,,,,,,,,,,,,,,,,,,,,,,,
,,,,,,,,,,,,,,,,,,,,,,,,,,,,,,,,,,,,,,,,,,,
,,,,,,,,,,,,,,,,,,,,,,,,,,,,,,,,,,,,,,,,,,,
,,,,,,,,,,,,,,,,,,,,,,,,,,,,,,,,,,,,,,,,,,,
,,,,,,,,,,,,,,,,,,,,,,,,,,,,,,,,,,,,,,,,,,,
,,,,,,,,,,,,,,,,,,,,,,,,,,,,,,,,,,,,,,,,,,,
,,,,,,,,,,,,,,,,,,,,,,,,,,,,,,,,,,,,,,,,,,,
,,,,,,,,,,,,,,,,,,,,,,,,,,,,,,,,,,,,,,,,,,,
,,,,,,,,,,,,,,,,,,,,,,,,,,,,,,,,,,,,,,,,,,,
,,,,,,,,,,,,,,,,,,,,,,,,,,,,,,,,,,,,,,,,,,,
,,,,,,,,,,,,,,,,,,,,,,,,,,,,,,,,,,,,,,,,,,,
,,,,,,,,,,,,,,,,,,,,,,,,,,,,,,,,,,,,,,,,,,,
,,,,,,,,,,,,,,,,,,,,,,,,,,,,,,,,,,,,,,,,,,,
,,,,,,,,,,,,,,,,,,,,,,,,,,,,,,,,,,,,,,,,,,,
,,,,,,,,,,,,,,,,,,,,,,,,,,,,,,,,,,,,,,,,,,,
,,,,,,,,,,,,,,,,,,,,,,,,,,,,,,,,,,,,,,,,,,,
,,,,,,,,,,,,,,,,,,,,,,,,,,,,,,,,,,,,,,,,,,,
,,,,,,,,,,,,,,,,,,,,,,,,,,,,,,,,,,,,,,,,,,,
,,,,,,,,,,,,,,,,,,,,,,,,,,,,,,,,,,,,,,,,,,,
,,,,,,,,,,,,,,,,,,,,,,,,,,,,,,,,,,,,,,,,,,,
,,,,,,,,,,,,,,,,,,,,,,,,,,,,,,,,,,,,,,,,,,,
,,,,,,,,,,,,,,,,,,,,,,,,,,,,,,,,,,,,,,,,,,,
,,,,,,,,,,,,,,,,,,,,,,,,,,,,,,,,,,,,,,,,,,,
,,,,,,,,,,,,,,,,,,,,,,,,,,,,,,,,,,,,,,,,,,,
,,,,,,,,,,,,,,,,,,,,,,,,,,,,,,,,,,,,,,,,,,,
,,,,,,,,,,,,,,,,,,,,,,,,,,,,,,,,,,,,,,,,,,,
,,,,,,,,,,,,,,,,,,,,,,,,,,,,,,,,,,,,,,,,,,,
,,,,,,,,,,,,,,,,,,,,,,,,,,,,,,,,,,,,,,,,,,,
,,,,,,,,,,,,,,,,,,,,,,,,,,,,,,,,,,,,,,,,,,,
,,,,,,,,,,,,,,,,,,,,,,,,,,,,,,,,,,,,,,,,,,,
,,,,,,,,,,,,,,,,,,,,,,,,,,,,,,,,,,,,,,,,,,,
,,,,,,,,,,,,,,,,,,,,,,,,,,,,,,,,,,,,,,,,,,,
,,,,,,,,,,,,,,,,,,,,,,,,,,,,,,,,,,,,,,,,,,,
,,,,,,,,,,,,,,,,,,,,,,,,,,,,,,,,,,,,,,,,,,,
,,,,,,,,,,,,,,,,,,,,,,,,,,,,,,,,,,,,,,,,,,,
,,,,,,,,,,,,,,,,,,,,,,,,,,,,,,,,,,,,,,,,,,,
,,,,,,,,,,,,,,,,,,,,,,,,,,,,,,,,,,,,,,,,,,,
,,,,,,,,,,,,,,,,,,,,,,,,,,,,,,,,,,,,,,,,,,,
,,,,,,,,,,,,,,,,,,,,,,,,,,,,,,,,,,,,,,,,,,,
,,,,,,,,,,,,,,,,,,,,,,,,,,,,,,,,,,,,,,,,,,,
,,,,,,,,,,,,,,,,,,,,,,,,,,,,,,,,,,,,,,,,,,,
,,,,,,,,,,,,,,,,,,,,,,,,,,,,,,,,,,,,,,,,,,,
,,,,,,,,,,,,,,,,,,,,,,,,,,,,,,,,,,,,,,,,,,,
,,,,,,,,,,,,,,,,,,,,,,,,,,,,,,,,,,,,,,,,,,,
,,,,,,,,,,,,,,,,,,,,,,,,,,,,,,,,,,,,,,,,,,,
,,,,,,,,,,,,,,,,,,,,,,,,,,,,,,,,,,,,,,,,,,,
,,,,,,,,,,,,,,,,,,,,,,,,,,,,,,,,,,,,,,,,,,,
,,,,,,,,,,,,,,,,,,,,,,,,,,,,,,,,,,,,,,,,,,,
,,,,,,,,,,,,,,,,,,,,,,,,,,,,,,,,,,,,,,,,,,,
,,,,,,,,,,,,,,,,,,,,,,,,,,,,,,,,,,,,,,,,,,,
,,,,,,,,,,,,,,,,,,,,,,,,,,,,,,,,,,,,,,,,,,,
,,,,,,,,,,,,,,,,,,,,,,,,,,,,,,,,,,,,,,,,,,,
,,,,,,,,,,,,,,,,,,,,,,,,,,,,,,,,,,,,,,,,,,,
,,,,,,,,,,,,,,,,,,,,,,,,,,,,,,,,,,,,,,,,,,,
,,,,,,,,,,,,,,,,,,,,,,,,,,,,,,,,,,,,,,,,,,,
,,,,,,,,,,,,,,,,,,,,,,,,,,,,,,,,,,,,,,,,,,,
,,,,,,,,,,,,,,,,,,,,,,,,,,,,,,,,,,,,,,,,,,,
,,,,,,,,,,,,,,,,,,,,,,,,,,,,,,,,,,,,,,,,,,,
,,,,,,,,,,,,,,,,,,,,,,,,,,,,,,,,,,,,,,,,,,,
,,,,,,,,,,,,,,,,,,,,,,,,,,,,,,,,,,,,,,,,,,,
,,,,,,,,,,,,,,,,,,,,,,,,,,,,,,,,,,,,,,,,,,,
,,,,,,,,,,,,,,,,,,,,,,,,,,,,,,,,,,,,,,,,,,,
,,,,,,,,,,,,,,,,,,,,,,,,,,,,,,,,,,,,,,,,,,,
,,,,,,,,,,,,,,,,,,,,,,,,,,,,,,,,,,,,,,,,,,,
,,,,,,,,,,,,,,,,,,,,,,,,,,,,,,,,,,,,,,,,,,,
,,,,,,,,,,,,,,,,,,,,,,,,,,,,,,,,,,,,,,,,,,,
,,,,,,,,,,,,,,,,,,,,,,,,,,,,,,,,,,,,,,,,,,,
,,,,,,,,,,,,,,,,,,,,,,,,,,,,,,,,,,,,,,,,,,,
,,,,,,,,,,,,,,,,,,,,,,,,,,,,,,,,,,,,,,,,,,,
,,,,,,,,,,,,,,,,,,,,,,,,,,,,,,,,,,,,,,,,,,,
,,,,,,,,,,,,,,,,,,,,,,,,,,,,,,,,,,,,,,,,,,,
,,,,,,,,,,,,,,,,,,,,,,,,,,,,,,,,,,,,,,,,,,,
,,,,,,,,,,,,,,,,,,,,,,,,,,,,,,,,,,,,,,,,,,,
,,,,,,,,,,,,,,,,,,,,,,,,,,,,,,,,,,,,,,,,,,,
,,,,,,,,,,,,,,,,,,,,,,,,,,,,,,,,,,,,,,,,,,,
,,,,,,,,,,,,,,,,,,,,,,,,,,,,,,,,,,,,,,,,,,,
,,,,,,,,,,,,,,,,,,,,,,,,,,,,,,,,,,,,,,,,,,,
,,,,,,,,,,,,,,,,,,,,,,,,,,,,,,,,,,,,,,,,,,,
,,,,,,,,,,,,,,,,,,,,,,,,,,,,,,,,,,,,,,,,,,,
,,,,,,,,,,,,,,,,,,,,,,,,,,,,,,,,,,,,,,,,,,,
,,,,,,,,,,,,,,,,,,,,,,,,,,,,,,,,,,,,,,,,,,,
,,,,,,,,,,,,,,,,,,,,,,,,,,,,,,,,,,,,,,,,,,,
,,,,,,,,,,,,,,,,,,,,,,,,,,,,,,,,,,,,,,,,,,,
,,,,,,,,,,,,,,,,,,,,,,,,,,,,,,,,,,,,,,,,,,,
,,,,,,,,,,,,,,,,,,,,,,,,,,,,,,,,,,,,,,,,,,,
,,,,,,,,,,,,,,,,,,,,,,,,,,,,,,,,,,,,,,,,,,,
,,,,,,,,,,,,,,,,,,,,,,,,,,,,,,,,,,,,,,,,,,,
,,,,,,,,,,,,,,,,,,,,,,,,,,,,,,,,,,,,,,,,,,,
,,,,,,,,,,,,,,,,,,,,,,,,,,,,,,,,,,,,,,,,,,,
,,,,,,,,,,,,,,,,,,,,,,,,,,,,,,,,,,,,,,,,,,,
,,,,,,,,,,,,,,,,,,,,,,,,,,,,,,,,,,,,,,,,,,,
,,,,,,,,,,,,,,,,,,,,,,,,,,,,,,,,,,,,,,,,,,,
,,,,,,,,,,,,,,,,,,,,,,,,,,,,,,,,,,,,,,,,,,,
,,,,,,,,,,,,,,,,,,,,,,,,,,,,,,,,,,,,,,,,,,,
,,,,,,,,,,,,,,,,,,,,,,,,,,,,,,,,,,,,,,,,,,,
,,,,,,,,,,,,,,,,,,,,,,,,,,,,,,,,,,,,,,,,,,,
,,,,,,,,,,,,,,,,,,,,,,,,,,,,,,,,,,,,,,,,,,,
,,,,,,,,,,,,,,,,,,,,,,,,,,,,,,,,,,,,,,,,,,,
,,,,,,,,,,,,,,,,,,,,,,,,,,,,,,,,,,,,,,,,,,,
,,,,,,,,,,,,,,,,,,,,,,,,,,,,,,,,,,,,,,,,,,,
,,,,,,,,,,,,,,,,,,,,,,,,,,,,,,,,,,,,,,,,,,,
,,,,,,,,,,,,,,,,,,,,,,,,,,,,,,,,,,,,,,,,,,,
,,,,,,,,,,,,,,,,,,,,,,,,,,,,,,,,,,,,,,,,,,,
,,,,,,,,,,,,,,,,,,,,,,,,,,,,,,,,,,,,,,,,,,,
,,,,,,,,,,,,,,,,,,,,,,,,,,,,,,,,,,,,,,,,,,,
,,,,,,,,,,,,,,,,,,,,,,,,,,,,,,,,,,,,,,,,,,,
,,,,,,,,,,,,,,,,,,,,,,,,,,,,,,,,,,,,,,,,,,,
,,,,,,,,,,,,,,,,,,,,,,,,,,,,,,,,,,,,,,,,,,,
,,,,,,,,,,,,,,,,,,,,,,,,,,,,,,,,,,,,,,,,,,,
,,,,,,,,,,,,,,,,,,,,,,,,,,,,,,,,,,,,,,,,,,,
,,,,,,,,,,,,,,,,,,,,,,,,,,,,,,,,,,,,,,,,,,,
,,,,,,,,,,,,,,,,,,,,,,,,,,,,,,,,,,,,,,,,,,,
,,,,,,,,,,,,,,,,,,,,,,,,,,,,,,,,,,,,,,,,,,,
,,,,,,,,,,,,,,,,,,,,,,,,,,,,,,,,,,,,,,,,,,,
,,,,,,,,,,,,,,,,,,,,,,,,,,,,,,,,,,,,,,,,,,,
,,,,,,,,,,,,,,,,,,,,,,,,,,,,,,,,,,,,,,,,,,,
,,,,,,,,,,,,,,,,,,,,,,,,,,,,,,,,,,,,,,,,,,,
,,,,,,,,,,,,,,,,,,,,,,,,,,,,,,,,,,,,,,,,,,,
,,,,,,,,,,,,,,,,,,,,,,,,,,,,,,,,,,,,,,,,,,,
,,,,,,,,,,,,,,,,,,,,,,,,,,,,,,,,,,,,,,,,,,,
,,,,,,,,,,,,,,,,,,,,,,,,,,,,,,,,,,,,,,,,,,,
,,,,,,,,,,,,,,,,,,,,,,,,,,,,,,,,,,,,,,,,,,,
,,,,,,,,,,,,,,,,,,,,,,,,,,,,,,,,,,,,,,,,,,,
,,,,,,,,,,,,,,,,,,,,,,,,,,,,,,,,,,,,,,,,,,,
,,,,,,,,,,,,,,,,,,,,,,,,,,,,,,,,,,,,,,,,,,,
,,,,,,,,,,,,,,,,,,,,,,,,,,,,,,,,,,,,,,,,,,,
,,,,,,,,,,,,,,,,,,,,,,,,,,,,,,,,,,,,,,,,,,,
,,,,,,,,,,,,,,,,,,,,,,,,,,,,,,,,,,,,,,,,,,,
,,,,,,,,,,,,,,,,,,,,,,,,,,,,,,,,,,,,,,,,,,,
,,,,,,,,,,,,,,,,,,,,,,,,,,,,,,,,,,,,,,,,,,,
,,,,,,,,,,,,,,,,,,,,,,,,,,,,,,,,,,,,,,,,,,,
,,,,,,,,,,,,,,,,,,,,,,,,,,,,,,,,,,,,,,,,,,,
,,,,,,,,,,,,,,,,,,,,,,,,,,,,,,,,,,,,,,,,,,,
,,,,,,,,,,,,,,,,,,,,,,,,,,,,,,,,,,,,,,,,,,,
,,,,,,,,,,,,,,,,,,,,,,,,,,,,,,,,,,,,,,,,,,,
,,,,,,,,,,,,,,,,,,,,,,,,,,,,,,,,,,,,,,,,,,,
,,,,,,,,,,,,,,,,,,,,,,,,,,,,,,,,,,,,,,,,,,,
,,,,,,,,,,,,,,,,,,,,,,,,,,,,,,,,,,,,,,,,,,,
,,,,,,,,,,,,,,,,,,,,,,,,,,,,,,,,,,,,,,,,,,,
,,,,,,,,,,,,,,,,,,,,,,,,,,,,,,,,,,,,,,,,,,,
,,,,,,,,,,,,,,,,,,,,,,,,,,,,,,,,,,,,,,,,,,,
,,,,,,,,,,,,,,,,,,,,,,,,,,,,,,,,,,,,,,,,,,,
,,,,,,,,,,,,,,,,,,,,,,,,,,,,,,,,,,,,,,,,,,,
,,,,,,,,,,,,,,,,,,,,,,,,,,,,,,,,,,,,,,,,,,,
,,,,,,,,,,,,,,,,,,,,,,,,,,,,,,,,,,,,,,,,,,,
,,,,,,,,,,,,,,,,,,,,,,,,,,,,,,,,,,,,,,,,,,,
,,,,,,,,,,,,,,,,,,,,,,,,,,,,,,,,,,,,,,,,,,,
,,,,,,,,,,,,,,,,,,,,,,,,,,,,,,,,,,,,,,,,,,,
,,,,,,,,,,,,,,,,,,,,,,,,,,,,,,,,,,,,,,,,,,,
,,,,,,,,,,,,,,,,,,,,,,,,,,,,,,,,,,,,,,,,,,,
,,,,,,,,,,,,,,,,,,,,,,,,,,,,,,,,,,,,,,,,,,,
,,,,,,,,,,,,,,,,,,,,,,,,,,,,,,,,,,,,,,,,,,,
,,,,,,,,,,,,,,,,,,,,,,,,,,,,,,,,,,,,,,,,,,,
,,,,,,,,,,,,,,,,,,,,,,,,,,,,,,,,,,,,,,,,,,,
,,,,,,,,,,,,,,,,,,,,,,,,,,,,,,,,,,,,,,,,,,,
,,,,,,,,,,,,,,,,,,,,,,,,,,,,,,,,,,,,,,,,,,,
,,,,,,,,,,,,,,,,,,,,,,,,,,,,,,,,,,,,,,,,,,,
,,,,,,,,,,,,,,,,,,,,,,,,,,,,,,,,,,,,,,,,,,,
,,,,,,,,,,,,,,,,,,,,,,,,,,,,,,,,,,,,,,,,,,,
,,,,,,,,,,,,,,,,,,,,,,,,,,,,,,,,,,,,,,,,,,,
,,,,,,,,,,,,,,,,,,,,,,,,,,,,,,,,,,,,,,,,,,,
,,,,,,,,,,,,,,,,,,,,,,,,,,,,,,,,,,,,,,,,,,,
,,,,,,,,,,,,,,,,,,,,,,,,,,,,,,,,,,,,,,,,,,,
,,,,,,,,,,,,,,,,,,,,,,,,,,,,,,,,,,,,,,,,,,,
,,,,,,,,,,,,,,,,,,,,,,,,,,,,,,,,,,,,,,,,,,,
,,,,,,,,,,,,,,,,,,,,,,,,,,,,,,,,,,,,,,,,,,,
,,,,,,,,,,,,,,,,,,,,,,,,,,,,,,,,,,,,,,,,,,,
,,,,,,,,,,,,,,,,,,,,,,,,,,,,,,,,,,,,,,,,,,,
,,,,,,,,,,,,,,,,,,,,,,,,,,,,,,,,,,,,,,,,,,,
,,,,,,,,,,,,,,,,,,,,,,,,,,,,,,,,,,,,,,,,,,,
,,,,,,,,,,,,,,,,,,,,,,,,,,,,,,,,,,,,,,,,,,,
,,,,,,,,,,,,,,,,,,,,,,,,,,,,,,,,,,,,,,,,,,,
,,,,,,,,,,,,,,,,,,,,,,,,,,,,,,,,,,,,,,,,,,,
,,,,,,,,,,,,,,,,,,,,,,,,,,,,,,,,,,,,,,,,,,,
,,,,,,,,,,,,,,,,,,,,,,,,,,,,,,,,,,,,,,,,,,,
,,,,,,,,,,,,,,,,,,,,,,,,,,,,,,,,,,,,,,,,,,,
,,,,,,,,,,,,,,,,,,,,,,,,,,,,,,,,,,,,,,,,,,,
,,,,,,,,,,,,,,,,,,,,,,,,,,,,,,,,,,,,,,,,,,,
,,,,,,,,,,,,,,,,,,,,,,,,,,,,,,,,,,,,,,,,,,,
,,,,,,,,,,,,,,,,,,,,,,,,,,,,,,,,,,,,,,,,,,,
,,,,,,,,,,,,,,,,,,,,,,,,,,,,,,,,,,,,,,,,,,,
,,,,,,,,,,,,,,,,,,,,,,,,,,,,,,,,,,,,,,,,,,,
,,,,,,,,,,,,,,,,,,,,,,,,,,,,,,,,,,,,,,,,,,,
,,,,,,,,,,,,,,,,,,,,,,,,,,,,,,,,,,,,,,,,,,,
,,,,,,,,,,,,,,,,,,,,,,,,,,,,,,,,,,,,,,,,,,,
,,,,,,,,,,,,,,,,,,,,,,,,,,,,,,,,,,,,,,,,,,,
,,,,,,,,,,,,,,,,,,,,,,,,,,,,,,,,,,,,,,,,,,,
,,,,,,,,,,,,,,,,,,,,,,,,,,,,,,,,,,,,,,,,,,,
,,,,,,,,,,,,,,,,,,,,,,,,,,,,,,,,,,,,,,,,,,,
,,,,,,,,,,,,,,,,,,,,,,,,,,,,,,,,,,,,,,,,,,,
,,,,,,,,,,,,,,,,,,,,,,,,,,,,,,,,,,,,,,,,,,,
,,,,,,,,,,,,,,,,,,,,,,,,,,,,,,,,,,,,,,,,,,,
,,,,,,,,,,,,,,,,,,,,,,,,,,,,,,,,,,,,,,,,,,,
,,,,,,,,,,,,,,,,,,,,,,,,,,,,,,,,,,,,,,,,,,,
,,,,,,,,,,,,,,,,,,,,,,,,,,,,,,,,,,,,,,,,,,,
,,,,,,,,,,,,,,,,,,,,,,,,,,,,,,,,,,,,,,,,,,,
,,,,,,,,,,,,,,,,,,,,,,,,,,,,,,,,,,,,,,,,,,,
,,,,,,,,,,,,,,,,,,,,,,,,,,,,,,,,,,,,,,,,,,,
,,,,,,,,,,,,,,,,,,,,,,,,,,,,,,,,,,,,,,,,,,,
,,,,,,,,,,,,,,,,,,,,,,,,,,,,,,,,,,,,,,,,,,,
,,,,,,,,,,,,,,,,,,,,,,,,,,,,,,,,,,,,,,,,,,,
,,,,,,,,,,,,,,,,,,,,,,,,,,,,,,,,,,,,,,,,,,,
,,,,,,,,,,,,,,,,,,,,,,,,,,,,,,,,,,,,,,,,,,,
,,,,,,,,,,,,,,,,,,,,,,,,,,,,,,,,,,,,,,,,,,,
,,,,,,,,,,,,,,,,,,,,,,,,,,,,,,,,,,,,,,,,,,,
,,,,,,,,,,,,,,,,,,,,,,,,,,,,,,,,,,,,,,,,,,,
,,,,,,,,,,,,,,,,,,,,,,,,,,,,,,,,,,,,,,,,,,,
,,,,,,,,,,,,,,,,,,,,,,,,,,,,,,,,,,,,,,,,,,,
,,,,,,,,,,,,,,,,,,,,,,,,,,,,,,,,,,,,,,,,,,,
,,,,,,,,,,,,,,,,,,,,,,,,,,,,,,,,,,,,,,,,,,,
,,,,,,,,,,,,,,,,,,,,,,,,,,,,,,,,,,,,,,,,,,,
,,,,,,,,,,,,,,,,,,,,,,,,,,,,,,,,,,,,,,,,,,,
,,,,,,,,,,,,,,,,,,,,,,,,,,,,,,,,,,,,,,,,,,,
,,,,,,,,,,,,,,,,,,,,,,,,,,,,,,,,,,,,,,,,,,,
,,,,,,,,,,,,,,,,,,,,,,,,,,,,,,,,,,,,,,,,,,,
,,,,,,,,,,,,,,,,,,,,,,,,,,,,,,,,,,,,,,,,,,,
,,,,,,,,,,,,,,,,,,,,,,,,,,,,,,,,,,,,,,,,,,,
,,,,,,,,,,,,,,,,,,,,,,,,,,,,,,,,,,,,,,,,,,,
,,,,,,,,,,,,,,,,,,,,,,,,,,,,,,,,,,,,,,,,,,,
,,,,,,,,,,,,,,,,,,,,,,,,,,,,,,,,,,,,,,,,,,,
,,,,,,,,,,,,,,,,,,,,,,,,,,,,,,,,,,,,,,,,,,,
,,,,,,,,,,,,,,,,,,,,,,,,,,,,,,,,,,,,,,,,,,,
,,,,,,,,,,,,,,,,,,,,,,,,,,,,,,,,,,,,,,,,,,,
,,,,,,,,,,,,,,,,,,,,,,,,,,,,,,,,,,,,,,,,,,,
,,,,,,,,,,,,,,,,,,,,,,,,,,,,,,,,,,,,,,,,,,,
,,,,,,,,,,,,,,,,,,,,,,,,,,,,,,,,,,,,,,,,,,,
,,,,,,,,,,,,,,,,,,,,,,,,,,,,,,,,,,,,,,,,,,,
,,,,,,,,,,,,,,,,,,,,,,,,,,,,,,,,,,,,,,,,,,,
,,,,,,,,,,,,,,,,,,,,,,,,,,,,,,,,,,,,,,,,,,,
,,,,,,,,,,,,,,,,,,,,,,,,,,,,,,,,,,,,,,,,,,,
,,,,,,,,,,,,,,,,,,,,,,,,,,,,,,,,,,,,,,,,,,,
,,,,,,,,,,,,,,,,,,,,,,,,,,,,,,,,,,,,,,,,,,,
,,,,,,,,,,,,,,,,,,,,,,,,,,,,,,,,,,,,,,,,,,,
,,,,,,,,,,,,,,,,,,,,,,,,,,,,,,,,,,,,,,,,,,,
,,,,,,,,,,,,,,,,,,,,,,,,,,,,,,,,,,,,,,,,,,,
,,,,,,,,,,,,,,,,,,,,,,,,,,,,,,,,,,,,,,,,,,,
,,,,,,,,,,,,,,,,,,,,,,,,,,,,,,,,,,,,,,,,,,,
,,,,,,,,,,,,,,,,,,,,,,,,,,,,,,,,,,,,,,,,,,,
,,,,,,,,,,,,,,,,,,,,,,,,,,,,,,,,,,,,,,,,,,,
,,,,,,,,,,,,,,,,,,,,,,,,,,,,,,,,,,,,,,,,,,,
,,,,,,,,,,,,,,,,,,,,,,,,,,,,,,,,,,,,,,,,,,,
,,,,,,,,,,,,,,,,,,,,,,,,,,,,,,,,,,,,,,,,,,,
,,,,,,,,,,,,,,,,,,,,,,,,,,,,,,,,,,,,,,,,,,,
,,,,,,,,,,,,,,,,,,,,,,,,,,,,,,,,,,,,,,,,,,,
,,,,,,,,,,,,,,,,,,,,,,,,,,,,,,,,,,,,,,,,,,,
,,,,,,,,,,,,,,,,,,,,,,,,,,,,,,,,,,,,,,,,,,,
,,,,,,,,,,,,,,,,,,,,,,,,,,,,,,,,,,,,,,,,,,,
,,,,,,,,,,,,,,,,,,,,,,,,,,,,,,,,,,,,,,,,,,,
,,,,,,,,,,,,,,,,,,,,,,,,,,,,,,,,,,,,,,,,,,,
,,,,,,,,,,,,,,,,,,,,,,,,,,,,,,,,,,,,,,,,,,,
,,,,,,,,,,,,,,,,,,,,,,,,,,,,,,,,,,,,,,,,,,,
,,,,,,,,,,,,,,,,,,,,,,,,,,,,,,,,,,,,,,,,,,,
,,,,,,,,,,,,,,,,,,,,,,,,,,,,,,,,,,,,,,,,,,,
,,,,,,,,,,,,,,,,,,,,,,,,,,,,,,,,,,,,,,,,,,,
,,,,,,,,,,,,,,,,,,,,,,,,,,,,,,,,,,,,,,,,,,,
,,,,,,,,,,,,,,,,,,,,,,,,,,,,,,,,,,,,,,,,,,,
,,,,,,,,,,,,,,,,,,,,,,,,,,,,,,,,,,,,,,,,,,,
,,,,,,,,,,,,,,,,,,,,,,,,,,,,,,,,,,,,,,,,,,,
,,,,,,,,,,,,,,,,,,,,,,,,,,,,,,,,,,,,,,,,,,,
,,,,,,,,,,,,,,,,,,,,,,,,,,,,,,,,,,,,,,,,,,,
,,,,,,,,,,,,,,,,,,,,,,,,,,,,,,,,,,,,,,,,,,,
,,,,,,,,,,,,,,,,,,,,,,,,,,,,,,,,,,,,,,,,,,,
,,,,,,,,,,,,,,,,,,,,,,,,,,,,,,,,,,,,,,,,,,,
,,,,,,,,,,,,,,,,,,,,,,,,,,,,,,,,,,,,,,,,,,,
,,,,,,,,,,,,,,,,,,,,,,,,,,,,,,,,,,,,,,,,,,,
,,,,,,,,,,,,,,,,,,,,,,,,,,,,,,,,,,,,,,,,,,,
,,,,,,,,,,,,,,,,,,,,,,,,,,,,,,,,,,,,,,,,,,,
,,,,,,,,,,,,,,,,,,,,,,,,,,,,,,,,,,,,,,,,,,,
,,,,,,,,,,,,,,,,,,,,,,,,,,,,,,,,,,,,,,,,,,,
,,,,,,,,,,,,,,,,,,,,,,,,,,,,,,,,,,,,,,,,,,,
,,,,,,,,,,,,,,,,,,,,,,,,,,,,,,,,,,,,,,,,,,,
,,,,,,,,,,,,,,,,,,,,,,,,,,,,,,,,,,,,,,,,,,,
,,,,,,,,,,,,,,,,,,,,,,,,,,,,,,,,,,,,,,,,,,,
,,,,,,,,,,,,,,,,,,,,,,,,,,,,,,,,,,,,,,,,,,,
,,,,,,,,,,,,,,,,,,,,,,,,,,,,,,,,,,,,,,,,,,,
,,,,,,,,,,,,,,,,,,,,,,,,,,,,,,,,,,,,,,,,,,,
,,,,,,,,,,,,,,,,,,,,,,,,,,,,,,,,,,,,,,,,,,,
,,,,,,,,,,,,,,,,,,,,,,,,,,,,,,,,,,,,,,,,,,,
,,,,,,,,,,,,,,,,,,,,,,,,,,,,,,,,,,,,,,,,,,,
,,,,,,,,,,,,,,,,,,,,,,,,,,,,,,,,,,,,,,,,,,,
,,,,,,,,,,,,,,,,,,,,,,,,,,,,,,,,,,,,,,,,,,,
,,,,,,,,,,,,,,,,,,,,,,,,,,,,,,,,,,,,,,,,,,,
,,,,,,,,,,,,,,,,,,,,,,,,,,,,,,,,,,,,,,,,,,,
,,,,,,,,,,,,,,,,,,,,,,,,,,,,,,,,,,,,,,,,,,,
,,,,,,,,,,,,,,,,,,,,,,,,,,,,,,,,,,,,,,,,,,,
,,,,,,,,,,,,,,,,,,,,,,,,,,,,,,,,,,,,,,,,,,,
,,,,,,,,,,,,,,,,,,,,,,,,,,,,,,,,,,,,,,,,,,,
,,,,,,,,,,,,,,,,,,,,,,,,,,,,,,,,,,,,,,,,,,,
,,,,,,,,,,,,,,,,,,,,,,,,,,,,,,,,,,,,,,,,,,,
,,,,,,,,,,,,,,,,,,,,,,,,,,,,,,,,,,,,,,,,,,,
,,,,,,,,,,,,,,,,,,,,,,,,,,,,,,,,,,,,,,,,,,,
,,,,,,,,,,,,,,,,,,,,,,,,,,,,,,,,,,,,,,,,,,,
,,,,,,,,,,,,,,,,,,,,,,,,,,,,,,,,,,,,,,,,,,,
,,,,,,,,,,,,,,,,,,,,,,,,,,,,,,,,,,,,,,,,,,,
,,,,,,,,,,,,,,,,,,,,,,,,,,,,,,,,,,,,,,,,,,,
,,,,,,,,,,,,,,,,,,,,,,,,,,,,,,,,,,,,,,,,,,,
,,,,,,,,,,,,,,,,,,,,,,,,,,,,,,,,,,,,,,,,,,,
,,,,,,,,,,,,,,,,,,,,,,,,,,,,,,,,,,,,,,,,,,,
,,,,,,,,,,,,,,,,,,,,,,,,,,,,,,,,,,,,,,,,,,,
,,,,,,,,,,,,,,,,,,,,,,,,,,,,,,,,,,,,,,,,,,,
,,,,,,,,,,,,,,,,,,,,,,,,,,,,,,,,,,,,,,,,,,,
,,,,,,,,,,,,,,,,,,,,,,,,,,,,,,,,,,,,,,,,,,,
,,,,,,,,,,,,,,,,,,,,,,,,,,,,,,,,,,,,,,,,,,,
,,,,,,,,,,,,,,,,,,,,,,,,,,,,,,,,,,,,,,,,,,,
,,,,,,,,,,,,,,,,,,,,,,,,,,,,,,,,,,,,,,,,,,,
,,,,,,,,,,,,,,,,,,,,,,,,,,,,,,,,,,,,,,,,,,,
,,,,,,,,,,,,,,,,,,,,,,,,,,,,,,,,,,,,,,,,,,,
,,,,,,,,,,,,,,,,,,,,,,,,,,,,,,,,,,,,,,,,,,,
,,,,,,,,,,,,,,,,,,,,,,,,,,,,,,,,,,,,,,,,,,,
,,,,,,,,,,,,,,,,,,,,,,,,,,,,,,,,,,,,,,,,,,,
,,,,,,,,,,,,,,,,,,,,,,,,,,,,,,,,,,,,,,,,,,,
,,,,,,,,,,,,,,,,,,,,,,,,,,,,,,,,,,,,,,,,,,,
,,,,,,,,,,,,,,,,,,,,,,,,,,,,,,,,,,,,,,,,,,,
,,,,,,,,,,,,,,,,,,,,,,,,,,,,,,,,,,,,,,,,,,,
,,,,,,,,,,,,,,,,,,,,,,,,,,,,,,,,,,,,,,,,,,,
,,,,,,,,,,,,,,,,,,,,,,,,,,,,,,,,,,,,,,,,,,,
,,,,,,,,,,,,,,,,,,,,,,,,,,,,,,,,,,,,,,,,,,,
,,,,,,,,,,,,,,,,,,,,,,,,,,,,,,,,,,,,,,,,,,,
,,,,,,,,,,,,,,,,,,,,,,,,,,,,,,,,,,,,,,,,,,,
,,,,,,,,,,,,,,,,,,,,,,,,,,,,,,,,,,,,,,,,,,,
,,,,,,,,,,,,,,,,,,,,,,,,,,,,,,,,,,,,,,,,,,,
,,,,,,,,,,,,,,,,,,,,,,,,,,,,,,,,,,,,,,,,,,,
,,,,,,,,,,,,,,,,,,,,,,,,,,,,,,,,,,,,,,,,,,,
,,,,,,,,,,,,,,,,,,,,,,,,,,,,,,,,,,,,,,,,,,,
,,,,,,,,,,,,,,,,,,,,,,,,,,,,,,,,,,,,,,,,,,,
,,,,,,,,,,,,,,,,,,,,,,,,,,,,,,,,,,,,,,,,,,,
,,,,,,,,,,,,,,,,,,,,,,,,,,,,,,,,,,,,,,,,,,,
,,,,,,,,,,,,,,,,,,,,,,,,,,,,,,,,,,,,,,,,,,,
,,,,,,,,,,,,,,,,,,,,,,,,,,,,,,,,,,,,,,,,,,,
,,,,,,,,,,,,,,,,,,,,,,,,,,,,,,,,,,,,,,,,,,,
,,,,,,,,,,,,,,,,,,,,,,,,,,,,,,,,,,,,,,,,,,,
,,,,,,,,,,,,,,,,,,,,,,,,,,,,,,,,,,,,,,,,,,,
,,,,,,,,,,,,,,,,,,,,,,,,,,,,,,,,,,,,,,,,,,,
,,,,,,,,,,,,,,,,,,,,,,,,,,,,,,,,,,,,,,,,,,,
,,,,,,,,,,,,,,,,,,,,,,,,,,,,,,,,,,,,,,,,,,,
,,,,,,,,,,,,,,,,,,,,,,,,,,,,,,,,,,,,,,,,,,,
,,,,,,,,,,,,,,,,,,,,,,,,,,,,,,,,,,,,,,,,,,,
,,,,,,,,,,,,,,,,,,,,,,,,,,,,,,,,,,,,,,,,,,,
,,,,,,,,,,,,,,,,,,,,,,,,,,,,,,,,,,,,,,,,,,,
,,,,,,,,,,,,,,,,,,,,,,,,,,,,,,,,,,,,,,,,,,,
,,,,,,,,,,,,,,,,,,,,,,,,,,,,,,,,,,,,,,,,,,,
,,,,,,,,,,,,,,,,,,,,,,,,,,,,,,,,,,,,,,,,,,,
,,,,,,,,,,,,,,,,,,,,,,,,,,,,,,,,,,,,,,,,,,,
,,,,,,,,,,,,,,,,,,,,,,,,,,,,,,,,,,,,,,,,,,,
,,,,,,,,,,,,,,,,,,,,,,,,,,,,,,,,,,,,,,,,,,,
,,,,,,,,,,,,,,,,,,,,,,,,,,,,,,,,,,,,,,,,,,,
,,,,,,,,,,,,,,,,,,,,,,,,,,,,,,,,,,,,,,,,,,,
,,,,,,,,,,,,,,,,,,,,,,,,,,,,,,,,,,,,,,,,,,,
,,,,,,,,,,,,,,,,,,,,,,,,,,,,,,,,,,,,,,,,,,,
,,,,,,,,,,,,,,,,,,,,,,,,,,,,,,,,,,,,,,,,,,,
,,,,,,,,,,,,,,,,,,,,,,,,,,,,,,,,,,,,,,,,,,,
,,,,,,,,,,,,,,,,,,,,,,,,,,,,,,,,,,,,,,,,,,,
,,,,,,,,,,,,,,,,,,,,,,,,,,,,,,,,,,,,,,,,,,,
,,,,,,,,,,,,,,,,,,,,,,,,,,,,,,,,,,,,,,,,,,,
,,,,,,,,,,,,,,,,,,,,,,,,,,,,,,,,,,,,,,,,,,,
,,,,,,,,,,,,,,,,,,,,,,,,,,,,,,,,,,,,,,,,,,,
,,,,,,,,,,,,,,,,,,,,,,,,,,,,,,,,,,,,,,,,,,,
,,,,,,,,,,,,,,,,,,,,,,,,,,,,,,,,,,,,,,,,,,,
,,,,,,,,,,,,,,,,,,,,,,,,,,,,,,,,,,,,,,,,,,,
,,,,,,,,,,,,,,,,,,,,,,,,,,,,,,,,,,,,,,,,,,,
,,,,,,,,,,,,,,,,,,,,,,,,,,,,,,,,,,,,,,,,,,,
,,,,,,,,,,,,,,,,,,,,,,,,,,,,,,,,,,,,,,,,,,,
,,,,,,,,,,,,,,,,,,,,,,,,,,,,,,,,,,,,,,,,,,,
,,,,,,,,,,,,,,,,,,,,,,,,,,,,,,,,,,,,,,,,,,,
,,,,,,,,,,,,,,,,,,,,,,,,,,,,,,,,,,,,,,,,,,,
,,,,,,,,,,,,,,,,,,,,,,,,,,,,,,,,,,,,,,,,,,,
,,,,,,,,,,,,,,,,,,,,,,,,,,,,,,,,,,,,,,,,,,,
,,,,,,,,,,,,,,,,,,,,,,,,,,,,,,,,,,,,,,,,,,,
,,,,,,,,,,,,,,,,,,,,,,,,,,,,,,,,,,,,,,,,,,,
,,,,,,,,,,,,,,,,,,,,,,,,,,,,,,,,,,,,,,,,,,,
,,,,,,,,,,,,,,,,,,,,,,,,,,,,,,,,,,,,,,,,,,,
,,,,,,,,,,,,,,,,,,,,,,,,,,,,,,,,,,,,,,,,,,,
,,,,,,,,,,,,,,,,,,,,,,,,,,,,,,,,,,,,,,,,,,,
,,,,,,,,,,,,,,,,,,,,,,,,,,,,,,,,,,,,,,,,,,,
,,,,,,,,,,,,,,,,,,,,,,,,,,,,,,,,,,,,,,,,,,,
,,,,,,,,,,,,,,,,,,,,,,,,,,,,,,,,,,,,,,,,,,,
,,,,,,,,,,,,,,,,,,,,,,,,,,,,,,,,,,,,,,,,,,,
,,,,,,,,,,,,,,,,,,,,,,,,,,,,,,,,,,,,,,,,,,,
,,,,,,,,,,,,,,,,,,,,,,,,,,,,,,,,,,,,,,,,,,,
,,,,,,,,,,,,,,,,,,,,,,,,,,,,,,,,,,,,,,,,,,,
,,,,,,,,,,,,,,,,,,,,,,,,,,,,,,,,,,,,,,,,,,,
,,,,,,,,,,,,,,,,,,,,,,,,,,,,,,,,,,,,,,,,,,,
,,,,,,,,,,,,,,,,,,,,,,,,,,,,,,,,,,,,,,,,,,,
,,,,,,,,,,,,,,,,,,,,,,,,,,,,,,,,,,,,,,,,,,,
,,,,,,,,,,,,,,,,,,,,,,,,,,,,,,,,,,,,,,,,,,,
,,,,,,,,,,,,,,,,,,,,,,,,,,,,,,,,,,,,,,,,,,,
,,,,,,,,,,,,,,,,,,,,,,,,,,,,,,,,,,,,,,,,,,,
,,,,,,,,,,,,,,,,,,,,,,,,,,,,,,,,,,,,,,,,,,,
,,,,,,,,,,,,,,,,,,,,,,,,,,,,,,,,,,,,,,,,,,,
,,,,,,,,,,,,,,,,,,,,,,,,,,,,,,,,,,,,,,,,,,,
,,,,,,,,,,,,,,,,,,,,,,,,,,,,,,,,,,,,,,,,,,,
,,,,,,,,,,,,,,,,,,,,,,,,,,,,,,,,,,,,,,,,,,,
,,,,,,,,,,,,,,,,,,,,,,,,,,,,,,,,,,,,,,,,,,,
,,,,,,,,,,,,,,,,,,,,,,,,,,,,,,,,,,,,,,,,,,,
,,,,,,,,,,,,,,,,,,,,,,,,,,,,,,,,,,,,,,,,,,,
,,,,,,,,,,,,,,,,,,,,,,,,,,,,,,,,,,,,,,,,,,,
,,,,,,,,,,,,,,,,,,,,,,,,,,,,,,,,,,,,,,,,,,,
,,,,,,,,,,,,,,,,,,,,,,,,,,,,,,,,,,,,,,,,,,,
,,,,,,,,,,,,,,,,,,,,,,,,,,,,,,,,,,,,,,,,,,,
,,,,,,,,,,,,,,,,,,,,,,,,,,,,,,,,,,,,,,,,,,,
,,,,,,,,,,,,,,,,,,,,,,,,,,,,,,,,,,,,,,,,,,,
,,,,,,,,,,,,,,,,,,,,,,,,,,,,,,,,,,,,,,,,,,,
,,,,,,,,,,,,,,,,,,,,,,,,,,,,,,,,,,,,,,,,,,,
,,,,,,,,,,,,,,,,,,,,,,,,,,,,,,,,,,,,,,,,,,,
,,,,,,,,,,,,,,,,,,,,,,,,,,,,,,,,,,,,,,,,,,,
,,,,,,,,,,,,,,,,,,,,,,,,,,,,,,,,,,,,,,,,,,,
,,,,,,,,,,,,,,,,,,,,,,,,,,,,,,,,,,,,,,,,,,,
,,,,,,,,,,,,,,,,,,,,,,,,,,,,,,,,,,,,,,,,,,,
,,,,,,,,,,,,,,,,,,,,,,,,,,,,,,,,,,,,,,,,,,,
,,,,,,,,,,,,,,,,,,,,,,,,,,,,,,,,,,,,,,,,,,,
,,,,,,,,,,,,,,,,,,,,,,,,,,,,,,,,,,,,,,,,,,,
,,,,,,,,,,,,,,,,,,,,,,,,,,,,,,,,,,,,,,,,,,,
,,,,,,,,,,,,,,,,,,,,,,,,,,,,,,,,,,,,,,,,,,,
,,,,,,,,,,,,,,,,,,,,,,,,,,,,,,,,,,,,,,,,,,,
,,,,,,,,,,,,,,,,,,,,,,,,,,,,,,,,,,,,,,,,,,,
,,,,,,,,,,,,,,,,,,,,,,,,,,,,,,,,,,,,,,,,,,,
,,,,,,,,,,,,,,,,,,,,,,,,,,,,,,,,,,,,,,,,,,,
,,,,,,,,,,,,,,,,,,,,,,,,,,,,,,,,,,,,,,,,,,,
,,,,,,,,,,,,,,,,,,,,,,,,,,,,,,,,,,,,,,,,,,,
,,,,,,,,,,,,,,,,,,,,,,,,,,,,,,,,,,,,,,,,,,,
,,,,,,,,,,,,,,,,,,,,,,,,,,,,,,,,,,,,,,,,,,,
,,,,,,,,,,,,,,,,,,,,,,,,,,,,,,,,,,,,,,,,,,,
,,,,,,,,,,,,,,,,,,,,,,,,,,,,,,,,,,,,,,,,,,,
,,,,,,,,,,,,,,,,,,,,,,,,,,,,,,,,,,,,,,,,,,,
,,,,,,,,,,,,,,,,,,,,,,,,,,,,,,,,,,,,,,,,,,,
,,,,,,,,,,,,,,,,,,,,,,,,,,,,,,,,,,,,,,,,,,,
,,,,,,,,,,,,,,,,,,,,,,,,,,,,,,,,,,,,,,,,,,,
,,,,,,,,,,,,,,,,,,,,,,,,,,,,,,,,,,,,,,,,,,,
,,,,,,,,,,,,,,,,,,,,,,,,,,,,,,,,,,,,,,,,,,,
,,,,,,,,,,,,,,,,,,,,,,,,,,,,,,,,,,,,,,,,,,,
,,,,,,,,,,,,,,,,,,,,,,,,,,,,,,,,,,,,,,,,,,,
,,,,,,,,,,,,,,,,,,,,,,,,,,,,,,,,,,,,,,,,,,,
,,,,,,,,,,,,,,,,,,,,,,,,,,,,,,,,,,,,,,,,,,,
,,,,,,,,,,,,,,,,,,,,,,,,,,,,,,,,,,,,,,,,,,,
,,,,,,,,,,,,,,,,,,,,,,,,,,,,,,,,,,,,,,,,,,,
,,,,,,,,,,,,,,,,,,,,,,,,,,,,,,,,,,,,,,,,,,,
,,,,,,,,,,,,,,,,,,,,,,,,,,,,,,,,,,,,,,,,,,,
,,,,,,,,,,,,,,,,,,,,,,,,,,,,,,,,,,,,,,,,,,,
,,,,,,,,,,,,,,,,,,,,,,,,,,,,,,,,,,,,,,,,,,,
,,,,,,,,,,,,,,,,,,,,,,,,,,,,,,,,,,,,,,,,,,,
,,,,,,,,,,,,,,,,,,,,,,,,,,,,,,,,,,,,,,,,,,,
,,,,,,,,,,,,,,,,,,,,,,,,,,,,,,,,,,,,,,,,,,,
,,,,,,,,,,,,,,,,,,,,,,,,,,,,,,,,,,,,,,,,,,,
,,,,,,,,,,,,,,,,,,,,,,,,,,,,,,,,,,,,,,,,,,,
,,,,,,,,,,,,,,,,,,,,,,,,,,,,,,,,,,,,,,,,,,,
,,,,,,,,,,,,,,,,,,,,,,,,,,,,,,,,,,,,,,,,,,,
,,,,,,,,,,,,,,,,,,,,,,,,,,,,,,,,,,,,,,,,,,,
,,,,,,,,,,,,,,,,,,,,,,,,,,,,,,,,,,,,,,,,,,,
,,,,,,,,,,,,,,,,,,,,,,,,,,,,,,,,,,,,,,,,,,,
,,,,,,,,,,,,,,,,,,,,,,,,,,,,,,,,,,,,,,,,,,,
,,,,,,,,,,,,,,,,,,,,,,,,,,,,,,,,,,,,,,,,,,,
,,,,,,,,,,,,,,,,,,,,,,,,,,,,,,,,,,,,,,,,,,,
,,,,,,,,,,,,,,,,,,,,,,,,,,,,,,,,,,,,,,,,,,,
,,,,,,,,,,,,,,,,,,,,,,,,,,,,,,,,,,,,,,,,,,,
,,,,,,,,,,,,,,,,,,,,,,,,,,,,,,,,,,,,,,,,,,,
,,,,,,,,,,,,,,,,,,,,,,,,,,,,,,,,,,,,,,,,,,,
,,,,,,,,,,,,,,,,,,,,,,,,,,,,,,,,,,,,,,,,,,,
,,,,,,,,,,,,,,,,,,,,,,,,,,,,,,,,,,,,,,,,,,,
,,,,,,,,,,,,,,,,,,,,,,,,,,,,,,,,,,,,,,,,,,,
,,,,,,,,,,,,,,,,,,,,,,,,,,,,,,,,,,,,,,,,,,,
,,,,,,,,,,,,,,,,,,,,,,,,,,,,,,,,,,,,,,,,,,,
,,,,,,,,,,,,,,,,,,,,,,,,,,,,,,,,,,,,,,,,,,,
,,,,,,,,,,,,,,,,,,,,,,,,,,,,,,,,,,,,,,,,,,,
,,,,,,,,,,,,,,,,,,,,,,,,,,,,,,,,,,,,,,,,,,,
,,,,,,,,,,,,,,,,,,,,,,,,,,,,,,,,,,,,,,,,,,,
,,,,,,,,,,,,,,,,,,,,,,,,,,,,,,,,,,,,,,,,,,,
,,,,,,,,,,,,,,,,,,,,,,,,,,,,,,,,,,,,,,,,,,,
,,,,,,,,,,,,,,,,,,,,,,,,,,,,,,,,,,,,,,,,,,,
,,,,,,,,,,,,,,,,,,,,,,,,,,,,,,,,,,,,,,,,,,,
,,,,,,,,,,,,,,,,,,,,,,,,,,,,,,,,,,,,,,,,,,,
,,,,,,,,,,,,,,,,,,,,,,,,,,,,,,,,,,,,,,,,,,,
,,,,,,,,,,,,,,,,,,,,,,,,,,,,,,,,,,,,,,,,,,,
,,,,,,,,,,,,,,,,,,,,,,,,,,,,,,,,,,,,,,,,,,,
,,,,,,,,,,,,,,,,,,,,,,,,,,,,,,,,,,,,,,,,,,,
,,,,,,,,,,,,,,,,,,,,,,,,,,,,,,,,,,,,,,,,,,,
,,,,,,,,,,,,,,,,,,,,,,,,,,,,,,,,,,,,,,,,,,,
,,,,,,,,,,,,,,,,,,,,,,,,,,,,,,,,,,,,,,,,,,,
,,,,,,,,,,,,,,,,,,,,,,,,,,,,,,,,,,,,,,,,,,,
,,,,,,,,,,,,,,,,,,,,,,,,,,,,,,,,,,,,,,,,,,,
,,,,,,,,,,,,,,,,,,,,,,,,,,,,,,,,,,,,,,,,,,,
,,,,,,,,,,,,,,,,,,,,,,,,,,,,,,,,,,,,,,,,,,,
,,,,,,,,,,,,,,,,,,,,,,,,,,,,,,,,,,,,,,,,,,,
,,,,,,,,,,,,,,,,,,,,,,,,,,,,,,,,,,,,,,,,,,,
,,,,,,,,,,,,,,,,,,,,,,,,,,,,,,,,,,,,,,,,,,,
,,,,,,,,,,,,,,,,,,,,,,,,,,,,,,,,,,,,,,,,,,,
,,,,,,,,,,,,,,,,,,,,,,,,,,,,,,,,,,,,,,,,,,,
,,,,,,,,,,,,,,,,,,,,,,,,,,,,,,,,,,,,,,,,,,,
,,,,,,,,,,,,,,,,,,,,,,,,,,,,,,,,,,,,,,,,,,,
,,,,,,,,,,,,,,,,,,,,,,,,,,,,,,,,,,,,,,,,,,,
,,,,,,,,,,,,,,,,,,,,,,,,,,,,,,,,,,,,,,,,,,,
,,,,,,,,,,,,,,,,,,,,,,,,,,,,,,,,,,,,,,,,,,,
,,,,,,,,,,,,,,,,,,,,,,,,,,,,,,,,,,,,,,,,,,,
,,,,,,,,,,,,,,,,,,,,,,,,,,,,,,,,,,,,,,,,,,,
,,,,,,,,,,,,,,,,,,,,,,,,,,,,,,,,,,,,,,,,,,,
,,,,,,,,,,,,,,,,,,,,,,,,,,,,,,,,,,,,,,,,,,,
,,,,,,,,,,,,,,,,,,,,,,,,,,,,,,,,,,,,,,,,,,,
,,,,,,,,,,,,,,,,,,,,,,,,,,,,,,,,,,,,,,,,,,,
,,,,,,,,,,,,,,,,,,,,,,,,,,,,,,,,,,,,,,,,,,,
,,,,,,,,,,,,,,,,,,,,,,,,,,,,,,,,,,,,,,,,,,,
,,,,,,,,,,,,,,,,,,,,,,,,,,,,,,,,,,,,,,,,,,,
,,,,,,,,,,,,,,,,,,,,,,,,,,,,,,,,,,,,,,,,,,,
,,,,,,,,,,,,,,,,,,,,,,,,,,,,,,,,,,,,,,,,,,,
,,,,,,,,,,,,,,,,,,,,,,,,,,,,,,,,,,,,,,,,,,,
,,,,,,,,,,,,,,,,,,,,,,,,,,,,,,,,,,,,,,,,,,,
,,,,,,,,,,,,,,,,,,,,,,,,,,,,,,,,,,,,,,,,,,,
,,,,,,,,,,,,,,,,,,,,,,,,,,,,,,,,,,,,,,,,,,,
,,,,,,,,,,,,,,,,,,,,,,,,,,,,,,,,,,,,,,,,,,,
,,,,,,,,,,,,,,,,,,,,,,,,,,,,,,,,,,,,,,,,,,,
,,,,,,,,,,,,,,,,,,,,,,,,,,,,,,,,,,,,,,,,,,,
,,,,,,,,,,,,,,,,,,,,,,,,,,,,,,,,,,,,,,,,,,,
,,,,,,,,,,,,,,,,,,,,,,,,,,,,,,,,,,,,,,,,,,,
,,,,,,,,,,,,,,,,,,,,,,,,,,,,,,,,,,,,,,,,,,,
,,,,,,,,,,,,,,,,,,,,,,,,,,,,,,,,,,,,,,,,,,,
,,,,,,,,,,,,,,,,,,,,,,,,,,,,,,,,,,,,,,,,,,,
,,,,,,,,,,,,,,,,,,,,,,,,,,,,,,,,,,,,,,,,,,,
,,,,,,,,,,,,,,,,,,,,,,,,,,,,,,,,,,,,,,,,,,,
,,,,,,,,,,,,,,,,,,,,,,,,,,,,,,,,,,,,,,,,,,,
,,,,,,,,,,,,,,,,,,,,,,,,,,,,,,,,,,,,,,,,,,,
,,,,,,,,,,,,,,,,,,,,,,,,,,,,,,,,,,,,,,,,,,,
,,,,,,,,,,,,,,,,,,,,,,,,,,,,,,,,,,,,,,,,,,,
,,,,,,,,,,,,,,,,,,,,,,,,,,,,,,,,,,,,,,,,,,,
,,,,,,,,,,,,,,,,,,,,,,,,,,,,,,,,,,,,,,,,,,,
,,,,,,,,,,,,,,,,,,,,,,,,,,,,,,,,,,,,,,,,,,,
,,,,,,,,,,,,,,,,,,,,,,,,,,,,,,,,,,,,,,,,,,,
,,,,,,,,,,,,,,,,,,,,,,,,,,,,,,,,,,,,,,,,,,,
,,,,,,,,,,,,,,,,,,,,,,,,,,,,,,,,,,,,,,,,,,,
,,,,,,,,,,,,,,,,,,,,,,,,,,,,,,,,,,,,,,,,,,,
,,,,,,,,,,,,,,,,,,,,,,,,,,,,,,,,,,,,,,,,,,,
,,,,,,,,,,,,,,,,,,,,,,,,,,,,,,,,,,,,,,,,,,,
,,,,,,,,,,,,,,,,,,,,,,,,,,,,,,,,,,,,,,,,,,,
,,,,,,,,,,,,,,,,,,,,,,,,,,,,,,,,,,,,,,,,,,,
,,,,,,,,,,,,,,,,,,,,,,,,,,,,,,,,,,,,,,,,,,,
,,,,,,,,,,,,,,,,,,,,,,,,,,,,,,,,,,,,,,,,,,,
,,,,,,,,,,,,,,,,,,,,,,,,,,,,,,,,,,,,,,,,,,,
,,,,,,,,,,,,,,,,,,,,,,,,,,,,,,,,,,,,,,,,,,,
,,,,,,,,,,,,,,,,,,,,,,,,,,,,,,,,,,,,,,,,,,,
,,,,,,,,,,,,,,,,,,,,,,,,,,,,,,,,,,,,,,,,,,,
,,,,,,,,,,,,,,,,,,,,,,,,,,,,,,,,,,,,,,,,,,,
,,,,,,,,,,,,,,,,,,,,,,,,,,,,,,,,,,,,,,,,,,,
,,,,,,,,,,,,,,,,,,,,,,,,,,,,,,,,,,,,,,,,,,,
,,,,,,,,,,,,,,,,,,,,,,,,,,,,,,,,,,,,,,,,,,,
,,,,,,,,,,,,,,,,,,,,,,,,,,,,,,,,,,,,,,,,,,,
,,,,,,,,,,,,,,,,,,,,,,,,,,,,,,,,,,,,,,,,,,,
,,,,,,,,,,,,,,,,,,,,,,,,,,,,,,,,,,,,,,,,,,,
,,,,,,,,,,,,,,,,,,,,,,,,,,,,,,,,,,,,,,,,,,,
,,,,,,,,,,,,,,,,,,,,,,,,,,,,,,,,,,,,,,,,,,,
,,,,,,,,,,,,,,,,,,,,,,,,,,,,,,,,,,,,,,,,,,,
,,,,,,,,,,,,,,,,,,,,,,,,,,,,,,,,,,,,,,,,,,,
,,,,,,,,,,,,,,,,,,,,,,,,,,,,,,,,,,,,,,,,,,,
,,,,,,,,,,,,,,,,,,,,,,,,,,,,,,,,,,,,,,,,,,,
,,,,,,,,,,,,,,,,,,,,,,,,,,,,,,,,,,,,,,,,,,,
,,,,,,,,,,,,,,,,,,,,,,,,,,,,,,,,,,,,,,,,,,,
,,,,,,,,,,,,,,,,,,,,,,,,,,,,,,,,,,,,,,,,,,,
,,,,,,,,,,,,,,,,,,,,,,,,,,,,,,,,,,,,,,,,,,,
,,,,,,,,,,,,,,,,,,,,,,,,,,,,,,,,,,,,,,,,,,,
,,,,,,,,,,,,,,,,,,,,,,,,,,,,,,,,,,,,,,,,,,,
,,,,,,,,,,,,,,,,,,,,,,,,,,,,,,,,,,,,,,,,,,,
,,,,,,,,,,,,,,,,,,,,,,,,,,,,,,,,,,,,,,,,,,,
,,,,,,,,,,,,,,,,,,,,,,,,,,,,,,,,,,,,,,,,,,,
,,,,,,,,,,,,,,,,,,,,,,,,,,,,,,,,,,,,,,,,,,,
,,,,,,,,,,,,,,,,,,,,,,,,,,,,,,,,,,,,,,,,,,,
,,,,,,,,,,,,,,,,,,,,,,,,,,,,,,,,,,,,,,,,,,,
,,,,,,,,,,,,,,,,,,,,,,,,,,,,,,,,,,,,,,,,,,,
,,,,,,,,,,,,,,,,,,,,,,,,,,,,,,,,,,,,,,,,,,,
,,,,,,,,,,,,,,,,,,,,,,,,,,,,,,,,,,,,,,,,,,,
,,,,,,,,,,,,,,,,,,,,,,,,,,,,,,,,,,,,,,,,,,,
,,,,,,,,,,,,,,,,,,,,,,,,,,,,,,,,,,,,,,,,,,,
,,,,,,,,,,,,,,,,,,,,,,,,,,,,,,,,,,,,,,,,,,,
,,,,,,,,,,,,,,,,,,,,,,,,,,,,,,,,,,,,,,,,,,,
,,,,,,,,,,,,,,,,,,,,,,,,,,,,,,,,,,,,,,,,,,,
,,,,,,,,,,,,,,,,,,,,,,,,,,,,,,,,,,,,,,,,,,,
,,,,,,,,,,,,,,,,,,,,,,,,,,,,,,,,,,,,,,,,,,,
,,,,,,,,,,,,,,,,,,,,,,,,,,,,,,,,,,,,,,,,,,,
,,,,,,,,,,,,,,,,,,,,,,,,,,,,,,,,,,,,,,,,,,,
,,,,,,,,,,,,,,,,,,,,,,,,,,,,,,,,,,,,,,,,,,,
,,,,,,,,,,,,,,,,,,,,,,,,,,,,,,,,,,,,,,,,,,,
,,,,,,,,,,,,,,,,,,,,,,,,,,,,,,,,,,,,,,,,,,,
,,,,,,,,,,,,,,,,,,,,,,,,,,,,,,,,,,,,,,,,,,,
,,,,,,,,,,,,,,,,,,,,,,,,,,,,,,,,,,,,,,,,,,,
,,,,,,,,,,,,,,,,,,,,,,,,,,,,,,,,,,,,,,,,,,,
,,,,,,,,,,,,,,,,,,,,,,,,,,,,,,,,,,,,,,,,,,,
,,,,,,,,,,,,,,,,,,,,,,,,,,,,,,,,,,,,,,,,,,,
,,,,,,,,,,,,,,,,,,,,,,,,,,,,,,,,,,,,,,,,,,,
,,,,,,,,,,,,,,,,,,,,,,,,,,,,,,,,,,,,,,,,,,,
,,,,,,,,,,,,,,,,,,,,,,,,,,,,,,,,,,,,,,,,,,,
,,,,,,,,,,,,,,,,,,,,,,,,,,,,,,,,,,,,,,,,,,,
,,,,,,,,,,,,,,,,,,,,,,,,,,,,,,,,,,,,,,,,,,,
,,,,,,,,,,,,,,,,,,,,,,,,,,,,,,,,,,,,,,,,,,,
,,,,,,,,,,,,,,,,,,,,,,,,,,,,,,,,,,,,,,,,,,,
,,,,,,,,,,,,,,,,,,,,,,,,,,,,,,,,,,,,,,,,,,,
,,,,,,,,,,,,,,,,,,,,,,,,,,,,,,,,,,,,,,,,,,,
,,,,,,,,,,,,,,,,,,,,,,,,,,,,,,,,,,,,,,,,,,,
,,,,,,,,,,,,,,,,,,,,,,,,,,,,,,,,,,,,,,,,,,,
,,,,,,,,,,,,,,,,,,,,,,,,,,,,,,,,,,,,,,,,,,,
,,,,,,,,,,,,,,,,,,,,,,,,,,,,,,,,,,,,,,,,,,,
,,,,,,,,,,,,,,,,,,,,,,,,,,,,,,,,,,,,,,,,,,,
,,,,,,,,,,,,,,,,,,,,,,,,,,,,,,,,,,,,,,,,,,,
,,,,,,,,,,,,,,,,,,,,,,,,,,,,,,,,,,,,,,,,,,,
,,,,,,,,,,,,,,,,,,,,,,,,,,,,,,,,,,,,,,,,,,,
,,,,,,,,,,,,,,,,,,,,,,,,,,,,,,,,,,,,,,,,,,,
,,,,,,,,,,,,,,,,,,,,,,,,,,,,,,,,,,,,,,,,,,,
,,,,,,,,,,,,,,,,,,,,,,,,,,,,,,,,,,,,,,,,,,,
,,,,,,,,,,,,,,,,,,,,,,,,,,,,,,,,,,,,,,,,,,,
,,,,,,,,,,,,,,,,,,,,,,,,,,,,,,,,,,,,,,,,,,,
,,,,,,,,,,,,,,,,,,,,,,,,,,,,,,,,,,,,,,,,,,,
,,,,,,,,,,,,,,,,,,,,,,,,,,,,,,,,,,,,,,,,,,,
,,,,,,,,,,,,,,,,,,,,,,,,,,,,,,,,,,,,,,,,,,,
,,,,,,,,,,,,,,,,,,,,,,,,,,,,,,,,,,,,,,,,,,,
,,,,,,,,,,,,,,,,,,,,,,,,,,,,,,,,,,,,,,,,,,,
,,,,,,,,,,,,,,,,,,,,,,,,,,,,,,,,,,,,,,,,,,,
,,,,,,,,,,,,,,,,,,,,,,,,,,,,,,,,,,,,,,,,,,,
,,,,,,,,,,,,,,,,,,,,,,,,,,,,,,,,,,,,,,,,,,,
,,,,,,,,,,,,,,,,,,,,,,,,,,,,,,,,,,,,,,,,,,,
,,,,,,,,,,,,,,,,,,,,,,,,,,,,,,,,,,,,,,,,,,,
,,,,,,,,,,,,,,,,,,,,,,,,,,,,,,,,,,,,,,,,,,,
,,,,,,,,,,,,,,,,,,,,,,,,,,,,,,,,,,,,,,,,,,,
,,,,,,,,,,,,,,,,,,,,,,,,,,,,,,,,,,,,,,,,,,,
,,,,,,,,,,,,,,,,,,,,,,,,,,,,,,,,,,,,,,,,,,,
,,,,,,,,,,,,,,,,,,,,,,,,,,,,,,,,,,,,,,,,,,,
,,,,,,,,,,,,,,,,,,,,,,,,,,,,,,,,,,,,,,,,,,,
,,,,,,,,,,,,,,,,,,,,,,,,,,,,,,,,,,,,,,,,,,,
,,,,,,,,,,,,,,,,,,,,,,,,,,,,,,,,,,,,,,,,,,,
,,,,,,,,,,,,,,,,,,,,,,,,,,,,,,,,,,,,,,,,,,,
,,,,,,,,,,,,,,,,,,,,,,,,,,,,,,,,,,,,,,,,,,,
,,,,,,,,,,,,,,,,,,,,,,,,,,,,,,,,,,,,,,,,,,,
,,,,,,,,,,,,,,,,,,,,,,,,,,,,,,,,,,,,,,,,,,,
,,,,,,,,,,,,,,,,,,,,,,,,,,,,,,,,,,,,,,,,,,,
,,,,,,,,,,,,,,,,,,,,,,,,,,,,,,,,,,,,,,,,,,,
,,,,,,,,,,,,,,,,,,,,,,,,,,,,,,,,,,,,,,,,,,,
,,,,,,,,,,,,,,,,,,,,,,,,,,,,,,,,,,,,,,,,,,,
,,,,,,,,,,,,,,,,,,,,,,,,,,,,,,,,,,,,,,,,,,,
,,,,,,,,,,,,,,,,,,,,,,,,,,,,,,,,,,,,,,,,,,,
,,,,,,,,,,,,,,,,,,,,,,,,,,,,,,,,,,,,,,,,,,,
,,,,,,,,,,,,,,,,,,,,,,,,,,,,,,,,,,,,,,,,,,,
,,,,,,,,,,,,,,,,,,,,,,,,,,,,,,,,,,,,,,,,,,,
,,,,,,,,,,,,,,,,,,,,,,,,,,,,,,,,,,,,,,,,,,,
,,,,,,,,,,,,,,,,,,,,,,,,,,,,,,,,,,,,,,,,,,,
,,,,,,,,,,,,,,,,,,,,,,,,,,,,,,,,,,,,,,,,,,,
,,,,,,,,,,,,,,,,,,,,,,,,,,,,,,,,,,,,,,,,,,,
,,,,,,,,,,,,,,,,,,,,,,,,,,,,,,,,,,,,,,,,,,,
,,,,,,,,,,,,,,,,,,,,,,,,,,,,,,,,,,,,,,,,,,,
,,,,,,,,,,,,,,,,,,,,,,,,,,,,,,,,,,,,,,,,,,,
,,,,,,,,,,,,,,,,,,,,,,,,,,,,,,,,,,,,,,,,,,,
,,,,,,,,,,,,,,,,,,,,,,,,,,,,,,,,,,,,,,,,,,,
,,,,,,,,,,,,,,,,,,,,,,,,,,,,,,,,,,,,,,,,,,,
,,,,,,,,,,,,,,,,,,,,,,,,,,,,,,,,,,,,,,,,,,,
,,,,,,,,,,,,,,,,,,,,,,,,,,,,,,,,,,,,,,,,,,,
,,,,,,,,,,,,,,,,,,,,,,,,,,,,,,,,,,,,,,,,,,,
,,,,,,,,,,,,,,,,,,,,,,,,,,,,,,,,,,,,,,,,,,,
,,,,,,,,,,,,,,,,,,,,,,,,,,,,,,,,,,,,,,,,,,,
,,,,,,,,,,,,,,,,,,,,,,,,,,,,,,,,,,,,,,,,,,,
,,,,,,,,,,,,,,,,,,,,,,,,,,,,,,,,,,,,,,,,,,,
,,,,,,,,,,,,,,,,,,,,,,,,,,,,,,,,,,,,,,,,,,,
,,,,,,,,,,,,,,,,,,,,,,,,,,,,,,,,,,,,,,,,,,,
,,,,,,,,,,,,,,,,,,,,,,,,,,,,,,,,,,,,,,,,,,,
,,,,,,,,,,,,,,,,,,,,,,,,,,,,,,,,,,,,,,,,,,,
,,,,,,,,,,,,,,,,,,,,,,,,,,,,,,,,,,,,,,,,,,,
,,,,,,,,,,,,,,,,,,,,,,,,,,,,,,,,,,,,,,,,,,,
,,,,,,,,,,,,,,,,,,,,,,,,,,,,,,,,,,,,,,,,,,,
,,,,,,,,,,,,,,,,,,,,,,,,,,,,,,,,,,,,,,,,,,,
,,,,,,,,,,,,,,,,,,,,,,,,,,,,,,,,,,,,,,,,,,,
,,,,,,,,,,,,,,,,,,,,,,,,,,,,,,,,,,,,,,,,,,,
,,,,,,,,,,,,,,,,,,,,,,,,,,,,,,,,,,,,,,,,,,,
,,,,,,,,,,,,,,,,,,,,,,,,,,,,,,,,,,,,,,,,,,,
,,,,,,,,,,,,,,,,,,,,,,,,,,,,,,,,,,,,,,,,,,,
,,,,,,,,,,,,,,,,,,,,,,,,,,,,,,,,,,,,,,,,,,,
,,,,,,,,,,,,,,,,,,,,,,,,,,,,,,,,,,,,,,,,,,,
,,,,,,,,,,,,,,,,,,,,,,,,,,,,,,,,,,,,,,,,,,,
,,,,,,,,,,,,,,,,,,,,,,,,,,,,,,,,,,,,,,,,,,,
,,,,,,,,,,,,,,,,,,,,,,,,,,,,,,,,,,,,,,,,,,,
,,,,,,,,,,,,,,,,,,,,,,,,,,,,,,,,,,,,,,,,,,,
,,,,,,,,,,,,,,,,,,,,,,,,,,,,,,,,,,,,,,,,,,,
,,,,,,,,,,,,,,,,,,,,,,,,,,,,,,,,,,,,,,,,,,,
,,,,,,,,,,,,,,,,,,,,,,,,,,,,,,,,,,,,,,,,,,,
,,,,,,,,,,,,,,,,,,,,,,,,,,,,,,,,,,,,,,,,,,,
,,,,,,,,,,,,,,,,,,,,,,,,,,,,,,,,,,,,,,,,,,,
,,,,,,,,,,,,,,,,,,,,,,,,,,,,,,,,,,,,,,,,,,,
,,,,,,,,,,,,,,,,,,,,,,,,,,,,,,,,,,,,,,,,,,,
,,,,,,,,,,,,,,,,,,,,,,,,,,,,,,,,,,,,,,,,,,,
,,,,,,,,,,,,,,,,,,,,,,,,,,,,,,,,,,,,,,,,,,,
,,,,,,,,,,,,,,,,,,,,,,,,,,,,,,,,,,,,,,,,,,,
,,,,,,,,,,,,,,,,,,,,,,,,,,,,,,,,,,,,,,,,,,,
,,,,,,,,,,,,,,,,,,,,,,,,,,,,,,,,,,,,,,,,,,,
,,,,,,,,,,,,,,,,,,,,,,,,,,,,,,,,,,,,,,,,,,,
,,,,,,,,,,,,,,,,,,,,,,,,,,,,,,,,,,,,,,,,,,,
,,,,,,,,,,,,,,,,,,,,,,,,,,,,,,,,,,,,,,,,,,,
,,,,,,,,,,,,,,,,,,,,,,,,,,,,,,,,,,,,,,,,,,,
,,,,,,,,,,,,,,,,,,,,,,,,,,,,,,,,,,,,,,,,,,,
,,,,,,,,,,,,,,,,,,,,,,,,,,,,,,,,,,,,,,,,,,,
,,,,,,,,,,,,,,,,,,,,,,,,,,,,,,,,,,,,,,,,,,,
,,,,,,,,,,,,,,,,,,,,,,,,,,,,,,,,,,,,,,,,,,,
,,,,,,,,,,,,,,,,,,,,,,,,,,,,,,,,,,,,,,,,,,,
,,,,,,,,,,,,,,,,,,,,,,,,,,,,,,,,,,,,,,,,,,,
,,,,,,,,,,,,,,,,,,,,,,,,,,,,,,,,,,,,,,,,,,,
,,,,,,,,,,,,,,,,,,,,,,,,,,,,,,,,,,,,,,,,,,,
,,,,,,,,,,,,,,,,,,,,,,,,,,,,,,,,,,,,,,,,,,,
,,,,,,,,,,,,,,,,,,,,,,,,,,,,,,,,,,,,,,,,,,,
,,,,,,,,,,,,,,,,,,,,,,,,,,,,,,,,,,,,,,,,,,,
,,,,,,,,,,,,,,,,,,,,,,,,,,,,,,,,,,,,,,,,,,,
,,,,,,,,,,,,,,,,,,,,,,,,,,,,,,,,,,,,,,,,,,,
,,,,,,,,,,,,,,,,,,,,,,,,,,,,,,,,,,,,,,,,,,,
,,,,,,,,,,,,,,,,,,,,,,,,,,,,,,,,,,,,,,,,,,,
,,,,,,,,,,,,,,,,,,,,,,,,,,,,,,,,,,,,,,,,,,,
,,,,,,,,,,,,,,,,,,,,,,,,,,,,,,,,,,,,,,,,,,,
,,,,,,,,,,,,,,,,,,,,,,,,,,,,,,,,,,,,,,,,,,,
,,,,,,,,,,,,,,,,,,,,,,,,,,,,,,,,,,,,,,,,,,,
,,,,,,,,,,,,,,,,,,,,,,,,,,,,,,,,,,,,,,,,,,,
,,,,,,,,,,,,,,,,,,,,,,,,,,,,,,,,,,,,,,,,,,,
,,,,,,,,,,,,,,,,,,,,,,,,,,,,,,,,,,,,,,,,,,,
,,,,,,,,,,,,,,,,,,,,,,,,,,,,,,,,,,,,,,,,,,,
,,,,,,,,,,,,,,,,,,,,,,,,,,,,,,,,,,,,,,,,,,,
,,,,,,,,,,,,,,,,,,,,,,,,,,,,,,,,,,,,,,,,,,,
,,,,,,,,,,,,,,,,,,,,,,,,,,,,,,,,,,,,,,,,,,,
,,,,,,,,,,,,,,,,,,,,,,,,,,,,,,,,,,,,,,,,,,,
,,,,,,,,,,,,,,,,,,,,,,,,,,,,,,,,,,,,,,,,,,,
,,,,,,,,,,,,,,,,,,,,,,,,,,,,,,,,,,,,,,,,,,,
,,,,,,,,,,,,,,,,,,,,,,,,,,,,,,,,,,,,,,,,,,,
,,,,,,,,,,,,,,,,,,,,,,,,,,,,,,,,,,,,,,,,,,,
,,,,,,,,,,,,,,,,,,,,,,,,,,,,,,,,,,,,,,,,,,,
,,,,,,,,,,,,,,,,,,,,,,,,,,,,,,,,,,,,,,,,,,,
,,,,,,,,,,,,,,,,,,,,,,,,,,,,,,,,,,,,,,,,,,,
,,,,,,,,,,,,,,,,,,,,,,,,,,,,,,,,,,,,,,,,,,,
,,,,,,,,,,,,,,,,,,,,,,,,,,,,,,,,,,,,,,,,,,,
,,,,,,,,,,,,,,,,,,,,,,,,,,,,,,,,,,,,,,,,,,,
,,,,,,,,,,,,,,,,,,,,,,,,,,,,,,,,,,,,,,,,,,,
,,,,,,,,,,,,,,,,,,,,,,,,,,,,,,,,,,,,,,,,,,,
,,,,,,,,,,,,,,,,,,,,,,,,,,,,,,,,,,,,,,,,,,,
,,,,,,,,,,,,,,,,,,,,,,,,,,,,,,,,,,,,,,,,,,,
,,,,,,,,,,,,,,,,,,,,,,,,,,,,,,,,,,,,,,,,,,,
,,,,,,,,,,,,,,,,,,,,,,,,,,,,,,,,,,,,,,,,,,,
,,,,,,,,,,,,,,,,,,,,,,,,,,,,,,,,,,,,,,,,,,,
,,,,,,,,,,,,,,,,,,,,,,,,,,,,,,,,,,,,,,,,,,,
,,,,,,,,,,,,,,,,,,,,,,,,,,,,,,,,,,,,,,,,,,,
,,,,,,,,,,,,,,,,,,,,,,,,,,,,,,,,,,,,,,,,,,,
,,,,,,,,,,,,,,,,,,,,,,,,,,,,,,,,,,,,,,,,,,,
,,,,,,,,,,,,,,,,,,,,,,,,,,,,,,,,,,,,,,,,,,,
,,,,,,,,,,,,,,,,,,,,,,,,,,,,,,,,,,,,,,,,,,,
,,,,,,,,,,,,,,,,,,,,,,,,,,,,,,,,,,,,,,,,,,,
,,,,,,,,,,,,,,,,,,,,,,,,,,,,,,,,,,,,,,,,,,,
,,,,,,,,,,,,,,,,,,,,,,,,,,,,,,,,,,,,,,,,,,,
,,,,,,,,,,,,,,,,,,,,,,,,,,,,,,,,,,,,,,,,,,,
,,,,,,,,,,,,,,,,,,,,,,,,,,,,,,,,,,,,,,,,,,,
,,,,,,,,,,,,,,,,,,,,,,,,,,,,,,,,,,,,,,,,,,,
,,,,,,,,,,,,,,,,,,,,,,,,,,,,,,,,,,,,,,,,,,,
,,,,,,,,,,,,,,,,,,,,,,,,,,,,,,,,,,,,,,,,,,,
,,,,,,,,,,,,,,,,,,,,,,,,,,,,,,,,,,,,,,,,,,,
,,,,,,,,,,,,,,,,,,,,,,,,,,,,,,,,,,,,,,,,,,,
,,,,,,,,,,,,,,,,,,,,,,,,,,,,,,,,,,,,,,,,,,,
,,,,,,,,,,,,,,,,,,,,,,,,,,,,,,,,,,,,,,,,,,,
,,,,,,,,,,,,,,,,,,,,,,,,,,,,,,,,,,,,,,,,,,,
,,,,,,,,,,,,,,,,,,,,,,,,,,,,,,,,,,,,,,,,,,,
,,,,,,,,,,,,,,,,,,,,,,,,,,,,,,,,,,,,,,,,,,,
,,,,,,,,,,,,,,,,,,,,,,,,,,,,,,,,,,,,,,,,,,,
,,,,,,,,,,,,,,,,,,,,,,,,,,,,,,,,,,,,,,,,,,,
,,,,,,,,,,,,,,,,,,,,,,,,,,,,,,,,,,,,,,,,,,,
,,,,,,,,,,,,,,,,,,,,,,,,,,,,,,,,,,,,,,,,,,,
,,,,,,,,,,,,,,,,,,,,,,,,,,,,,,,,,,,,,,,,,,,
,,,,,,,,,,,,,,,,,,,,,,,,,,,,,,,,,,,,,,,,,,,
,,,,,,,,,,,,,,,,,,,,,,,,,,,,,,,,,,,,,,,,,,,
,,,,,,,,,,,,,,,,,,,,,,,,,,,,,,,,,,,,,,,,,,,
,,,,,,,,,,,,,,,,,,,,,,,,,,,,,,,,,,,,,,,,,,,
,,,,,,,,,,,,,,,,,,,,,,,,,,,,,,,,,,,,,,,,,,,
,,,,,,,,,,,,,,,,,,,,,,,,,,,,,,,,,,,,,,,,,,,
,,,,,,,,,,,,,,,,,,,,,,,,,,,,,,,,,,,,,,,,,,,
,,,,,,,,,,,,,,,,,,,,,,,,,,,,,,,,,,,,,,,,,,,
,,,,,,,,,,,,,,,,,,,,,,,,,,,,,,,,,,,,,,,,,,,
,,,,,,,,,,,,,,,,,,,,,,,,,,,,,,,,,,,,,,,,,,,
,,,,,,,,,,,,,,,,,,,,,,,,,,,,,,,,,,,,,,,,,,,
,,,,,,,,,,,,,,,,,,,,,,,,,,,,,,,,,,,,,,,,,,,
,,,,,,,,,,,,,,,,,,,,,,,,,,,,,,,,,,,,,,,,,,,
,,,,,,,,,,,,,,,,,,,,,,,,,,,,,,,,,,,,,,,,,,,
,,,,,,,,,,,,,,,,,,,,,,,,,,,,,,,,,,,,,,,,,,,
,,,,,,,,,,,,,,,,,,,,,,,,,,,,,,,,,,,,,,,,,,,
,,,,,,,,,,,,,,,,,,,,,,,,,,,,,,,,,,,,,,,,,,,
,,,,,,,,,,,,,,,,,,,,,,,,,,,,,,,,,,,,,,,,,,,
,,,,,,,,,,,,,,,,,,,,,,,,,,,,,,,,,,,,,,,,,,,
,,,,,,,,,,,,,,,,,,,,,,,,,,,,,,,,,,,,,,,,,,,
,,,,,,,,,,,,,,,,,,,,,,,,,,,,,,,,,,,,,,,,,,,
,,,,,,,,,,,,,,,,,,,,,,,,,,,,,,,,,,,,,,,,,,,
,,,,,,,,,,,,,,,,,,,,,,,,,,,,,,,,,,,,,,,,,,,
,,,,,,,,,,,,,,,,,,,,,,,,,,,,,,,,,,,,,,,,,,,
,,,,,,,,,,,,,,,,,,,,,,,,,,,,,,,,,,,,,,,,,,,
,,,,,,,,,,,,,,,,,,,,,,,,,,,,,,,,,,,,,,,,,,,
,,,,,,,,,,,,,,,,,,,,,,,,,,,,,,,,,,,,,,,,,,,
,,,,,,,,,,,,,,,,,,,,,,,,,,,,,,,,,,,,,,,,,,,
,,,,,,,,,,,,,,,,,,,,,,,,,,,,,,,,,,,,,,,,,,,
,,,,,,,,,,,,,,,,,,,,,,,,,,,,,,,,,,,,,,,,,,,
,,,,,,,,,,,,,,,,,,,,,,,,,,,,,,,,,,,,,,,,,,,
,,,,,,,,,,,,,,,,,,,,,,,,,,,,,,,,,,,,,,,,,,,
,,,,,,,,,,,,,,,,,,,,,,,,,,,,,,,,,,,,,,,,,,,
,,,,,,,,,,,,,,,,,,,,,,,,,,,,,,,,,,,,,,,,,,,
,,,,,,,,,,,,,,,,,,,,,,,,,,,,,,,,,,,,,,,,,,,
,,,,,,,,,,,,,,,,,,,,,,,,,,,,,,,,,,,,,,,,,,,
,,,,,,,,,,,,,,,,,,,,,,,,,,,,,,,,,,,,,,,,,,,
,,,,,,,,,,,,,,,,,,,,,,,,,,,,,,,,,,,,,,,,,,,
,,,,,,,,,,,,,,,,,,,,,,,,,,,,,,,,,,,,,,,,,,,
,,,,,,,,,,,,,,,,,,,,,,,,,,,,,,,,,,,,,,,,,,,
,,,,,,,,,,,,,,,,,,,,,,,,,,,,,,,,,,,,,,,,,,,
,,,,,,,,,,,,,,,,,,,,,,,,,,,,,,,,,,,,,,,,,,,
,,,,,,,,,,,,,,,,,,,,,,,,,,,,,,,,,,,,,,,,,,,
,,,,,,,,,,,,,,,,,,,,,,,,,,,,,,,,,,,,,,,,,,,
,,,,,,,,,,,,,,,,,,,,,,,,,,,,,,,,,,,,,,,,,,,
,,,,,,,,,,,,,,,,,,,,,,,,,,,,,,,,,,,,,,,,,,,
,,,,,,,,,,,,,,,,,,,,,,,,,,,,,,,,,,,,,,,,,,,
,,,,,,,,,,,,,,,,,,,,,,,,,,,,,,,,,,,,,,,,,,,
,,,,,,,,,,,,,,,,,,,,,,,,,,,,,,,,,,,,,,,,,,,
,,,,,,,,,,,,,,,,,,,,,,,,,,,,,,,,,,,,,,,,,,,
,,,,,,,,,,,,,,,,,,,,,,,,,,,,,,,,,,,,,,,,,,,
,,,,,,,,,,,,,,,,,,,,,,,,,,,,,,,,,,,,,,,,,,,
,,,,,,,,,,,,,,,,,,,,,,,,,,,,,,,,,,,,,,,,,,,
,,,,,,,,,,,,,,,,,,,,,,,,,,,,,,,,,,,,,,,,,,,
,,,,,,,,,,,,,,,,,,,,,,,,,,,,,,,,,,,,,,,,,,,
,,,,,,,,,,,,,,,,,,,,,,,,,,,,,,,,,,,,,,,,,,,
,,,,,,,,,,,,,,,,,,,,,,,,,,,,,,,,,,,,,,,,,,,
,,,,,,,,,,,,,,,,,,,,,,,,,,,,,,,,,,,,,,,,,,,
,,,,,,,,,,,,,,,,,,,,,,,,,,,,,,,,,,,,,,,,,,,
,,,,,,,,,,,,,,,,,,,,,,,,,,,,,,,,,,,,,,,,,,,
,,,,,,,,,,,,,,,,,,,,,,,,,,,,,,,,,,,,,,,,,,,
,,,,,,,,,,,,,,,,,,,,,,,,,,,,,,,,,,,,,,,,,,,
,,,,,,,,,,,,,,,,,,,,,,,,,,,,,,,,,,,,,,,,,,,
,,,,,,,,,,,,,,,,,,,,,,,,,,,,,,,,,,,,,,,,,,,
,,,,,,,,,,,,,,,,,,,,,,,,,,,,,,,,,,,,,,,,,,,
,,,,,,,,,,,,,,,,,,,,,,,,,,,,,,,,,,,,,,,,,,,
,,,,,,,,,,,,,,,,,,,,,,,,,,,,,,,,,,,,,,,,,,,
,,,,,,,,,,,,,,,,,,,,,,,,,,,,,,,,,,,,,,,,,,,
,,,,,,,,,,,,,,,,,,,,,,,,,,,,,,,,,,,,,,,,,,,
,,,,,,,,,,,,,,,,,,,,,,,,,,,,,,,,,,,,,,,,,,,
,,,,,,,,,,,,,,,,,,,,,,,,,,,,,,,,,,,,,,,,,,,
,,,,,,,,,,,,,,,,,,,,,,,,,,,,,,,,,,,,,,,,,,,
,,,,,,,,,,,,,,,,,,,,,,,,,,,,,,,,,,,,,,,,,,,
,,,,,,,,,,,,,,,,,,,,,,,,,,,,,,,,,,,,,,,,,,,
,,,,,,,,,,,,,,,,,,,,,,,,,,,,,,,,,,,,,,,,,,,
,,,,,,,,,,,,,,,,,,,,,,,,,,,,,,,,,,,,,,,,,,,
,,,,,,,,,,,,,,,,,,,,,,,,,,,,,,,,,,,,,,,,,,,
,,,,,,,,,,,,,,,,,,,,,,,,,,,,,,,,,,,,,,,,,,,
,,,,,,,,,,,,,,,,,,,,,,,,,,,,,,,,,,,,,,,,,,,
,,,,,,,,,,,,,,,,,,,,,,,,,,,,,,,,,,,,,,,,,,,
,,,,,,,,,,,,,,,,,,,,,,,,,,,,,,,,,,,,,,,,,,,
,,,,,,,,,,,,,,,,,,,,,,,,,,,,,,,,,,,,,,,,,,,
,,,,,,,,,,,,,,,,,,,,,,,,,,,,,,,,,,,,,,,,,,,
,,,,,,,,,,,,,,,,,,,,,,,,,,,,,,,,,,,,,,,,,,,
,,,,,,,,,,,,,,,,,,,,,,,,,,,,,,,,,,,,,,,,,,,
,,,,,,,,,,,,,,,,,,,,,,,,,,,,,,,,,,,,,,,,,,,
,,,,,,,,,,,,,,,,,,,,,,,,,,,,,,,,,,,,,,,,,,,
,,,,,,,,,,,,,,,,,,,,,,,,,,,,,,,,,,,,,,,,,,,
,,,,,,,,,,,,,,,,,,,,,,,,,,,,,,,,,,,,,,,,,,,
,,,,,,,,,,,,,,,,,,,,,,,,,,,,,,,,,,,,,,,,,,,
,,,,,,,,,,,,,,,,,,,,,,,,,,,,,,,,,,,,,,,,,,,
,,,,,,,,,,,,,,,,,,,,,,,,,,,,,,,,,,,,,,,,,,,
,,,,,,,,,,,,,,,,,,,,,,,,,,,,,,,,,,,,,,,,,,,
,,,,,,,,,,,,,,,,,,,,,,,,,,,,,,,,,,,,,,,,,,,
,,,,,,,,,,,,,,,,,,,,,,,,,,,,,,,,,,,,,,,,,,,
,,,,,,,,,,,,,,,,,,,,,,,,,,,,,,,,,,,,,,,,,,,
,,,,,,,,,,,,,,,,,,,,,,,,,,,,,,,,,,,,,,,,,,,
,,,,,,,,,,,,,,,,,,,,,,,,,,,,,,,,,,,,,,,,,,,
,,,,,,,,,,,,,,,,,,,,,,,,,,,,,,,,,,,,,,,,,,,
,,,,,,,,,,,,,,,,,,,,,,,,,,,,,,,,,,,,,,,,,,,
,,,,,,,,,,,,,,,,,,,,,,,,,,,,,,,,,,,,,,,,,,,
,,,,,,,,,,,,,,,,,,,,,,,,,,,,,,,,,,,,,,,,,,,
,,,,,,,,,,,,,,,,,,,,,,,,,,,,,,,,,,,,,,,,,,,
,,,,,,,,,,,,,,,,,,,,,,,,,,,,,,,,,,,,,,,,,,,
,,,,,,,,,,,,,,,,,,,,,,,,,,,,,,,,,,,,,,,,,,,
,,,,,,,,,,,,,,,,,,,,,,,,,,,,,,,,,,,,,,,,,,,
,,,,,,,,,,,,,,,,,,,,,,,,,,,,,,,,,,,,,,,,,,,
,,,,,,,,,,,,,,,,,,,,,,,,,,,,,,,,,,,,,,,,,,,
,,,,,,,,,,,,,,,,,,,,,,,,,,,,,,,,,,,,,,,,,,,
,,,,,,,,,,,,,,,,,,,,,,,,,,,,,,,,,,,,,,,,,,,
,,,,,,,,,,,,,,,,,,,,,,,,,,,,,,,,,,,,,,,,,,,
,,,,,,,,,,,,,,,,,,,,,,,,,,,,,,,,,,,,,,,,,,,
,,,,,,,,,,,,,,,,,,,,,,,,,,,,,,,,,,,,,,,,,,,
,,,,,,,,,,,,,,,,,,,,,,,,,,,,,,,,,,,,,,,,,,,
,,,,,,,,,,,,,,,,,,,,,,,,,,,,,,,,,,,,,,,,,,,
,,,,,,,,,,,,,,,,,,,,,,,,,,,,,,,,,,,,,,,,,,,
,,,,,,,,,,,,,,,,,,,,,,,,,,,,,,,,,,,,,,,,,,,
,,,,,,,,,,,,,,,,,,,,,,,,,,,,,,,,,,,,,,,,,,,
,,,,,,,,,,,,,,,,,,,,,,,,,,,,,,,,,,,,,,,,,,,
,,,,,,,,,,,,,,,,,,,,,,,,,,,,,,,,,,,,,,,,,,,
,,,,,,,,,,,,,,,,,,,,,,,,,,,,,,,,,,,,,,,,,,,
,,,,,,,,,,,,,,,,,,,,,,,,,,,,,,,,,,,,,,,,,,,
,,,,,,,,,,,,,,,,,,,,,,,,,,,,,,,,,,,,,,,,,,,
,,,,,,,,,,,,,,,,,,,,,,,,,,,,,,,,,,,,,,,,,,,
,,,,,,,,,,,,,,,,,,,,,,,,,,,,,,,,,,,,,,,,,,,
,,,,,,,,,,,,,,,,,,,,,,,,,,,,,,,,,,,,,,,,,,,
,,,,,,,,,,,,,,,,,,,,,,,,,,,,,,,,,,,,,,,,,,,
,,,,,,,,,,,,,,,,,,,,,,,,,,,,,,,,,,,,,,,,,,,
,,,,,,,,,,,,,,,,,,,,,,,,,,,,,,,,,,,,,,,,,,,
,,,,,,,,,,,,,,,,,,,,,,,,,,,,,,,,,,,,,,,,,,,
,,,,,,,,,,,,,,,,,,,,,,,,,,,,,,,,,,,,,,,,,,,
,,,,,,,,,,,,,,,,,,,,,,,,,,,,,,,,,,,,,,,,,,,
,,,,,,,,,,,,,,,,,,,,,,,,,,,,,,,,,,,,,,,,,,,
,,,,,,,,,,,,,,,,,,,,,,,,,,,,,,,,,,,,,,,,,,,
,,,,,,,,,,,,,,,,,,,,,,,,,,,,,,,,,,,,,,,,,,,
,,,,,,,,,,,,,,,,,,,,,,,,,,,,,,,,,,,,,,,,,,,
,,,,,,,,,,,,,,,,,,,,,,,,,,,,,,,,,,,,,,,,,,,
,,,,,,,,,,,,,,,,,,,,,,,,,,,,,,,,,,,,,,,,,,,
,,,,,,,,,,,,,,,,,,,,,,,,,,,,,,,,,,,,,,,,,,,
,,,,,,,,,,,,,,,,,,,,,,,,,,,,,,,,,,,,,,,,,,,
,,,,,,,,,,,,,,,,,,,,,,,,,,,,,,,,,,,,,,,,,,,
,,,,,,,,,,,,,,,,,,,,,,,,,,,,,,,,,,,,,,,,,,,
,,,,,,,,,,,,,,,,,,,,,,,,,,,,,,,,,,,,,,,,,,,
,,,,,,,,,,,,,,,,,,,,,,,,,,,,,,,,,,,,,,,,,,,
,,,,,,,,,,,,,,,,,,,,,,,,,,,,,,,,,,,,,,,,,,,
,,,,,,,,,,,,,,,,,,,,,,,,,,,,,,,,,,,,,,,,,,,
,,,,,,,,,,,,,,,,,,,,,,,,,,,,,,,,,,,,,,,,,,,
,,,,,,,,,,,,,,,,,,,,,,,,,,,,,,,,,,,,,,,,,,,
,,,,,,,,,,,,,,,,,,,,,,,,,,,,,,,,,,,,,,,,,,,
,,,,,,,,,,,,,,,,,,,,,,,,,,,,,,,,,,,,,,,,,,,
,,,,,,,,,,,,,,,,,,,,,,,,,,,,,,,,,,,,,,,,,,,
,,,,,,,,,,,,,,,,,,,,,,,,,,,,,,,,,,,,,,,,,,,
,,,,,,,,,,,,,,,,,,,,,,,,,,,,,,,,,,,,,,,,,,,
,,,,,,,,,,,,,,,,,,,,,,,,,,,,,,,,,,,,,,,,,,,
,,,,,,,,,,,,,,,,,,,,,,,,,,,,,,,,,,,,,,,,,,,
,,,,,,,,,,,,,,,,,,,,,,,,,,,,,,,,,,,,,,,,,,,
,,,,,,,,,,,,,,,,,,,,,,,,,,,,,,,,,,,,,,,,,,,
,,,,,,,,,,,,,,,,,,,,,,,,,,,,,,,,,,,,,,,,,,,
,,,,,,,,,,,,,,,,,,,,,,,,,,,,,,,,,,,,,,,,,,,
,,,,,,,,,,,,,,,,,,,,,,,,,,,,,,,,,,,,,,,,,,,
,,,,,,,,,,,,,,,,,,,,,,,,,,,,,,,,,,,,,,,,,,,
,,,,,,,,,,,,,,,,,,,,,,,,,,,,,,,,,,,,,,,,,,,
,,,,,,,,,,,,,,,,,,,,,,,,,,,,,,,,,,,,,,,,,,,
,,,,,,,,,,,,,,,,,,,,,,,,,,,,,,,,,,,,,,,,,,,
,,,,,,,,,,,,,,,,,,,,,,,,,,,,,,,,,,,,,,,,,,,
,,,,,,,,,,,,,,,,,,,,,,,,,,,,,,,,,,,,,,,,,,,
,,,,,,,,,,,,,,,,,,,,,,,,,,,,,,,,,,,,,,,,,,,
,,,,,,,,,,,,,,,,,,,,,,,,,,,,,,,,,,,,,,,,,,,
,,,,,,,,,,,,,,,,,,,,,,,,,,,,,,,,,,,,,,,,,,,
,,,,,,,,,,,,,,,,,,,,,,,,,,,,,,,,,,,,,,,,,,,
,,,,,,,,,,,,,,,,,,,,,,,,,,,,,,,,,,,,,,,,,,,
,,,,,,,,,,,,,,,,,,,,,,,,,,,,,,,,,,,,,,,,,,,
,,,,,,,,,,,,,,,,,,,,,,,,,,,,,,,,,,,,,,,,,,,
,,,,,,,,,,,,,,,,,,,,,,,,,,,,,,,,,,,,,,,,,,,
,,,,,,,,,,,,,,,,,,,,,,,,,,,,,,,,,,,,,,,,,,,
,,,,,,,,,,,,,,,,,,,,,,,,,,,,,,,,,,,,,,,,,,,
,,,,,,,,,,,,,,,,,,,,,,,,,,,,,,,,,,,,,,,,,,,
,,,,,,,,,,,,,,,,,,,,,,,,,,,,,,,,,,,,,,,,,,,
,,,,,,,,,,,,,,,,,,,,,,,,,,,,,,,,,,,,,,,,,,,
,,,,,,,,,,,,,,,,,,,,,,,,,,,,,,,,,,,,,,,,,,,
,,,,,,,,,,,,,,,,,,,,,,,,,,,,,,,,,,,,,,,,,,,
,,,,,,,,,,,,,,,,,,,,,,,,,,,,,,,,,,,,,,,,,,,
,,,,,,,,,,,,,,,,,,,,,,,,,,,,,,,,,,,,,,,,,,,
,,,,,,,,,,,,,,,,,,,,,,,,,,,,,,,,,,,,,,,,,,,
,,,,,,,,,,,,,,,,,,,,,,,,,,,,,,,,,,,,,,,,,,,
,,,,,,,,,,,,,,,,,,,,,,,,,,,,,,,,,,,,,,,,,,,
,,,,,,,,,,,,,,,,,,,,,,,,,,,,,,,,,,,,,,,,,,,
,,,,,,,,,,,,,,,,,,,,,,,,,,,,,,,,,,,,,,,,,,,
,,,,,,,,,,,,,,,,,,,,,,,,,,,,,,,,,,,,,,,,,,,
,,,,,,,,,,,,,,,,,,,,,,,,,,,,,,,,,,,,,,,,,,,
,,,,,,,,,,,,,,,,,,,,,,,,,,,,,,,,,,,,,,,,,,,
,,,,,,,,,,,,,,,,,,,,,,,,,,,,,,,,,,,,,,,,,,,
,,,,,,,,,,,,,,,,,,,,,,,,,,,,,,,,,,,,,,,,,,,
,,,,,,,,,,,,,,,,,,,,,,,,,,,,,,,,,,,,,,,,,,,
,,,,,,,,,,,,,,,,,,,,,,,,,,,,,,,,,,,,,,,,,,,
,,,,,,,,,,,,,,,,,,,,,,,,,,,,,,,,,,,,,,,,,,,
,,,,,,,,,,,,,,,,,,,,,,,,,,,,,,,,,,,,,,,,,,,
,,,,,,,,,,,,,,,,,,,,,,,,,,,,,,,,,,,,,,,,,,,
,,,,,,,,,,,,,,,,,,,,,,,,,,,,,,,,,,,,,,,,,,,
,,,,,,,,,,,,,,,,,,,,,,,,,,,,,,,,,,,,,,,,,,,
,,,,,,,,,,,,,,,,,,,,,,,,,,,,,,,,,,,,,,,,,,,
,,,,,,,,,,,,,,,,,,,,,,,,,,,,,,,,,,,,,,,,,,,
,,,,,,,,,,,,,,,,,,,,,,,,,,,,,,,,,,,,,,,,,,,
,,,,,,,,,,,,,,,,,,,,,,,,,,,,,,,,,,,,,,,,,,,
,,,,,,,,,,,,,,,,,,,,,,,,,,,,,,,,,,,,,,,,,,,
,,,,,,,,,,,,,,,,,,,,,,,,,,,,,,,,,,,,,,,,,,,
,,,,,,,,,,,,,,,,,,,,,,,,,,,,,,,,,,,,,,,,,,,
,,,,,,,,,,,,,,,,,,,,,,,,,,,,,,,,,,,,,,,,,,,
,,,,,,,,,,,,,,,,,,,,,,,,,,,,,,,,,,,,,,,,,,,
,,,,,,,,,,,,,,,,,,,,,,,,,,,,,,,,,,,,,,,,,,,
,,,,,,,,,,,,,,,,,,,,,,,,,,,,,,,,,,,,,,,,,,,
,,,,,,,,,,,,,,,,,,,,,,,,,,,,,,,,,,,,,,,,,,,
,,,,,,,,,,,,,,,,,,,,,,,,,,,,,,,,,,,,,,,,,,,
,,,,,,,,,,,,,,,,,,,,,,,,,,,,,,,,,,,,,,,,,,,
,,,,,,,,,,,,,,,,,,,,,,,,,,,,,,,,,,,,,,,,,,,
,,,,,,,,,,,,,,,,,,,,,,,,,,,,,,,,,,,,,,,,,,,
,,,,,,,,,,,,,,,,,,,,,,,,,,,,,,,,,,,,,,,,,,,
,,,,,,,,,,,,,,,,,,,,,,,,,,,,,,,,,,,,,,,,,,,
,,,,,,,,,,,,,,,,,,,,,,,,,,,,,,,,,,,,,,,,,,,
,,,,,,,,,,,,,,,,,,,,,,,,,,,,,,,,,,,,,,,,,,,
,,,,,,,,,,,,,,,,,,,,,,,,,,,,,,,,,,,,,,,,,,,
,,,,,,,,,,,,,,,,,,,,,,,,,,,,,,,,,,,,,,,,,,,
,,,,,,,,,,,,,,,,,,,,,,,,,,,,,,,,,,,,,,,,,,,
,,,,,,,,,,,,,,,,,,,,,,,,,,,,,,,,,,,,,,,,,,,
,,,,,,,,,,,,,,,,,,,,,,,,,,,,,,,,,,,,,,,,,,,
,,,,,,,,,,,,,,,,,,,,,,,,,,,,,,,,,,,,,,,,,,,
,,,,,,,,,,,,,,,,,,,,,,,,,,,,,,,,,,,,,,,,,,,
,,,,,,,,,,,,,,,,,,,,,,,,,,,,,,,,,,,,,,,,,,,
,,,,,,,,,,,,,,,,,,,,,,,,,,,,,,,,,,,,,,,,,,,
,,,,,,,,,,,,,,,,,,,,,,,,,,,,,,,,,,,,,,,,,,,
,,,,,,,,,,,,,,,,,,,,,,,,,,,,,,,,,,,,,,,,,,,
,,,,,,,,,,,,,,,,,,,,,,,,,,,,,,,,,,,,,,,,,,,
,,,,,,,,,,,,,,,,,,,,,,,,,,,,,,,,,,,,,,,,,,,
,,,,,,,,,,,,,,,,,,,,,,,,,,,,,,,,,,,,,,,,,,,
,,,,,,,,,,,,,,,,,,,,,,,,,,,,,,,,,,,,,,,,,,,
,,,,,,,,,,,,,,,,,,,,,,,,,,,,,,,,,,,,,,,,,,,
,,,,,,,,,,,,,,,,,,,,,,,,,,,,,,,,,,,,,,,,,,,
,,,,,,,,,,,,,,,,,,,,,,,,,,,,,,,,,,,,,,,,,,,
,,,,,,,,,,,,,,,,,,,,,,,,,,,,,,,,,,,,,,,,,,,
,,,,,,,,,,,,,,,,,,,,,,,,,,,,,,,,,,,,,,,,,,,
,,,,,,,,,,,,,,,,,,,,,,,,,,,,,,,,,,,,,,,,,,,
,,,,,,,,,,,,,,,,,,,,,,,,,,,,,,,,,,,,,,,,,,,
,,,,,,,,,,,,,,,,,,,,,,,,,,,,,,,,,,,,,,,,,,,
,,,,,,,,,,,,,,,,,,,,,,,,,,,,,,,,,,,,,,,,,,,
,,,,,,,,,,,,,,,,,,,,,,,,,,,,,,,,,,,,,,,,,,,
,,,,,,,,,,,,,,,,,,,,,,,,,,,,,,,,,,,,,,,,,,,
,,,,,,,,,,,,,,,,,,,,,,,,,,,,,,,,,,,,,,,,,,,
,,,,,,,,,,,,,,,,,,,,,,,,,,,,,,,,,,,,,,,,,,,
,,,,,,,,,,,,,,,,,,,,,,,,,,,,,,,,,,,,,,,,,,,
,,,,,,,,,,,,,,,,,,,,,,,,,,,,,,,,,,,,,,,,,,,
,,,,,,,,,,,,,,,,,,,,,,,,,,,,,,,,,,,,,,,,,,,
,,,,,,,,,,,,,,,,,,,,,,,,,,,,,,,,,,,,,,,,,,,
,,,,,,,,,,,,,,,,,,,,,,,,,,,,,,,,,,,,,,,,,,,
,,,,,,,,,,,,,,,,,,,,,,,,,,,,,,,,,,,,,,,,,,,
,,,,,,,,,,,,,,,,,,,,,,,,,,,,,,,,,,,,,,,,,,,
,,,,,,,,,,,,,,,,,,,,,,,,,,,,,,,,,,,,,,,,,,,
,,,,,,,,,,,,,,,,,,,,,,,,,,,,,,,,,,,,,,,,,,,
,,,,,,,,,,,,,,,,,,,,,,,,,,,,,,,,,,,,,,,,,,,
,,,,,,,,,,,,,,,,,,,,,,,,,,,,,,,,,,,,,,,,,,,
,,,,,,,,,,,,,,,,,,,,,,,,,,,,,,,,,,,,,,,,,,,
,,,,,,,,,,,,,,,,,,,,,,,,,,,,,,,,,,,,,,,,,,,
,,,,,,,,,,,,,,,,,,,,,,,,,,,,,,,,,,,,,,,,,,,
,,,,,,,,,,,,,,,,,,,,,,,,,,,,,,,,,,,,,,,,,,,
,,,,,,,,,,,,,,,,,,,,,,,,,,,,,,,,,,,,,,,,,,,
,,,,,,,,,,,,,,,,,,,,,,,,,,,,,,,,,,,,,,,,,,,
,,,,,,,,,,,,,,,,,,,,,,,,,,,,,,,,,,,,,,,,,,,
,,,,,,,,,,,,,,,,,,,,,,,,,,,,,,,,,,,,,,,,,,,
,,,,,,,,,,,,,,,,,,,,,,,,,,,,,,,,,,,,,,,,,,,
,,,,,,,,,,,,,,,,,,,,,,,,,,,,,,,,,,,,,,,,,,,
,,,,,,,,,,,,,,,,,,,,,,,,,,,,,,,,,,,,,,,,,,,
,,,,,,,,,,,,,,,,,,,,,,,,,,,,,,,,,,,,,,,,,,,
,,,,,,,,,,,,,,,,,,,,,,,,,,,,,,,,,,,,,,,,,,,
,,,,,,,,,,,,,,,,,,,,,,,,,,,,,,,,,,,,,,,,,,,
,,,,,,,,,,,,,,,,,,,,,,,,,,,,,,,,,,,,,,,,,,,
,,,,,,,,,,,,,,,,,,,,,,,,,,,,,,,,,,,,,,,,,,,
,,,,,,,,,,,,,,,,,,,,,,,,,,,,,,,,,,,,,,,,,,,
,,,,,,,,,,,,,,,,,,,,,,,,,,,,,,,,,,,,,,,,,,,
,,,,,,,,,,,,,,,,,,,,,,,,,,,,,,,,,,,,,,,,,,,
,,,,,,,,,,,,,,,,,,,,,,,,,,,,,,,,,,,,,,,,,,,
,,,,,,,,,,,,,,,,,,,,,,,,,,,,,,,,,,,,,,,,,,,
,,,,,,,,,,,,,,,,,,,,,,,,,,,,,,,,,,,,,,,,,,,
,,,,,,,,,,,,,,,,,,,,,,,,,,,,,,,,,,,,,,,,,,,
,,,,,,,,,,,,,,,,,,,,,,,,,,,,,,,,,,,,,,,,,,,
,,,,,,,,,,,,,,,,,,,,,,,,,,,,,,,,,,,,,,,,,,,
,,,,,,,,,,,,,,,,,,,,,,,,,,,,,,,,,,,,,,,,,,,
,,,,,,,,,,,,,,,,,,,,,,,,,,,,,,,,,,,,,,,,,,,
,,,,,,,,,,,,,,,,,,,,,,,,,,,,,,,,,,,,,,,,,,,
,,,,,,,,,,,,,,,,,,,,,,,,,,,,,,,,,,,,,,,,,,,
,,,,,,,,,,,,,,,,,,,,,,,,,,,,,,,,,,,,,,,,,,,
,,,,,,,,,,,,,,,,,,,,,,,,,,,,,,,,,,,,,,,,,,,
,,,,,,,,,,,,,,,,,,,,,,,,,,,,,,,,,,,,,,,,,,,
,,,,,,,,,,,,,,,,,,,,,,,,,,,,,,,,,,,,,,,,,,,
,,,,,,,,,,,,,,,,,,,,,,,,,,,,,,,,,,,,,,,,,,,
,,,,,,,,,,,,,,,,,,,,,,,,,,,,,,,,,,,,,,,,,,,
,,,,,,,,,,,,,,,,,,,,,,,,,,,,,,,,,,,,,,,,,,,
,,,,,,,,,,,,,,,,,,,,,,,,,,,,,,,,,,,,,,,,,,,
,,,,,,,,,,,,,,,,,,,,,,,,,,,,,,,,,,,,,,,,,,,
,,,,,,,,,,,,,,,,,,,,,,,,,,,,,,,,,,,,,,,,,,,
,,,,,,,,,,,,,,,,,,,,,,,,,,,,,,,,,,,,,,,,,,,
,,,,,,,,,,,,,,,,,,,,,,,,,,,,,,,,,,,,,,,,,,,
,,,,,,,,,,,,,,,,,,,,,,,,,,,,,,,,,,,,,,,,,,,
,,,,,,,,,,,,,,,,,,,,,,,,,,,,,,,,,,,,,,,,,,,
,,,,,,,,,,,,,,,,,,,,,,,,,,,,,,,,,,,,,,,,,,,
,,,,,,,,,,,,,,,,,,,,,,,,,,,,,,,,,,,,,,,,,,,
,,,,,,,,,,,,,,,,,,,,,,,,,,,,,,,,,,,,,,,,,,,
,,,,,,,,,,,,,,,,,,,,,,,,,,,,,,,,,,,,,,,,,,,
,,,,,,,,,,,,,,,,,,,,,,,,,,,,,,,,,,,,,,,,,,,
,,,,,,,,,,,,,,,,,,,,,,,,,,,,,,,,,,,,,,,,,,,
,,,,,,,,,,,,,,,,,,,,,,,,,,,,,,,,,,,,,,,,,,,
,,,,,,,,,,,,,,,,,,,,,,,,,,,,,,,,,,,,,,,,,,,
,,,,,,,,,,,,,,,,,,,,,,,,,,,,,,,,,,,,,,,,,,,
,,,,,,,,,,,,,,,,,,,,,,,,,,,,,,,,,,,,,,,,,,,
,,,,,,,,,,,,,,,,,,,,,,,,,,,,,,,,,,,,,,,,,,,
,,,,,,,,,,,,,,,,,,,,,,,,,,,,,,,,,,,,,,,,,,,
,,,,,,,,,,,,,,,,,,,,,,,,,,,,,,,,,,,,,,,,,,,
,,,,,,,,,,,,,,,,,,,,,,,,,,,,,,,,,,,,,,,,,,,
,,,,,,,,,,,,,,,,,,,,,,,,,,,,,,,,,,,,,,,,,,,
,,,,,,,,,,,,,,,,,,,,,,,,,,,,,,,,,,,,,,,,,,,
,,,,,,,,,,,,,,,,,,,,,,,,,,,,,,,,,,,,,,,,,,,
,,,,,,,,,,,,,,,,,,,,,,,,,,,,,,,,,,,,,,,,,,,
,,,,,,,,,,,,,,,,,,,,,,,,,,,,,,,,,,,,,,,,,,,
,,,,,,,,,,,,,,,,,,,,,,,,,,,,,,,,,,,,,,,,,,,
,,,,,,,,,,,,,,,,,,,,,,,,,,,,,,,,,,,,,,,,,,,
,,,,,,,,,,,,,,,,,,,,,,,,,,,,,,,,,,,,,,,,,,,
,,,,,,,,,,,,,,,,,,,,,,,,,,,,,,,,,,,,,,,,,,,
,,,,,,,,,,,,,,,,,,,,,,,,,,,,,,,,,,,,,,,,,,,
,,,,,,,,,,,,,,,,,,,,,,,,,,,,,,,,,,,,,,,,,,,
,,,,,,,,,,,,,,,,,,,,,,,,,,,,,,,,,,,,,,,,,,,
,,,,,,,,,,,,,,,,,,,,,,,,,,,,,,,,,,,,,,,,,,,
,,,,,,,,,,,,,,,,,,,,,,,,,,,,,,,,,,,,,,,,,,,
,,,,,,,,,,,,,,,,,,,,,,,,,,,,,,,,,,,,,,,,,,,
,,,,,,,,,,,,,,,,,,,,,,,,,,,,,,,,,,,,,,,,,,,
,,,,,,,,,,,,,,,,,,,,,,,,,,,,,,,,,,,,,,,,,,,
,,,,,,,,,,,,,,,,,,,,,,,,,,,,,,,,,,,,,,,,,,,
,,,,,,,,,,,,,,,,,,,,,,,,,,,,,,,,,,,,,,,,,,,
,,,,,,,,,,,,,,,,,,,,,,,,,,,,,,,,,,,,,,,,,,,
,,,,,,,,,,,,,,,,,,,,,,,,,,,,,,,,,,,,,,,,,,,
,,,,,,,,,,,,,,,,,,,,,,,,,,,,,,,,,,,,,,,,,,,
,,,,,,,,,,,,,,,,,,,,,,,,,,,,,,,,,,,,,,,,,,,
,,,,,,,,,,,,,,,,,,,,,,,,,,,,,,,,,,,,,,,,,,,
,,,,,,,,,,,,,,,,,,,,,,,,,,,,,,,,,,,,,,,,,,,
,,,,,,,,,,,,,,,,,,,,,,,,,,,,,,,,,,,,,,,,,,,
,,,,,,,,,,,,,,,,,,,,,,,,,,,,,,,,,,,,,,,,,,,
,,,,,,,,,,,,,,,,,,,,,,,,,,,,,,,,,,,,,,,,,,,
,,,,,,,,,,,,,,,,,,,,,,,,,,,,,,,,,,,,,,,,,,,
,,,,,,,,,,,,,,,,,,,,,,,,,,,,,,,,,,,,,,,,,,,
,,,,,,,,,,,,,,,,,,,,,,,,,,,,,,,,,,,,,,,,,,,
,,,,,,,,,,,,,,,,,,,,,,,,,,,,,,,,,,,,,,,,,,,
,,,,,,,,,,,,,,,,,,,,,,,,,,,,,,,,,,,,,,,,,,,
,,,,,,,,,,,,,,,,,,,,,,,,,,,,,,,,,,,,,,,,,,,
,,,,,,,,,,,,,,,,,,,,,,,,,,,,,,,,,,,,,,,,,,,
,,,,,,,,,,,,,,,,,,,,,,,,,,,,,,,,,,,,,,,,,,,
,,,,,,,,,,,,,,,,,,,,,,,,,,,,,,,,,,,,,,,,,,,
,,,,,,,,,,,,,,,,,,,,,,,,,,,,,,,,,,,,,,,,,,,
,,,,,,,,,,,,,,,,,,,,,,,,,,,,,,,,,,,,,,,,,,,
,,,,,,,,,,,,,,,,,,,,,,,,,,,,,,,,,,,,,,,,,,,
,,,,,,,,,,,,,,,,,,,,,,,,,,,,,,,,,,,,,,,,,,,
,,,,,,,,,,,,,,,,,,,,,,,,,,,,,,,,,,,,,,,,,,,
,,,,,,,,,,,,,,,,,,,,,,,,,,,,,,,,,,,,,,,,,,,
,,,,,,,,,,,,,,,,,,,,,,,,,,,,,,,,,,,,,,,,,,,
,,,,,,,,,,,,,,,,,,,,,,,,,,,,,,,,,,,,,,,,,,,
,,,,,,,,,,,,,,,,,,,,,,,,,,,,,,,,,,,,,,,,,,,
,,,,,,,,,,,,,,,,,,,,,,,,,,,,,,,,,,,,,,,,,,,
,,,,,,,,,,,,,,,,,,,,,,,,,,,,,,,,,,,,,,,,,,,
,,,,,,,,,,,,,,,,,,,,,,,,,,,,,,,,,,,,,,,,,,,
,,,,,,,,,,,,,,,,,,,,,,,,,,,,,,,,,,,,,,,,,,,
,,,,,,,,,,,,,,,,,,,,,,,,,,,,,,,,,,,,,,,,,,,
,,,,,,,,,,,,,,,,,,,,,,,,,,,,,,,,,,,,,,,,,,,
,,,,,,,,,,,,,,,,,,,,,,,,,,,,,,,,,,,,,,,,,,,
,,,,,,,,,,,,,,,,,,,,,,,,,,,,,,,,,,,,,,,,,,,
,,,,,,,,,,,,,,,,,,,,,,,,,,,,,,,,,,,,,,,,,,,
,,,,,,,,,,,,,,,,,,,,,,,,,,,,,,,,,,,,,,,,,,,
,,,,,,,,,,,,,,,,,,,,,,,,,,,,,,,,,,,,,,,,,,,
,,,,,,,,,,,,,,,,,,,,,,,,,,,,,,,,,,,,,,,,,,,
,,,,,,,,,,,,,,,,,,,,,,,,,,,,,,,,,,,,,,,,,,,
,,,,,,,,,,,,,,,,,,,,,,,,,,,,,,,,,,,,,,,,,,,
,,,,,,,,,,,,,,,,,,,,,,,,,,,,,,,,,,,,,,,,,,,
,,,,,,,,,,,,,,,,,,,,,,,,,,,,,,,,,,,,,,,,,,,
,,,,,,,,,,,,,,,,,,,,,,,,,,,,,,,,,,,,,,,,,,,
,,,,,,,,,,,,,,,,,,,,,,,,,,,,,,,,,,,,,,,,,,,
,,,,,,,,,,,,,,,,,,,,,,,,,,,,,,,,,,,,,,,,,,,
,,,,,,,,,,,,,,,,,,,,,,,,,,,,,,,,,,,,,,,,,,,
,,,,,,,,,,,,,,,,,,,,,,,,,,,,,,,,,,,,,,,,,,,
,,,,,,,,,,,,,,,,,,,,,,,,,,,,,,,,,,,,,,,,,,,
,,,,,,,,,,,,,,,,,,,,,,,,,,,,,,,,,,,,,,,,,,,
,,,,,,,,,,,,,,,,,,,,,,,,,,,,,,,,,,,,,,,,,,,
,,,,,,,,,,,,,,,,,,,,,,,,,,,,,,,,,,,,,,,,,,,
,,,,,,,,,,,,,,,,,,,,,,,,,,,,,,,,,,,,,,,,,,,
,,,,,,,,,,,,,,,,,,,,,,,,,,,,,,,,,,,,,,,,,,,
,,,,,,,,,,,,,,,,,,,,,,,,,,,,,,,,,,,,,,,,,,,
,,,,,,,,,,,,,,,,,,,,,,,,,,,,,,,,,,,,,,,,,,,
,,,,,,,,,,,,,,,,,,,,,,,,,,,,,,,,,,,,,,,,,,,
,,,,,,,,,,,,,,,,,,,,,,,,,,,,,,,,,,,,,,,,,,,
,,,,,,,,,,,,,,,,,,,,,,,,,,,,,,,,,,,,,,,,,,,
,,,,,,,,,,,,,,,,,,,,,,,,,,,,,,,,,,,,,,,,,,,
,,,,,,,,,,,,,,,,,,,,,,,,,,,,,,,,,,,,,,,,,,,
,,,,,,,,,,,,,,,,,,,,,,,,,,,,,,,,,,,,,,,,,,,
,,,,,,,,,,,,,,,,,,,,,,,,,,,,,,,,,,,,,,,,,,,
,,,,,,,,,,,,,,,,,,,,,,,,,,,,,,,,,,,,,,,,,,,
,,,,,,,,,,,,,,,,,,,,,,,,,,,,,,,,,,,,,,,,,,,
,,,,,,,,,,,,,,,,,,,,,,,,,,,,,,,,,,,,,,,,,,,
,,,,,,,,,,,,,,,,,,,,,,,,,,,,,,,,,,,,,,,,,,,
,,,,,,,,,,,,,,,,,,,,,,,,,,,,,,,,,,,,,,,,,,,
,,,,,,,,,,,,,,,,,,,,,,,,,,,,,,,,,,,,,,,,,,,
,,,,,,,,,,,,,,,,,,,,,,,,,,,,,,,,,,,,,,,,,,,
,,,,,,,,,,,,,,,,,,,,,,,,,,,,,,,,,,,,,,,,,,,
,,,,,,,,,,,,,,,,,,,,,,,,,,,,,,,,,,,,,,,,,,,
,,,,,,,,,,,,,,,,,,,,,,,,,,,,,,,,,,,,,,,,,,,
,,,,,,,,,,,,,,,,,,,,,,,,,,,,,,,,,,,,,,,,,,,
,,,,,,,,,,,,,,,,,,,,,,,,,,,,,,,,,,,,,,,,,,,
,,,,,,,,,,,,,,,,,,,,,,,,,,,,,,,,,,,,,,,,,,,
,,,,,,,,,,,,,,,,,,,,,,,,,,,,,,,,,,,,,,,,,,,
,,,,,,,,,,,,,,,,,,,,,,,,,,,,,,,,,,,,,,,,,,,
,,,,,,,,,,,,,,,,,,,,,,,,,,,,,,,,,,,,,,,,,,,
,,,,,,,,,,,,,,,,,,,,,,,,,,,,,,,,,,,,,,,,,,,
,,,,,,,,,,,,,,,,,,,,,,,,,,,,,,,,,,,,,,,,,,,
,,,,,,,,,,,,,,,,,,,,,,,,,,,,,,,,,,,,,,,,,,,
,,,,,,,,,,,,,,,,,,,,,,,,,,,,,,,,,,,,,,,,,,,
,,,,,,,,,,,,,,,,,,,,,,,,,,,,,,,,,,,,,,,,,,,
,,,,,,,,,,,,,,,,,,,,,,,,,,,,,,,,,,,,,,,,,,,
,,,,,,,,,,,,,,,,,,,,,,,,,,,,,,,,,,,,,,,,,,,
,,,,,,,,,,,,,,,,,,,,,,,,,,,,,,,,,,,,,,,,,,,
,,,,,,,,,,,,,,,,,,,,,,,,,,,,,,,,,,,,,,,,,,,
,,,,,,,,,,,,,,,,,,,,,,,,,,,,,,,,,,,,,,,,,,,
,,,,,,,,,,,,,,,,,,,,,,,,,,,,,,,,,,,,,,,,,,,
,,,,,,,,,,,,,,,,,,,,,,,,,,,,,,,,,,,,,,,,,,,
,,,,,,,,,,,,,,,,,,,,,,,,,,,,,,,,,,,,,,,,,,,
,,,,,,,,,,,,,,,,,,,,,,,,,,,,,,,,,,,,,,,,,,,
,,,,,,,,,,,,,,,,,,,,,,,,,,,,,,,,,,,,,,,,,,,
,,,,,,,,,,,,,,,,,,,,,,,,,,,,,,,,,,,,,,,,,,,
,,,,,,,,,,,,,,,,,,,,,,,,,,,,,,,,,,,,,,,,,,,
,,,,,,,,,,,,,,,,,,,,,,,,,,,,,,,,,,,,,,,,,,,
,,,,,,,,,,,,,,,,,,,,,,,,,,,,,,,,,,,,,,,,,,,
,,,,,,,,,,,,,,,,,,,,,,,,,,,,,,,,,,,,,,,,,,,
,,,,,,,,,,,,,,,,,,,,,,,,,,,,,,,,,,,,,,,,,,,
,,,,,,,,,,,,,,,,,,,,,,,,,,,,,,,,,,,,,,,,,,,
,,,,,,,,,,,,,,,,,,,,,,,,,,,,,,,,,,,,,,,,,,,
,,,,,,,,,,,,,,,,,,,,,,,,,,,,,,,,,,,,,,,,,,,
,,,,,,,,,,,,,,,,,,,,,,,,,,,,,,,,,,,,,,,,,,,
,,,,,,,,,,,,,,,,,,,,,,,,,,,,,,,,,,,,,,,,,,,
,,,,,,,,,,,,,,,,,,,,,,,,,,,,,,,,,,,,,,,,,,,
,,,,,,,,,,,,,,,,,,,,,,,,,,,,,,,,,,,,,,,,,,,
,,,,,,,,,,,,,,,,,,,,,,,,,,,,,,,,,,,,,,,,,,,
,,,,,,,,,,,,,,,,,,,,,,,,,,,,,,,,,,,,,,,,,,,
,,,,,,,,,,,,,,,,,,,,,,,,,,,,,,,,,,,,,,,,,,,
,,,,,,,,,,,,,,,,,,,,,,,,,,,,,,,,,,,,,,,,,,,
,,,,,,,,,,,,,,,,,,,,,,,,,,,,,,,,,,,,,,,,,,,
,,,,,,,,,,,,,,,,,,,,,,,,,,,,,,,,,,,,,,,,,,,
,,,,,,,,,,,,,,,,,,,,,,,,,,,,,,,,,,,,,,,,,,,
,,,,,,,,,,,,,,,,,,,,,,,,,,,,,,,,,,,,,,,,,,,
,,,,,,,,,,,,,,,,,,,,,,,,,,,,,,,,,,,,,,,,,,,
,,,,,,,,,,,,,,,,,,,,,,,,,,,,,,,,,,,,,,,,,,,
,,,,,,,,,,,,,,,,,,,,,,,,,,,,,,,,,,,,,,,,,,,
,,,,,,,,,,,,,,,,,,,,,,,,,,,,,,,,,,,,,,,,,,,
,,,,,,,,,,,,,,,,,,,,,,,,,,,,,,,,,,,,,,,,,,,
,,,,,,,,,,,,,,,,,,,,,,,,,,,,,,,,,,,,,,,,,,,
,,,,,,,,,,,,,,,,,,,,,,,,,,,,,,,,,,,,,,,,,,,
,,,,,,,,,,,,,,,,,,,,,,,,,,,,,,,,,,,,,,,,,,,
,,,,,,,,,,,,,,,,,,,,,,,,,,,,,,,,,,,,,,,,,,,
,,,,,,,,,,,,,,,,,,,,,,,,,,,,,,,,,,,,,,,,,,,
,,,,,,,,,,,,,,,,,,,,,,,,,,,,,,,,,,,,,,,,,,,
,,,,,,,,,,,,,,,,,,,,,,,,,,,,,,,,,,,,,,,,,,,
,,,,,,,,,,,,,,,,,,,,,,,,,,,,,,,,,,,,,,,,,,,
,,,,,,,,,,,,,,,,,,,,,,,,,,,,,,,,,,,,,,,,,,,
,,,,,,,,,,,,,,,,,,,,,,,,,,,,,,,,,,,,,,,,,,,
,,,,,,,,,,,,,,,,,,,,,,,,,,,,,,,,,,,,,,,,,,,
,,,,,,,,,,,,,,,,,,,,,,,,,,,,,,,,,,,,,,,,,,,
,,,,,,,,,,,,,,,,,,,,,,,,,,,,,,,,,,,,,,,,,,,
,,,,,,,,,,,,,,,,,,,,,,,,,,,,,,,,,,,,,,,,,,,
,,,,,,,,,,,,,,,,,,,,,,,,,,,,,,,,,,,,,,,,,,,
,,,,,,,,,,,,,,,,,,,,,,,,,,,,,,,,,,,,,,,,,,,
,,,,,,,,,,,,,,,,,,,,,,,,,,,,,,,,,,,,,,,,,,,
,,,,,,,,,,,,,,,,,,,,,,,,,,,,,,,,,,,,,,,,,,,
,,,,,,,,,,,,,,,,,,,,,,,,,,,,,,,,,,,,,,,,,,,
,,,,,,,,,,,,,,,,,,,,,,,,,,,,,,,,,,,,,,,,,,,
,,,,,,,,,,,,,,,,,,,,,,,,,,,,,,,,,,,,,,,,,,,
,,,,,,,,,,,,,,,,,,,,,,,,,,,,,,,,,,,,,,,,,,,
,,,,,,,,,,,,,,,,,,,,,,,,,,,,,,,,,,,,,,,,,,,
,,,,,,,,,,,,,,,,,,,,,,,,,,,,,,,,,,,,,,,,,,,
,,,,,,,,,,,,,,,,,,,,,,,,,,,,,,,,,,,,,,,,,,,
,,,,,,,,,,,,,,,,,,,,,,,,,,,,,,,,,,,,,,,,,,,
,,,,,,,,,,,,,,,,,,,,,,,,,,,,,,,,,,,,,,,,,,,
,,,,,,,,,,,,,,,,,,,,,,,,,,,,,,,,,,,,,,,,,,,
,,,,,,,,,,,,,,,,,,,,,,,,,,,,,,,,,,,,,,,,,,,
,,,,,,,,,,,,,,,,,,,,,,,,,,,,,,,,,,,,,,,,,,,
,,,,,,,,,,,,,,,,,,,,,,,,,,,,,,,,,,,,,,,,,,,
,,,,,,,,,,,,,,,,,,,,,,,,,,,,,,,,,,,,,,,,,,,
,,,,,,,,,,,,,,,,,,,,,,,,,,,,,,,,,,,,,,,,,,,
,,,,,,,,,,,,,,,,,,,,,,,,,,,,,,,,,,,,,,,,,,,
,,,,,,,,,,,,,,,,,,,,,,,,,,,,,,,,,,,,,,,,,,,
,,,,,,,,,,,,,,,,,,,,,,,,,,,,,,,,,,,,,,,,,,,
,,,,,,,,,,,,,,,,,,,,,,,,,,,,,,,,,,,,,,,,,,,
,,,,,,,,,,,,,,,,,,,,,,,,,,,,,,,,,,,,,,,,,,,
,,,,,,,,,,,,,,,,,,,,,,,,,,,,,,,,,,,,,,,,,,,
,,,,,,,,,,,,,,,,,,,,,,,,,,,,,,,,,,,,,,,,,,,
,,,,,,,,,,,,,,,,,,,,,,,,,,,,,,,,,,,,,,,,,,,
,,,,,,,,,,,,,,,,,,,,,,,,,,,,,,,,,,,,,,,,,,,
,,,,,,,,,,,,,,,,,,,,,,,,,,,,,,,,,,,,,,,,,,,
,,,,,,,,,,,,,,,,,,,,,,,,,,,,,,,,,,,,,,,,,,,
,,,,,,,,,,,,,,,,,,,,,,,,,,,,,,,,,,,,,,,,,,,
,,,,,,,,,,,,,,,,,,,,,,,,,,,,,,,,,,,,,,,,,,,
,,,,,,,,,,,,,,,,,,,,,,,,,,,,,,,,,,,,,,,,,,,
,,,,,,,,,,,,,,,,,,,,,,,,,,,,,,,,,,,,,,,,,,,
,,,,,,,,,,,,,,,,,,,,,,,,,,,,,,,,,,,,,,,,,,,
,,,,,,,,,,,,,,,,,,,,,,,,,,,,,,,,,,,,,,,,,,,
,,,,,,,,,,,,,,,,,,,,,,,,,,,,,,,,,,,,,,,,,,,
,,,,,,,,,,,,,,,,,,,,,,,,,,,,,,,,,,,,,,,,,,,
,,,,,,,,,,,,,,,,,,,,,,,,,,,,,,,,,,,,,,,,,,,
,,,,,,,,,,,,,,,,,,,,,,,,,,,,,,,,,,,,,,,,,,,
,,,,,,,,,,,,,,,,,,,,,,,,,,,,,,,,,,,,,,,,,,,
,,,,,,,,,,,,,,,,,,,,,,,,,,,,,,,,,,,,,,,,,,,
,,,,,,,,,,,,,,,,,,,,,,,,,,,,,,,,,,,,,,,,,,,
,,,,,,,,,,,,,,,,,,,,,,,,,,,,,,,,,,,,,,,,,,,
,,,,,,,,,,,,,,,,,,,,,,,,,,,,,,,,,,,,,,,,,,,
,,,,,,,,,,,,,,,,,,,,,,,,,,,,,,,,,,,,,,,,,,,
,,,,,,,,,,,,,,,,,,,,,,,,,,,,,,,,,,,,,,,,,,,
,,,,,,,,,,,,,,,,,,,,,,,,,,,,,,,,,,,,,,,,,,,
,,,,,,,,,,,,,,,,,,,,,,,,,,,,,,,,,,,,,,,,,,,
,,,,,,,,,,,,,,,,,,,,,,,,,,,,,,,,,,,,,,,,,,,
,,,,,,,,,,,,,,,,,,,,,,,,,,,,,,,,,,,,,,,,,,,
,,,,,,,,,,,,,,,,,,,,,,,,,,,,,,,,,,,,,,,,,,,
,,,,,,,,,,,,,,,,,,,,,,,,,,,,,,,,,,,,,,,,,,,
,,,,,,,,,,,,,,,,,,,,,,,,,,,,,,,,,,,,,,,,,,,
,,,,,,,,,,,,,,,,,,,,,,,,,,,,,,,,,,,,,,,,,,,
,,,,,,,,,,,,,,,,,,,,,,,,,,,,,,,,,,,,,,,,,,,
,,,,,,,,,,,,,,,,,,,,,,,,,,,,,,,,,,,,,,,,,,,
,,,,,,,,,,,,,,,,,,,,,,,,,,,,,,,,,,,,,,,,,,,
,,,,,,,,,,,,,,,,,,,,,,,,,,,,,,,,,,,,,,,,,,,
,,,,,,,,,,,,,,,,,,,,,,,,,,,,,,,,,,,,,,,,,,,
,,,,,,,,,,,,,,,,,,,,,,,,,,,,,,,,,,,,,,,,,,,
,,,,,,,,,,,,,,,,,,,,,,,,,,,,,,,,,,,,,,,,,,,
,,,,,,,,,,,,,,,,,,,,,,,,,,,,,,,,,,,,,,,,,,,
,,,,,,,,,,,,,,,,,,,,,,,,,,,,,,,,,,,,,,,,,,,
,,,,,,,,,,,,,,,,,,,,,,,,,,,,,,,,,,,,,,,,,,,
,,,,,,,,,,,,,,,,,,,,,,,,,,,,,,,,,,,,,,,,,,,
,,,,,,,,,,,,,,,,,,,,,,,,,,,,,,,,,,,,,,,,,,,
,,,,,,,,,,,,,,,,,,,,,,,,,,,,,,,,,,,,,,,,,,,
,,,,,,,,,,,,,,,,,,,,,,,,,,,,,,,,,,,,,,,,,,,
,,,,,,,,,,,,,,,,,,,,,,,,,,,,,,,,,,,,,,,,,,,
,,,,,,,,,,,,,,,,,,,,,,,,,,,,,,,,,,,,,,,,,,,
,,,,,,,,,,,,,,,,,,,,,,,,,,,,,,,,,,,,,,,,,,,
,,,,,,,,,,,,,,,,,,,,,,,,,,,,,,,,,,,,,,,,,,,
,,,,,,,,,,,,,,,,,,,,,,,,,,,,,,,,,,,,,,,,,,,
,,,,,,,,,,,,,,,,,,,,,,,,,,,,,,,,,,,,,,,,,,,
,,,,,,,,,,,,,,,,,,,,,,,,,,,,,,,,,,,,,,,,,,,
,,,,,,,,,,,,,,,,,,,,,,,,,,,,,,,,,,,,,,,,,,,
,,,,,,,,,,,,,,,,,,,,,,,,,,,,,,,,,,,,,,,,,,,
,,,,,,,,,,,,,,,,,,,,,,,,,,,,,,,,,,,,,,,,,,,
,,,,,,,,,,,,,,,,,,,,,,,,,,,,,,,,,,,,,,,,,,,
,,,,,,,,,,,,,,,,,,,,,,,,,,,,,,,,,,,,,,,,,,,
,,,,,,,,,,,,,,,,,,,,,,,,,,,,,,,,,,,,,,,,,,,
,,,,,,,,,,,,,,,,,,,,,,,,,,,,,,,,,,,,,,,,,,,
,,,,,,,,,,,,,,,,,,,,,,,,,,,,,,,,,,,,,,,,,,,
,,,,,,,,,,,,,,,,,,,,,,,,,,,,,,,,,,,,,,,,,,,
,,,,,,,,,,,,,,,,,,,,,,,,,,,,,,,,,,,,,,,,,,,
,,,,,,,,,,,,,,,,,,,,,,,,,,,,,,,,,,,,,,,,,,,
,,,,,,,,,,,,,,,,,,,,,,,,,,,,,,,,,,,,,,,,,,,
,,,,,,,,,,,,,,,,,,,,,,,,,,,,,,,,,,,,,,,,,,,
,,,,,,,,,,,,,,,,,,,,,,,,,,,,,,,,,,,,,,,,,,,
,,,,,,,,,,,,,,,,,,,,,,,,,,,,,,,,,,,,,,,,,,,
,,,,,,,,,,,,,,,,,,,,,,,,,,,,,,,,,,,,,,,,,,,
,,,,,,,,,,,,,,,,,,,,,,,,,,,,,,,,,,,,,,,,,,,
,,,,,,,,,,,,,,,,,,,,,,,,,,,,,,,,,,,,,,,,,,,
,,,,,,,,,,,,,,,,,,,,,,,,,,,,,,,,,,,,,,,,,,,
,,,,,,,,,,,,,,,,,,,,,,,,,,,,,,,,,,,,,,,,,,,
,,,,,,,,,,,,,,,,,,,,,,,,,,,,,,,,,,,,,,,,,,,
,,,,,,,,,,,,,,,,,,,,,,,,,,,,,,,,,,,,,,,,,,,
,,,,,,,,,,,,,,,,,,,,,,,,,,,,,,,,,,,,,,,,,,,
,,,,,,,,,,,,,,,,,,,,,,,,,,,,,,,,,,,,,,,,,,,
,,,,,,,,,,,,,,,,,,,,,,,,,,,,,,,,,,,,,,,,,,,
,,,,,,,,,,,,,,,,,,,,,,,,,,,,,,,,,,,,,,,,,,,
,,,,,,,,,,,,,,,,,,,,,,,,,,,,,,,,,,,,,,,,,,,
,,,,,,,,,,,,,,,,,,,,,,,,,,,,,,,,,,,,,,,,,,,
,,,,,,,,,,,,,,,,,,,,,,,,,,,,,,,,,,,,,,,,,,,
,,,,,,,,,,,,,,,,,,,,,,,,,,,,,,,,,,,,,,,,,,,
,,,,,,,,,,,,,,,,,,,,,,,,,,,,,,,,,,,,,,,,,,,
,,,,,,,,,,,,,,,,,,,,,,,,,,,,,,,,,,,,,,,,,,,
,,,,,,,,,,,,,,,,,,,,,,,,,,,,,,,,,,,,,,,,,,,
,,,,,,,,,,,,,,,,,,,,,,,,,,,,,,,,,,,,,,,,,,,
,,,,,,,,,,,,,,,,,,,,,,,,,,,,,,,,,,,,,,,,,,,
,,,,,,,,,,,,,,,,,,,,,,,,,,,,,,,,,,,,,,,,,,,
,,,,,,,,,,,,,,,,,,,,,,,,,,,,,,,,,,,,,,,,,,,
,,,,,,,,,,,,,,,,,,,,,,,,,,,,,,,,,,,,,,,,,,,
,,,,,,,,,,,,,,,,,,,,,,,,,,,,,,,,,,,,,,,,,,,
,,,,,,,,,,,,,,,,,,,,,,,,,,,,,,,,,,,,,,,,,,,
,,,,,,,,,,,,,,,,,,,,,,,,,,,,,,,,,,,,,,,,,,,
,,,,,,,,,,,,,,,,,,,,,,,,,,,,,,,,,,,,,,,,,,,
,,,,,,,,,,,,,,,,,,,,,,,,,,,,,,,,,,,,,,,,,,,
,,,,,,,,,,,,,,,,,,,,,,,,,,,,,,,,,,,,,,,,,,,
,,,,,,,,,,,,,,,,,,,,,,,,,,,,,,,,,,,,,,,,,,,
,,,,,,,,,,,,,,,,,,,,,,,,,,,,,,,,,,,,,,,,,,,
,,,,,,,,,,,,,,,,,,,,,,,,,,,,,,,,,,,,,,,,,,,
,,,,,,,,,,,,,,,,,,,,,,,,,,,,,,,,,,,,,,,,,,,
,,,,,,,,,,,,,,,,,,,,,,,,,,,,,,,,,,,,,,,,,,,
,,,,,,,,,,,,,,,,,,,,,,,,,,,,,,,,,,,,,,,,,,,
,,,,,,,,,,,,,,,,,,,,,,,,,,,,,,,,,,,,,,,,,,,
,,,,,,,,,,,,,,,,,,,,,,,,,,,,,,,,,,,,,,,,,,,
,,,,,,,,,,,,,,,,,,,,,,,,,,,,,,,,,,,,,,,,,,,
,,,,,,,,,,,,,,,,,,,,,,,,,,,,,,,,,,,,,,,,,,,
,,,,,,,,,,,,,,,,,,,,,,,,,,,,,,,,,,,,,,,,,,,
,,,,,,,,,,,,,,,,,,,,,,,,,,,,,,,,,,,,,,,,,,,
,,,,,,,,,,,,,,,,,,,,,,,,,,,,,,,,,,,,,,,,,,,
,,,,,,,,,,,,,,,,,,,,,,,,,,,,,,,,,,,,,,,,,,,
,,,,,,,,,,,,,,,,,,,,,,,,,,,,,,,,,,,,,,,,,,,
,,,,,,,,,,,,,,,,,,,,,,,,,,,,,,,,,,,,,,,,,,,
,,,,,,,,,,,,,,,,,,,,,,,,,,,,,,,,,,,,,,,,,,,
,,,,,,,,,,,,,,,,,,,,,,,,,,,,,,,,,,,,,,,,,,,
,,,,,,,,,,,,,,,,,,,,,,,,,,,,,,,,,,,,,,,,,,,
,,,,,,,,,,,,,,,,,,,,,,,,,,,,,,,,,,,,,,,,,,,
,,,,,,,,,,,,,,,,,,,,,,,,,,,,,,,,,,,,,,,,,,,
,,,,,,,,,,,,,,,,,,,,,,,,,,,,,,,,,,,,,,,,,,,
,,,,,,,,,,,,,,,,,,,,,,,,,,,,,,,,,,,,,,,,,,,
,,,,,,,,,,,,,,,,,,,,,,,,,,,,,,,,,,,,,,,,,,,
,,,,,,,,,,,,,,,,,,,,,,,,,,,,,,,,,,,,,,,,,,,
,,,,,,,,,,,,,,,,,,,,,,,,,,,,,,,,,,,,,,,,,,,
,,,,,,,,,,,,,,,,,,,,,,,,,,,,,,,,,,,,,,,,,,,
,,,,,,,,,,,,,,,,,,,,,,,,,,,,,,,,,,,,,,,,,,,
,,,,,,,,,,,,,,,,,,,,,,,,,,,,,,,,,,,,,,,,,,,
,,,,,,,,,,,,,,,,,,,,,,,,,,,,,,,,,,,,,,,,,,,
,,,,,,,,,,,,,,,,,,,,,,,,,,,,,,,,,,,,,,,,,,,
,,,,,,,,,,,,,,,,,,,,,,,,,,,,,,,,,,,,,,,,,,,
,,,,,,,,,,,,,,,,,,,,,,,,,,,,,,,,,,,,,,,,,,,
,,,,,,,,,,,,,,,,,,,,,,,,,,,,,,,,,,,,,,,,,,,
,,,,,,,,,,,,,,,,,,,,,,,,,,,,,,,,,,,,,,,,,,,
,,,,,,,,,,,,,,,,,,,,,,,,,,,,,,,,,,,,,,,,,,,
,,,,,,,,,,,,,,,,,,,,,,,,,,,,,,,,,,,,,,,,,,,
,,,,,,,,,,,,,,,,,,,,,,,,,,,,,,,,,,,,,,,,,,,
,,,,,,,,,,,,,,,,,,,,,,,,,,,,,,,,,,,,,,,,,,,
,,,,,,,,,,,,,,,,,,,,,,,,,,,,,,,,,,,,,,,,,,,
,,,,,,,,,,,,,,,,,,,,,,,,,,,,,,,,,,,,,,,,,,,
,,,,,,,,,,,,,,,,,,,,,,,,,,,,,,,,,,,,,,,,,,,
,,,,,,,,,,,,,,,,,,,,,,,,,,,,,,,,,,,,,,,,,,,
,,,,,,,,,,,,,,,,,,,,,,,,,,,,,,,,,,,,,,,,,,,
,,,,,,,,,,,,,,,,,,,,,,,,,,,,,,,,,,,,,,,,,,,
,,,,,,,,,,,,,,,,,,,,,,,,,,,,,,,,,,,,,,,,,,,
,,,,,,,,,,,,,,,,,,,,,,,,,,,,,,,,,,,,,,,,,,,
,,,,,,,,,,,,,,,,,,,,,,,,,,,,,,,,,,,,,,,,,,,
,,,,,,,,,,,,,,,,,,,,,,,,,,,,,,,,,,,,,,,,,,,
,,,,,,,,,,,,,,,,,,,,,,,,,,,,,,,,,,,,,,,,,,,
,,,,,,,,,,,,,,,,,,,,,,,,,,,,,,,,,,,,,,,,,,,
,,,,,,,,,,,,,,,,,,,,,,,,,,,,,,,,,,,,,,,,,,,
,,,,,,,,,,,,,,,,,,,,,,,,,,,,,,,,,,,,,,,,,,,
,,,,,,,,,,,,,,,,,,,,,,,,,,,,,,,,,,,,,,,,,,,
,,,,,,,,,,,,,,,,,,,,,,,,,,,,,,,,,,,,,,,,,,,
,,,,,,,,,,,,,,,,,,,,,,,,,,,,,,,,,,,,,,,,,,,
,,,,,,,,,,,,,,,,,,,,,,,,,,,,,,,,,,,,,,,,,,,
,,,,,,,,,,,,,,,,,,,,,,,,,,,,,,,,,,,,,,,,,,,
,,,,,,,,,,,,,,,,,,,,,,,,,,,,,,,,,,,,,,,,,,,
,,,,,,,,,,,,,,,,,,,,,,,,,,,,,,,,,,,,,,,,,,,
,,,,,,,,,,,,,,,,,,,,,,,,,,,,,,,,,,,,,,,,,,,
,,,,,,,,,,,,,,,,,,,,,,,,,,,,,,,,,,,,,,,,,,,
,,,,,,,,,,,,,,,,,,,,,,,,,,,,,,,,,,,,,,,,,,,
,,,,,,,,,,,,,,,,,,,,,,,,,,,,,,,,,,,,,,,,,,,
,,,,,,,,,,,,,,,,,,,,,,,,,,,,,,,,,,,,,,,,,,,
,,,,,,,,,,,,,,,,,,,,,,,,,,,,,,,,,,,,,,,,,,,
,,,,,,,,,,,,,,,,,,,,,,,,,,,,,,,,,,,,,,,,,,,
,,,,,,,,,,,,,,,,,,,,,,,,,,,,,,,,,,,,,,,,,,,
,,,,,,,,,,,,,,,,,,,,,,,,,,,,,,,,,,,,,,,,,,,
,,,,,,,,,,,,,,,,,,,,,,,,,,,,,,,,,,,,,,,,,,,
,,,,,,,,,,,,,,,,,,,,,,,,,,,,,,,,,,,,,,,,,,,
,,,,,,,,,,,,,,,,,,,,,,,,,,,,,,,,,,,,,,,,,,,
,,,,,,,,,,,,,,,,,,,,,,,,,,,,,,,,,,,,,,,,,,,
,,,,,,,,,,,,,,,,,,,,,,,,,,,,,,,,,,,,,,,,,,,
,,,,,,,,,,,,,,,,,,,,,,,,,,,,,,,,,,,,,,,,,,,
,,,,,,,,,,,,,,,,,,,,,,,,,,,,,,,,,,,,,,,,,,,
,,,,,,,,,,,,,,,,,,,,,,,,,,,,,,,,,,,,,,,,,,,
,,,,,,,,,,,,,,,,,,,,,,,,,,,,,,,,,,,,,,,,,,,
,,,,,,,,,,,,,,,,,,,,,,,,,,,,,,,,,,,,,,,,,,,
,,,,,,,,,,,,,,,,,,,,,,,,,,,,,,,,,,,,,,,,,,,
,,,,,,,,,,,,,,,,,,,,,,,,,,,,,,,,,,,,,,,,,,,
,,,,,,,,,,,,,,,,,,,,,,,,,,,,,,,,,,,,,,,,,,,
,,,,,,,,,,,,,,,,,,,,,,,,,,,,,,,,,,,,,,,,,,,
,,,,,,,,,,,,,,,,,,,,,,,,,,,,,,,,,,,,,,,,,,,
,,,,,,,,,,,,,,,,,,,,,,,,,,,,,,,,,,,,,,,,,,,
,,,,,,,,,,,,,,,,,,,,,,,,,,,,,,,,,,,,,,,,,,,
,,,,,,,,,,,,,,,,,,,,,,,,,,,,,,,,,,,,,,,,,,,
,,,,,,,,,,,,,,,,,,,,,,,,,,,,,,,,,,,,,,,,,,,
,,,,,,,,,,,,,,,,,,,,,,,,,,,,,,,,,,,,,,,,,,,
,,,,,,,,,,,,,,,,,,,,,,,,,,,,,,,,,,,,,,,,,,,
,,,,,,,,,,,,,,,,,,,,,,,,,,,,,,,,,,,,,,,,,,,
,,,,,,,,,,,,,,,,,,,,,,,,,,,,,,,,,,,,,,,,,,,
,,,,,,,,,,,,,,,,,,,,,,,,,,,,,,,,,,,,,,,,,,,
,,,,,,,,,,,,,,,,,,,,,,,,,,,,,,,,,,,,,,,,,,,
,,,,,,,,,,,,,,,,,,,,,,,,,,,,,,,,,,,,,,,,,,,
,,,,,,,,,,,,,,,,,,,,,,,,,,,,,,,,,,,,,,,,,,,
,,,,,,,,,,,,,,,,,,,,,,,,,,,,,,,,,,,,,,,,,,,
,,,,,,,,,,,,,,,,,,,,,,,,,,,,,,,,,,,,,,,,,,,
,,,,,,,,,,,,,,,,,,,,,,,,,,,,,,,,,,,,,,,,,,,
,,,,,,,,,,,,,,,,,,,,,,,,,,,,,,,,,,,,,,,,,,,
,,,,,,,,,,,,,,,,,,,,,,,,,,,,,,,,,,,,,,,,,,,
,,,,,,,,,,,,,,,,,,,,,,,,,,,,,,,,,,,,,,,,,,,
,,,,,,,,,,,,,,,,,,,,,,,,,,,,,,,,,,,,,,,,,,,
,,,,,,,,,,,,,,,,,,,,,,,,,,,,,,,,,,,,,,,,,,,
,,,,,,,,,,,,,,,,,,,,,,,,,,,,,,,,,,,,,,,,,,,
,,,,,,,,,,,,,,,,,,,,,,,,,,,,,,,,,,,,,,,,,,,
,,,,,,,,,,,,,,,,,,,,,,,,,,,,,,,,,,,,,,,,,,,
,,,,,,,,,,,,,,,,,,,,,,,,,,,,,,,,,,,,,,,,,,,
,,,,,,,,,,,,,,,,,,,,,,,,,,,,,,,,,,,,,,,,,,,
,,,,,,,,,,,,,,,,,,,,,,,,,,,,,,,,,,,,,,,,,,,
,,,,,,,,,,,,,,,,,,,,,,,,,,,,,,,,,,,,,,,,,,,
,,,,,,,,,,,,,,,,,,,,,,,,,,,,,,,,,,,,,,,,,,,
,,,,,,,,,,,,,,,,,,,,,,,,,,,,,,,,,,,,,,,,,,,
,,,,,,,,,,,,,,,,,,,,,,,,,,,,,,,,,,,,,,,,,,,
,,,,,,,,,,,,,,,,,,,,,,,,,,,,,,,,,,,,,,,,,,,
,,,,,,,,,,,,,,,,,,,,,,,,,,,,,,,,,,,,,,,,,,,
,,,,,,,,,,,,,,,,,,,,,,,,,,,,,,,,,,,,,,,,,,,
,,,,,,,,,,,,,,,,,,,,,,,,,,,,,,,,,,,,,,,,,,,
,,,,,,,,,,,,,,,,,,,,,,,,,,,,,,,,,,,,,,,,,,,
,,,,,,,,,,,,,,,,,,,,,,,,,,,,,,,,,,,,,,,,,,,
,,,,,,,,,,,,,,,,,,,,,,,,,,,,,,,,,,,,,,,,,,,
,,,,,,,,,,,,,,,,,,,,,,,,,,,,,,,,,,,,,,,,,,,
,,,,,,,,,,,,,,,,,,,,,,,,,,,,,,,,,,,,,,,,,,,
,,,,,,,,,,,,,,,,,,,,,,,,,,,,,,,,,,,,,,,,,,,
,,,,,,,,,,,,,,,,,,,,,,,,,,,,,,,,,,,,,,,,,,,
,,,,,,,,,,,,,,,,,,,,,,,,,,,,,,,,,,,,,,,,,,,
,,,,,,,,,,,,,,,,,,,,,,,,,,,,,,,,,,,,,,,,,,,
,,,,,,,,,,,,,,,,,,,,,,,,,,,,,,,,,,,,,,,,,,,
,,,,,,,,,,,,,,,,,,,,,,,,,,,,,,,,,,,,,,,,,,,
,,,,,,,,,,,,,,,,,,,,,,,,,,,,,,,,,,,,,,,,,,,
,,,,,,,,,,,,,,,,,,,,,,,,,,,,,,,,,,,,,,,,,,,
,,,,,,,,,,,,,,,,,,,,,,,,,,,,,,,,,,,,,,,,,,,
,,,,,,,,,,,,,,,,,,,,,,,,,,,,,,,,,,,,,,,,,,,
,,,,,,,,,,,,,,,,,,,,,,,,,,,,,,,,,,,,,,,,,,,
,,,,,,,,,,,,,,,,,,,,,,,,,,,,,,,,,,,,,,,,,,,
,,,,,,,,,,,,,,,,,,,,,,,,,,,,,,,,,,,,,,,,,,,
,,,,,,,,,,,,,,,,,,,,,,,,,,,,,,,,,,,,,,,,,,,
,,,,,,,,,,,,,,,,,,,,,,,,,,,,,,,,,,,,,,,,,,,
,,,,,,,,,,,,,,,,,,,,,,,,,,,,,,,,,,,,,,,,,,,
,,,,,,,,,,,,,,,,,,,,,,,,,,,,,,,,,,,,,,,,,,,
,,,,,,,,,,,,,,,,,,,,,,,,,,,,,,,,,,,,,,,,,,,
,,,,,,,,,,,,,,,,,,,,,,,,,,,,,,,,,,,,,,,,,,,
,,,,,,,,,,,,,,,,,,,,,,,,,,,,,,,,,,,,,,,,,,,
,,,,,,,,,,,,,,,,,,,,,,,,,,,,,,,,,,,,,,,,,,,
,,,,,,,,,,,,,,,,,,,,,,,,,,,,,,,,,,,,,,,,,,,
,,,,,,,,,,,,,,,,,,,,,,,,,,,,,,,,,,,,,,,,,,,
,,,,,,,,,,,,,,,,,,,,,,,,,,,,,,,,,,,,,,,,,,,
,,,,,,,,,,,,,,,,,,,,,,,,,,,,,,,,,,,,,,,,,,,
,,,,,,,,,,,,,,,,,,,,,,,,,,,,,,,,,,,,,,,,,,,
,,,,,,,,,,,,,,,,,,,,,,,,,,,,,,,,,,,,,,,,,,,
,,,,,,,,,,,,,,,,,,,,,,,,,,,,,,,,,,,,,,,,,,,
,,,,,,,,,,,,,,,,,,,,,,,,,,,,,,,,,,,,,,,,,,,
,,,,,,,,,,,,,,,,,,,,,,,,,,,,,,,,,,,,,,,,,,,
,,,,,,,,,,,,,,,,,,,,,,,,,,,,,,,,,,,,,,,,,,,
,,,,,,,,,,,,,,,,,,,,,,,,,,,,,,,,,,,,,,,,,,,
,,,,,,,,,,,,,,,,,,,,,,,,,,,,,,,,,,,,,,,,,,,
,,,,,,,,,,,,,,,,,,,,,,,,,,,,,,,,,,,,,,,,,,,
,,,,,,,,,,,,,,,,,,,,,,,,,,,,,,,,,,,,,,,,,,,
,,,,,,,,,,,,,,,,,,,,,,,,,,,,,,,,,,,,,,,,,,,
,,,,,,,,,,,,,,,,,,,,,,,,,,,,,,,,,,,,,,,,,,,
,,,,,,,,,,,,,,,,,,,,,,,,,,,,,,,,,,,,,,,,,,,
,,,,,,,,,,,,,,,,,,,,,,,,,,,,,,,,,,,,,,,,,,,
,,,,,,,,,,,,,,,,,,,,,,,,,,,,,,,,,,,,,,,,,,,
,,,,,,,,,,,,,,,,,,,,,,,,,,,,,,,,,,,,,,,,,,,
,,,,,,,,,,,,,,,,,,,,,,,,,,,,,,,,,,,,,,,,,,,
,,,,,,,,,,,,,,,,,,,,,,,,,,,,,,,,,,,,,,,,,,,
,,,,,,,,,,,,,,,,,,,,,,,,,,,,,,,,,,,,,,,,,,,
,,,,,,,,,,,,,,,,,,,,,,,,,,,,,,,,,,,,,,,,,,,
,,,,,,,,,,,,,,,,,,,,,,,,,,,,,,,,,,,,,,,,,,,
,,,,,,,,,,,,,,,,,,,,,,,,,,,,,,,,,,,,,,,,,,,
,,,,,,,,,,,,,,,,,,,,,,,,,,,,,,,,,,,,,,,,,,,
,,,,,,,,,,,,,,,,,,,,,,,,,,,,,,,,,,,,,,,,,,,
,,,,,,,,,,,,,,,,,,,,,,,,,,,,,,,,,,,,,,,,,,,
,,,,,,,,,,,,,,,,,,,,,,,,,,,,,,,,,,,,,,,,,,,
,,,,,,,,,,,,,,,,,,,,,,,,,,,,,,,,,,,,,,,,,,,
,,,,,,,,,,,,,,,,,,,,,,,,,,,,,,,,,,,,,,,,,,,
,,,,,,,,,,,,,,,,,,,,,,,,,,,,,,,,,,,,,,,,,,,
,,,,,,,,,,,,,,,,,,,,,,,,,,,,,,,,,,,,,,,,,,,
,,,,,,,,,,,,,,,,,,,,,,,,,,,,,,,,,,,,,,,,,,,
,,,,,,,,,,,,,,,,,,,,,,,,,,,,,,,,,,,,,,,,,,,
,,,,,,,,,,,,,,,,,,,,,,,,,,,,,,,,,,,,,,,,,,,
,,,,,,,,,,,,,,,,,,,,,,,,,,,,,,,,,,,,,,,,,,,
,,,,,,,,,,,,,,,,,,,,,,,,,,,,,,,,,,,,,,,,,,,
,,,,,,,,,,,,,,,,,,,,,,,,,,,,,,,,,,,,,,,,,,,
,,,,,,,,,,,,,,,,,,,,,,,,,,,,,,,,,,,,,,,,,,,
,,,,,,,,,,,,,,,,,,,,,,,,,,,,,,,,,,,,,,,,,,,
,,,,,,,,,,,,,,,,,,,,,,,,,,,,,,,,,,,,,,,,,,,
,,,,,,,,,,,,,,,,,,,,,,,,,,,,,,,,,,,,,,,,,,,
,,,,,,,,,,,,,,,,,,,,,,,,,,,,,,,,,,,,,,,,,,,
,,,,,,,,,,,,,,,,,,,,,,,,,,,,,,,,,,,,,,,,,,,
,,,,,,,,,,,,,,,,,,,,,,,,,,,,,,,,,,,,,,,,,,,
,,,,,,,,,,,,,,,,,,,,,,,,,,,,,,,,,,,,,,,,,,,
,,,,,,,,,,,,,,,,,,,,,,,,,,,,,,,,,,,,,,,,,,,
,,,,,,,,,,,,,,,,,,,,,,,,,,,,,,,,,,,,,,,,,,,
,,,,,,,,,,,,,,,,,,,,,,,,,,,,,,,,,,,,,,,,,,,
,,,,,,,,,,,,,,,,,,,,,,,,,,,,,,,,,,,,,,,,,,,
,,,,,,,,,,,,,,,,,,,,,,,,,,,,,,,,,,,,,,,,,,,
,,,,,,,,,,,,,,,,,,,,,,,,,,,,,,,,,,,,,,,,,,,
,,,,,,,,,,,,,,,,,,,,,,,,,,,,,,,,,,,,,,,,,,,
,,,,,,,,,,,,,,,,,,,,,,,,,,,,,,,,,,,,,,,,,,,
,,,,,,,,,,,,,,,,,,,,,,,,,,,,,,,,,,,,,,,,,,,
,,,,,,,,,,,,,,,,,,,,,,,,,,,,,,,,,,,,,,,,,,,
,,,,,,,,,,,,,,,,,,,,,,,,,,,,,,,,,,,,,,,,,,,
,,,,,,,,,,,,,,,,,,,,,,,,,,,,,,,,,,,,,,,,,,,
,,,,,,,,,,,,,,,,,,,,,,,,,,,,,,,,,,,,,,,,,,,
,,,,,,,,,,,,,,,,,,,,,,,,,,,,,,,,,,,,,,,,,,,
,,,,,,,,,,,,,,,,,,,,,,,,,,,,,,,,,,,,,,,,,,,
,,,,,,,,,,,,,,,,,,,,,,,,,,,,,,,,,,,,,,,,,,,
,,,,,,,,,,,,,,,,,,,,,,,,,,,,,,,,,,,,,,,,,,,
,,,,,,,,,,,,,,,,,,,,,,,,,,,,,,,,,,,,,,,,,,,
,,,,,,,,,,,,,,,,,,,,,,,,,,,,,,,,,,,,,,,,,,,
,,,,,,,,,,,,,,,,,,,,,,,,,,,,,,,,,,,,,,,,,,,
,,,,,,,,,,,,,,,,,,,,,,,,,,,,,,,,,,,,,,,,,,,
,,,,,,,,,,,,,,,,,,,,,,,,,,,,,,,,,,,,,,,,,,,
,,,,,,,,,,,,,,,,,,,,,,,,,,,,,,,,,,,,,,,,,,,
,,,,,,,,,,,,,,,,,,,,,,,,,,,,,,,,,,,,,,,,,,,
,,,,,,,,,,,,,,,,,,,,,,,,,,,,,,,,,,,,,,,,,,,
,,,,,,,,,,,,,,,,,,,,,,,,,,,,,,,,,,,,,,,,,,,
,,,,,,,,,,,,,,,,,,,,,,,,,,,,,,,,,,,,,,,,,,,
,,,,,,,,,,,,,,,,,,,,,,,,,,,,,,,,,,,,,,,,,,,
,,,,,,,,,,,,,,,,,,,,,,,,,,,,,,,,,,,,,,,,,,,
,,,,,,,,,,,,,,,,,,,,,,,,,,,,,,,,,,,,,,,,,,,
,,,,,,,,,,,,,,,,,,,,,,,,,,,,,,,,,,,,,,,,,,,
,,,,,,,,,,,,,,,,,,,,,,,,,,,,,,,,,,,,,,,,,,,
,,,,,,,,,,,,,,,,,,,,,,,,,,,,,,,,,,,,,,,,,,,
,,,,,,,,,,,,,,,,,,,,,,,,,,,,,,,,,,,,,,,,,,,
,,,,,,,,,,,,,,,,,,,,,,,,,,,,,,,,,,,,,,,,,,,
,,,,,,,,,,,,,,,,,,,,,,,,,,,,,,,,,,,,,,,,,,,
,,,,,,,,,,,,,,,,,,,,,,,,,,,,,,,,,,,,,,,,,,,
,,,,,,,,,,,,,,,,,,,,,,,,,,,,,,,,,,,,,,,,,,,
,,,,,,,,,,,,,,,,,,,,,,,,,,,,,,,,,,,,,,,,,,,
,,,,,,,,,,,,,,,,,,,,,,,,,,,,,,,,,,,,,,,,,,,
,,,,,,,,,,,,,,,,,,,,,,,,,,,,,,,,,,,,,,,,,,,
,,,,,,,,,,,,,,,,,,,,,,,,,,,,,,,,,,,,,,,,,,,
,,,,,,,,,,,,,,,,,,,,,,,,,,,,,,,,,,,,,,,,,,,
,,,,,,,,,,,,,,,,,,,,,,,,,,,,,,,,,,,,,,,,,,,
,,,,,,,,,,,,,,,,,,,,,,,,,,,,,,,,,,,,,,,,,,,
,,,,,,,,,,,,,,,,,,,,,,,,,,,,,,,,,,,,,,,,,,,
,,,,,,,,,,,,,,,,,,,,,,,,,,,,,,,,,,,,,,,,,,,
,,,,,,,,,,,,,,,,,,,,,,,,,,,,,,,,,,,,,,,,,,,
,,,,,,,,,,,,,,,,,,,,,,,,,,,,,,,,,,,,,,,,,,,
,,,,,,,,,,,,,,,,,,,,,,,,,,,,,,,,,,,,,,,,,,,
,,,,,,,,,,,,,,,,,,,,,,,,,,,,,,,,,,,,,,,,,,,
,,,,,,,,,,,,,,,,,,,,,,,,,,,,,,,,,,,,,,,,,,,
,,,,,,,,,,,,,,,,,,,,,,,,,,,,,,,,,,,,,,,,,,,
,,,,,,,,,,,,,,,,,,,,,,,,,,,,,,,,,,,,,,,,,,,
,,,,,,,,,,,,,,,,,,,,,,,,,,,,,,,,,,,,,,,,,,,
,,,,,,,,,,,,,,,,,,,,,,,,,,,,,,,,,,,,,,,,,,,
,,,,,,,,,,,,,,,,,,,,,,,,,,,,,,,,,,,,,,,,,,,
,,,,,,,,,,,,,,,,,,,,,,,,,,,,,,,,,,,,,,,,,,,
,,,,,,,,,,,,,,,,,,,,,,,,,,,,,,,,,,,,,,,,,,,
,,,,,,,,,,,,,,,,,,,,,,,,,,,,,,,,,,,,,,,,,,,
,,,,,,,,,,,,,,,,,,,,,,,,,,,,,,,,,,,,,,,,,,,
,,,,,,,,,,,,,,,,,,,,,,,,,,,,,,,,,,,,,,,,,,,
,,,,,,,,,,,,,,,,,,,,,,,,,,,,,,,,,,,,,,,,,,,
,,,,,,,,,,,,,,,,,,,,,,,,,,,,,,,,,,,,,,,,,,,
,,,,,,,,,,,,,,,,,,,,,,,,,,,,,,,,,,,,,,,,,,,
,,,,,,,,,,,,,,,,,,,,,,,,,,,,,,,,,,,,,,,,,,,
,,,,,,,,,,,,,,,,,,,,,,,,,,,,,,,,,,,,,,,,,,,
,,,,,,,,,,,,,,,,,,,,,,,,,,,,,,,,,,,,,,,,,,,
,,,,,,,,,,,,,,,,,,,,,,,,,,,,,,,,,,,,,,,,,,,
,,,,,,,,,,,,,,,,,,,,,,,,,,,,,,,,,,,,,,,,,,,
,,,,,,,,,,,,,,,,,,,,,,,,,,,,,,,,,,,,,,,,,,,
,,,,,,,,,,,,,,,,,,,,,,,,,,,,,,,,,,,,,,,,,,,
,,,,,,,,,,,,,,,,,,,,,,,,,,,,,,,,,,,,,,,,,,,
,,,,,,,,,,,,,,,,,,,,,,,,,,,,,,,,,,,,,,,,,,,
,,,,,,,,,,,,,,,,,,,,,,,,,,,,,,,,,,,,,,,,,,,
,,,,,,,,,,,,,,,,,,,,,,,,,,,,,,,,,,,,,,,,,,,
,,,,,,,,,,,,,,,,,,,,,,,,,,,,,,,,,,,,,,,,,,,
,,,,,,,,,,,,,,,,,,,,,,,,,,,,,,,,,,,,,,,,,,,
,,,,,,,,,,,,,,,,,,,,,,,,,,,,,,,,,,,,,,,,,,,
,,,,,,,,,,,,,,,,,,,,,,,,,,,,,,,,,,,,,,,,,,,
,,,,,,,,,,,,,,,,,,,,,,,,,,,,,,,,,,,,,,,,,,,
,,,,,,,,,,,,,,,,,,,,,,,,,,,,,,,,,,,,,,,,,,,
,,,,,,,,,,,,,,,,,,,,,,,,,,,,,,,,,,,,,,,,,,,
,,,,,,,,,,,,,,,,,,,,,,,,,,,,,,,,,,,,,,,,,,,
,,,,,,,,,,,,,,,,,,,,,,,,,,,,,,,,,,,,,,,,,,,
,,,,,,,,,,,,,,,,,,,,,,,,,,,,,,,,,,,,,,,,,,,
,,,,,,,,,,,,,,,,,,,,,,,,,,,,,,,,,,,,,,,,,,,
,,,,,,,,,,,,,,,,,,,,,,,,,,,,,,,,,,,,,,,,,,,
,,,,,,,,,,,,,,,,,,,,,,,,,,,,,,,,,,,,,,,,,,,
,,,,,,,,,,,,,,,,,,,,,,,,,,,,,,,,,,,,,,,,,,,
,,,,,,,,,,,,,,,,,,,,,,,,,,,,,,,,,,,,,,,,,,,
,,,,,,,,,,,,,,,,,,,,,,,,,,,,,,,,,,,,,,,,,,,
,,,,,,,,,,,,,,,,,,,,,,,,,,,,,,,,,,,,,,,,,,,
,,,,,,,,,,,,,,,,,,,,,,,,,,,,,,,,,,,,,,,,,,,
,,,,,,,,,,,,,,,,,,,,,,,,,,,,,,,,,,,,,,,,,,,
,,,,,,,,,,,,,,,,,,,,,,,,,,,,,,,,,,,,,,,,,,,
,,,,,,,,,,,,,,,,,,,,,,,,,,,,,,,,,,,,,,,,,,,
,,,,,,,,,,,,,,,,,,,,,,,,,,,,,,,,,,,,,,,,,,,
,,,,,,,,,,,,,,,,,,,,,,,,,,,,,,,,,,,,,,,,,,,
,,,,,,,,,,,,,,,,,,,,,,,,,,,,,,,,,,,,,,,,,,,
,,,,,,,,,,,,,,,,,,,,,,,,,,,,,,,,,,,,,,,,,,,
,,,,,,,,,,,,,,,,,,,,,,,,,,,,,,,,,,,,,,,,,,,
,,,,,,,,,,,,,,,,,,,,,,,,,,,,,,,,,,,,,,,,,,,
,,,,,,,,,,,,,,,,,,,,,,,,,,,,,,,,,,,,,,,,,,,
,,,,,,,,,,,,,,,,,,,,,,,,,,,,,,,,,,,,,,,,,,,
,,,,,,,,,,,,,,,,,,,,,,,,,,,,,,,,,,,,,,,,,,,
,,,,,,,,,,,,,,,,,,,,,,,,,,,,,,,,,,,,,,,,,,,
,,,,,,,,,,,,,,,,,,,,,,,,,,,,,,,,,,,,,,,,,,,
,,,,,,,,,,,,,,,,,,,,,,,,,,,,,,,,,,,,,,,,,,,
,,,,,,,,,,,,,,,,,,,,,,,,,,,,,,,,,,,,,,,,,,,
,,,,,,,,,,,,,,,,,,,,,,,,,,,,,,,,,,,,,,,,,,,
,,,,,,,,,,,,,,,,,,,,,,,,,,,,,,,,,,,,,,,,,,,
,,,,,,,,,,,,,,,,,,,,,,,,,,,,,,,,,,,,,,,,,,,
,,,,,,,,,,,,,,,,,,,,,,,,,,,,,,,,,,,,,,,,,,,
,,,,,,,,,,,,,,,,,,,,,,,,,,,,,,,,,,,,,,,,,,,
,,,,,,,,,,,,,,,,,,,,,,,,,,,,,,,,,,,,,,,,,,,
,,,,,,,,,,,,,,,,,,,,,,,,,,,,,,,,,,,,,,,,,,,
,,,,,,,,,,,,,,,,,,,,,,,,,,,,,,,,,,,,,,,,,,,
,,,,,,,,,,,,,,,,,,,,,,,,,,,,,,,,,,,,,,,,,,,
,,,,,,,,,,,,,,,,,,,,,,,,,,,,,,,,,,,,,,,,,,,
,,,,,,,,,,,,,,,,,,,,,,,,,,,,,,,,,,,,,,,,,,,
,,,,,,,,,,,,,,,,,,,,,,,,,,,,,,,,,,,,,,,,,,,
,,,,,,,,,,,,,,,,,,,,,,,,,,,,,,,,,,,,,,,,,,,
,,,,,,,,,,,,,,,,,,,,,,,,,,,,,,,,,,,,,,,,,,,
,,,,,,,,,,,,,,,,,,,,,,,,,,,,,,,,,,,,,,,,,,,
,,,,,,,,,,,,,,,,,,,,,,,,,,,,,,,,,,,,,,,,,,,
,,,,,,,,,,,,,,,,,,,,,,,,,,,,,,,,,,,,,,,,,,,
,,,,,,,,,,,,,,,,,,,,,,,,,,,,,,,,,,,,,,,,,,,
,,,,,,,,,,,,,,,,,,,,,,,,,,,,,,,,,,,,,,,,,,,
,,,,,,,,,,,,,,,,,,,,,,,,,,,,,,,,,,,,,,,,,,,
,,,,,,,,,,,,,,,,,,,,,,,,,,,,,,,,,,,,,,,,,,,
,,,,,,,,,,,,,,,,,,,,,,,,,,,,,,,,,,,,,,,,,,,
,,,,,,,,,,,,,,,,,,,,,,,,,,,,,,,,,,,,,,,,,,,
,,,,,,,,,,,,,,,,,,,,,,,,,,,,,,,,,,,,,,,,,,,
,,,,,,,,,,,,,,,,,,,,,,,,,,,,,,,,,,,,,,,,,,,
,,,,,,,,,,,,,,,,,,,,,,,,,,,,,,,,,,,,,,,,,,,
,,,,,,,,,,,,,,,,,,,,,,,,,,,,,,,,,,,,,,,,,,,
,,,,,,,,,,,,,,,,,,,,,,,,,,,,,,,,,,,,,,,,,,,
,,,,,,,,,,,,,,,,,,,,,,,,,,,,,,,,,,,,,,,,,,,
,,,,,,,,,,,,,,,,,,,,,,,,,,,,,,,,,,,,,,,,,,,
,,,,,,,,,,,,,,,,,,,,,,,,,,,,,,,,,,,,,,,,,,,
,,,,,,,,,,,,,,,,,,,,,,,,,,,,,,,,,,,,,,,,,,,
,,,,,,,,,,,,,,,,,,,,,,,,,,,,,,,,,,,,,,,,,,,
,,,,,,,,,,,,,,,,,,,,,,,,,,,,,,,,,,,,,,,,,,,
,,,,,,,,,,,,,,,,,,,,,,,,,,,,,,,,,,,,,,,,,,,
,,,,,,,,,,,,,,,,,,,,,,,,,,,,,,,,,,,,,,,,,,,
,,,,,,,,,,,,,,,,,,,,,,,,,,,,,,,,,,,,,,,,,,,
,,,,,,,,,,,,,,,,,,,,,,,,,,,,,,,,,,,,,,,,,,,
,,,,,,,,,,,,,,,,,,,,,,,,,,,,,,,,,,,,,,,,,,,
,,,,,,,,,,,,,,,,,,,,,,,,,,,,,,,,,,,,,,,,,,,
,,,,,,,,,,,,,,,,,,,,,,,,,,,,,,,,,,,,,,,,,,,
,,,,,,,,,,,,,,,,,,,,,,,,,,,,,,,,,,,,,,,,,,,
,,,,,,,,,,,,,,,,,,,,,,,,,,,,,,,,,,,,,,,,,,,
,,,,,,,,,,,,,,,,,,,,,,,,,,,,,,,,,,,,,,,,,,,
,,,,,,,,,,,,,,,,,,,,,,,,,,,,,,,,,,,,,,,,,,,
,,,,,,,,,,,,,,,,,,,,,,,,,,,,,,,,,,,,,,,,,,,
,,,,,,,,,,,,,,,,,,,,,,,,,,,,,,,,,,,,,,,,,,,
,,,,,,,,,,,,,,,,,,,,,,,,,,,,,,,,,,,,,,,,,,,
,,,,,,,,,,,,,,,,,,,,,,,,,,,,,,,,,,,,,,,,,,,
,,,,,,,,,,,,,,,,,,,,,,,,,,,,,,,,,,,,,,,,,,,
,,,,,,,,,,,,,,,,,,,,,,,,,,,,,,,,,,,,,,,,,,,
,,,,,,,,,,,,,,,,,,,,,,,,,,,,,,,,,,,,,,,,,,,
,,,,,,,,,,,,,,,,,,,,,,,,,,,,,,,,,,,,,,,,,,,
,,,,,,,,,,,,,,,,,,,,,,,,,,,,,,,,,,,,,,,,,,,
,,,,,,,,,,,,,,,,,,,,,,,,,,,,,,,,,,,,,,,,,,,
,,,,,,,,,,,,,,,,,,,,,,,,,,,,,,,,,,,,,,,,,,,
,,,,,,,,,,,,,,,,,,,,,,,,,,,,,,,,,,,,,,,,,,,
,,,,,,,,,,,,,,,,,,,,,,,,,,,,,,,,,,,,,,,,,,,
,,,,,,,,,,,,,,,,,,,,,,,,,,,,,,,,,,,,,,,,,,,
,,,,,,,,,,,,,,,,,,,,,,,,,,,,,,,,,,,,,,,,,,,
,,,,,,,,,,,,,,,,,,,,,,,,,,,,,,,,,,,,,,,,,,,
,,,,,,,,,,,,,,,,,,,,,,,,,,,,,,,,,,,,,,,,,,,
,,,,,,,,,,,,,,,,,,,,,,,,,,,,,,,,,,,,,,,,,,,
,,,,,,,,,,,,,,,,,,,,,,,,,,,,,,,,,,,,,,,,,,,
,,,,,,,,,,,,,,,,,,,,,,,,,,,,,,,,,,,,,,,,,,,
,,,,,,,,,,,,,,,,,,,,,,,,,,,,,,,,,,,,,,,,,,,
,,,,,,,,,,,,,,,,,,,,,,,,,,,,,,,,,,,,,,,,,,,
,,,,,,,,,,,,,,,,,,,,,,,,,,,,,,,,,,,,,,,,,,,
,,,,,,,,,,,,,,,,,,,,,,,,,,,,,,,,,,,,,,,,,,,
,,,,,,,,,,,,,,,,,,,,,,,,,,,,,,,,,,,,,,,,,,,
,,,,,,,,,,,,,,,,,,,,,,,,,,,,,,,,,,,,,,,,,,,
,,,,,,,,,,,,,,,,,,,,,,,,,,,,,,,,,,,,,,,,,,,
,,,,,,,,,,,,,,,,,,,,,,,,,,,,,,,,,,,,,,,,,,,
,,,,,,,,,,,,,,,,,,,,,,,,,,,,,,,,,,,,,,,,,,,
,,,,,,,,,,,,,,,,,,,,,,,,,,,,,,,,,,,,,,,,,,,
,,,,,,,,,,,,,,,,,,,,,,,,,,,,,,,,,,,,,,,,,,,
,,,,,,,,,,,,,,,,,,,,,,,,,,,,,,,,,,,,,,,,,,,
,,,,,,,,,,,,,,,,,,,,,,,,,,,,,,,,,,,,,,,,,,,
,,,,,,,,,,,,,,,,,,,,,,,,,,,,,,,,,,,,,,,,,,,
,,,,,,,,,,,,,,,,,,,,,,,,,,,,,,,,,,,,,,,,,,,
,,,,,,,,,,,,,,,,,,,,,,,,,,,,,,,,,,,,,,,,,,,
,,,,,,,,,,,,,,,,,,,,,,,,,,,,,,,,,,,,,,,,,,,
,,,,,,,,,,,,,,,,,,,,,,,,,,,,,,,,,,,,,,,,,,,
,,,,,,,,,,,,,,,,,,,,,,,,,,,,,,,,,,,,,,,,,,,
,,,,,,,,,,,,,,,,,,,,,,,,,,,,,,,,,,,,,,,,,,,
,,,,,,,,,,,,,,,,,,,,,,,,,,,,,,,,,,,,,,,,,,,
,,,,,,,,,,,,,,,,,,,,,,,,,,,,,,,,,,,,,,,,,,,
,,,,,,,,,,,,,,,,,,,,,,,,,,,,,,,,,,,,,,,,,,,
,,,,,,,,,,,,,,,,,,,,,,,,,,,,,,,,,,,,,,,,,,,
,,,,,,,,,,,,,,,,,,,,,,,,,,,,,,,,,,,,,,,,,,,
,,,,,,,,,,,,,,,,,,,,,,,,,,,,,,,,,,,,,,,,,,,
,,,,,,,,,,,,,,,,,,,,,,,,,,,,,,,,,,,,,,,,,,,
,,,,,,,,,,,,,,,,,,,,,,,,,,,,,,,,,,,,,,,,,,,
,,,,,,,,,,,,,,,,,,,,,,,,,,,,,,,,,,,,,,,,,,,
,,,,,,,,,,,,,,,,,,,,,,,,,,,,,,,,,,,,,,,,,,,
,,,,,,,,,,,,,,,,,,,,,,,,,,,,,,,,,,,,,,,,,,,
,,,,,,,,,,,,,,,,,,,,,,,,,,,,,,,,,,,,,,,,,,,
,,,,,,,,,,,,,,,,,,,,,,,,,,,,,,,,,,,,,,,,,,,
,,,,,,,,,,,,,,,,,,,,,,,,,,,,,,,,,,,,,,,,,,,
,,,,,,,,,,,,,,,,,,,,,,,,,,,,,,,,,,,,,,,,,,,
,,,,,,,,,,,,,,,,,,,,,,,,,,,,,,,,,,,,,,,,,,,
,,,,,,,,,,,,,,,,,,,,,,,,,,,,,,,,,,,,,,,,,,,
,,,,,,,,,,,,,,,,,,,,,,,,,,,,,,,,,,,,,,,,,,,
,,,,,,,,,,,,,,,,,,,,,,,,,,,,,,,,,,,,,,,,,,,
,,,,,,,,,,,,,,,,,,,,,,,,,,,,,,,,,,,,,,,,,,,
,,,,,,,,,,,,,,,,,,,,,,,,,,,,,,,,,,,,,,,,,,,
,,,,,,,,,,,,,,,,,,,,,,,,,,,,,,,,,,,,,,,,,,,
,,,,,,,,,,,,,,,,,,,,,,,,,,,,,,,,,,,,,,,,,,,
,,,,,,,,,,,,,,,,,,,,,,,,,,,,,,,,,,,,,,,,,,,
,,,,,,,,,,,,,,,,,,,,,,,,,,,,,,,,,,,,,,,,,,,
,,,,,,,,,,,,,,,,,,,,,,,,,,,,,,,,,,,,,,,,,,,
,,,,,,,,,,,,,,,,,,,,,,,,,,,,,,,,,,,,,,,,,,,
,,,,,,,,,,,,,,,,,,,,,,,,,,,,,,,,,,,,,,,,,,,
,,,,,,,,,,,,,,,,,,,,,,,,,,,,,,,,,,,,,,,,,,,
,,,,,,,,,,,,,,,,,,,,,,,,,,,,,,,,,,,,,,,,,,,
,,,,,,,,,,,,,,,,,,,,,,,,,,,,,,,,,,,,,,,,,,,
,,,,,,,,,,,,,,,,,,,,,,,,,,,,,,,,,,,,,,,,,,,
,,,,,,,,,,,,,,,,,,,,,,,,,,,,,,,,,,,,,,,,,,,
,,,,,,,,,,,,,,,,,,,,,,,,,,,,,,,,,,,,,,,,,,,
,,,,,,,,,,,,,,,,,,,,,,,,,,,,,,,,,,,,,,,,,,,
,,,,,,,,,,,,,,,,,,,,,,,,,,,,,,,,,,,,,,,,,,,
,,,,,,,,,,,,,,,,,,,,,,,,,,,,,,,,,,,,,,,,,,,
,,,,,,,,,,,,,,,,,,,,,,,,,,,,,,,,,,,,,,,,,,,
,,,,,,,,,,,,,,,,,,,,,,,,,,,,,,,,,,,,,,,,,,,
,,,,,,,,,,,,,,,,,,,,,,,,,,,,,,,,,,,,,,,,,,,
,,,,,,,,,,,,,,,,,,,,,,,,,,,,,,,,,,,,,,,,,,,
,,,,,,,,,,,,,,,,,,,,,,,,,,,,,,,,,,,,,,,,,,,
,,,,,,,,,,,,,,,,,,,,,,,,,,,,,,,,,,,,,,,,,,,
,,,,,,,,,,,,,,,,,,,,,,,,,,,,,,,,,,,,,,,,,,,
,,,,,,,,,,,,,,,,,,,,,,,,,,,,,,,,,,,,,,,,,,,
,,,,,,,,,,,,,,,,,,,,,,,,,,,,,,,,,,,,,,,,,,,
,,,,,,,,,,,,,,,,,,,,,,,,,,,,,,,,,,,,,,,,,,,
,,,,,,,,,,,,,,,,,,,,,,,,,,,,,,,,,,,,,,,,,,,
,,,,,,,,,,,,,,,,,,,,,,,,,,,,,,,,,,,,,,,,,,,
,,,,,,,,,,,,,,,,,,,,,,,,,,,,,,,,,,,,,,,,,,,
,,,,,,,,,,,,,,,,,,,,,,,,,,,,,,,,,,,,,,,,,,,
,,,,,,,,,,,,,,,,,,,,,,,,,,,,,,,,,,,,,,,,,,,
,,,,,,,,,,,,,,,,,,,,,,,,,,,,,,,,,,,,,,,,,,,
,,,,,,,,,,,,,,,,,,,,,,,,,,,,,,,,,,,,,,,,,,,
,,,,,,,,,,,,,,,,,,,,,,,,,,,,,,,,,,,,,,,,,,,
,,,,,,,,,,,,,,,,,,,,,,,,,,,,,,,,,,,,,,,,,,,
,,,,,,,,,,,,,,,,,,,,,,,,,,,,,,,,,,,,,,,,,,,
,,,,,,,,,,,,,,,,,,,,,,,,,,,,,,,,,,,,,,,,,,,
,,,,,,,,,,,,,,,,,,,,,,,,,,,,,,,,,,,,,,,,,,,
,,,,,,,,,,,,,,,,,,,,,,,,,,,,,,,,,,,,,,,,,,,
,,,,,,,,,,,,,,,,,,,,,,,,,,,,,,,,,,,,,,,,,,,
,,,,,,,,,,,,,,,,,,,,,,,,,,,,,,,,,,,,,,,,,,,
,,,,,,,,,,,,,,,,,,,,,,,,,,,,,,,,,,,,,,,,,,,
,,,,,,,,,,,,,,,,,,,,,,,,,,,,,,,,,,,,,,,,,,,
,,,,,,,,,,,,,,,,,,,,,,,,,,,,,,,,,,,,,,,,,,,
,,,,,,,,,,,,,,,,,,,,,,,,,,,,,,,,,,,,,,,,,,,
,,,,,,,,,,,,,,,,,,,,,,,,,,,,,,,,,,,,,,,,,,,
,,,,,,,,,,,,,,,,,,,,,,,,,,,,,,,,,,,,,,,,,,,
,,,,,,,,,,,,,,,,,,,,,,,,,,,,,,,,,,,,,,,,,,,
,,,,,,,,,,,,,,,,,,,,,,,,,,,,,,,,,,,,,,,,,,,
,,,,,,,,,,,,,,,,,,,,,,,,,,,,,,,,,,,,,,,,,,,
,,,,,,,,,,,,,,,,,,,,,,,,,,,,,,,,,,,,,,,,,,,
,,,,,,,,,,,,,,,,,,,,,,,,,,,,,,,,,,,,,,,,,,,
,,,,,,,,,,,,,,,,,,,,,,,,,,,,,,,,,,,,,,,,,,,
,,,,,,,,,,,,,,,,,,,,,,,,,,,,,,,,,,,,,,,,,,,
,,,,,,,,,,,,,,,,,,,,,,,,,,,,,,,,,,,,,,,,,,,
,,,,,,,,,,,,,,,,,,,,,,,,,,,,,,,,,,,,,,,,,,,
,,,,,,,,,,,,,,,,,,,,,,,,,,,,,,,,,,,,,,,,,,,
,,,,,,,,,,,,,,,,,,,,,,,,,,,,,,,,,,,,,,,,,,,
,,,,,,,,,,,,,,,,,,,,,,,,,,,,,,,,,,,,,,,,,,,
,,,,,,,,,,,,,,,,,,,,,,,,,,,,,,,,,,,,,,,,,,,
,,,,,,,,,,,,,,,,,,,,,,,,,,,,,,,,,,,,,,,,,,,
,,,,,,,,,,,,,,,,,,,,,,,,,,,,,,,,,,,,,,,,,,,
,,,,,,,,,,,,,,,,,,,,,,,,,,,,,,,,,,,,,,,,,,,
,,,,,,,,,,,,,,,,,,,,,,,,,,,,,,,,,,,,,,,,,,,
,,,,,,,,,,,,,,,,,,,,,,,,,,,,,,,,,,,,,,,,,,,
,,,,,,,,,,,,,,,,,,,,,,,,,,,,,,,,,,,,,,,,,,,
,,,,,,,,,,,,,,,,,,,,,,,,,,,,,,,,,,,,,,,,,,,
,,,,,,,,,,,,,,,,,,,,,,,,,,,,,,,,,,,,,,,,,,,
,,,,,,,,,,,,,,,,,,,,,,,,,,,,,,,,,,,,,,,,,,,
,,,,,,,,,,,,,,,,,,,,,,,,,,,,,,,,,,,,,,,,,,,
,,,,,,,,,,,,,,,,,,,,,,,,,,,,,,,,,,,,,,,,,,,
,,,,,,,,,,,,,,,,,,,,,,,,,,,,,,,,,,,,,,,,,,,
,,,,,,,,,,,,,,,,,,,,,,,,,,,,,,,,,,,,,,,,,,,
,,,,,,,,,,,,,,,,,,,,,,,,,,,,,,,,,,,,,,,,,,,
,,,,,,,,,,,,,,,,,,,,,,,,,,,,,,,,,,,,,,,,,,,
,,,,,,,,,,,,,,,,,,,,,,,,,,,,,,,,,,,,,,,,,,,
,,,,,,,,,,,,,,,,,,,,,,,,,,,,,,,,,,,,,,,,,,,
,,,,,,,,,,,,,,,,,,,,,,,,,,,,,,,,,,,,,,,,,,,
,,,,,,,,,,,,,,,,,,,,,,,,,,,,,,,,,,,,,,,,,,,
,,,,,,,,,,,,,,,,,,,,,,,,,,,,,,,,,,,,,,,,,,,
,,,,,,,,,,,,,,,,,,,,,,,,,,,,,,,,,,,,,,,,,,,
,,,,,,,,,,,,,,,,,,,,,,,,,,,,,,,,,,,,,,,,,,,
,,,,,,,,,,,,,,,,,,,,,,,,,,,,,,,,,,,,,,,,,,,
,,,,,,,,,,,,,,,,,,,,,,,,,,,,,,,,,,,,,,,,,,,
,,,,,,,,,,,,,,,,,,,,,,,,,,,,,,,,,,,,,,,,,,,
,,,,,,,,,,,,,,,,,,,,,,,,,,,,,,,,,,,,,,,,,,,
,,,,,,,,,,,,,,,,,,,,,,,,,,,,,,,,,,,,,,,,,,,
,,,,,,,,,,,,,,,,,,,,,,,,,,,,,,,,,,,,,,,,,,,
,,,,,,,,,,,,,,,,,,,,,,,,,,,,,,,,,,,,,,,,,,,
,,,,,,,,,,,,,,,,,,,,,,,,,,,,,,,,,,,,,,,,,,,
,,,,,,,,,,,,,,,,,,,,,,,,,,,,,,,,,,,,,,,,,,,
,,,,,,,,,,,,,,,,,,,,,,,,,,,,,,,,,,,,,,,,,,,
,,,,,,,,,,,,,,,,,,,,,,,,,,,,,,,,,,,,,,,,,,,
,,,,,,,,,,,,,,,,,,,,,,,,,,,,,,,,,,,,,,,,,,,
,,,,,,,,,,,,,,,,,,,,,,,,,,,,,,,,,,,,,,,,,,,
,,,,,,,,,,,,,,,,,,,,,,,,,,,,,,,,,,,,,,,,,,,
,,,,,,,,,,,,,,,,,,,,,,,,,,,,,,,,,,,,,,,,,,,
,,,,,,,,,,,,,,,,,,,,,,,,,,,,,,,,,,,,,,,,,,,
,,,,,,,,,,,,,,,,,,,,,,,,,,,,,,,,,,,,,,,,,,,
,,,,,,,,,,,,,,,,,,,,,,,,,,,,,,,,,,,,,,,,,,,
,,,,,,,,,,,,,,,,,,,,,,,,,,,,,,,,,,,,,,,,,,,
,,,,,,,,,,,,,,,,,,,,,,,,,,,,,,,,,,,,,,,,,,,
,,,,,,,,,,,,,,,,,,,,,,,,,,,,,,,,,,,,,,,,,,,
,,,,,,,,,,,,,,,,,,,,,,,,,,,,,,,,,,,,,,,,,,,
,,,,,,,,,,,,,,,,,,,,,,,,,,,,,,,,,,,,,,,,,,,
,,,,,,,,,,,,,,,,,,,,,,,,,,,,,,,,,,,,,,,,,,,
,,,,,,,,,,,,,,,,,,,,,,,,,,,,,,,,,,,,,,,,,,,
,,,,,,,,,,,,,,,,,,,,,,,,,,,,,,,,,,,,,,,,,,,
,,,,,,,,,,,,,,,,,,,,,,,,,,,,,,,,,,,,,,,,,,,
,,,,,,,,,,,,,,,,,,,,,,,,,,,,,,,,,,,,,,,,,,,
,,,,,,,,,,,,,,,,,,,,,,,,,,,,,,,,,,,,,,,,,,,
,,,,,,,,,,,,,,,,,,,,,,,,,,,,,,,,,,,,,,,,,,,
,,,,,,,,,,,,,,,,,,,,,,,,,,,,,,,,,,,,,,,,,,,
,,,,,,,,,,,,,,,,,,,,,,,,,,,,,,,,,,,,,,,,,,,
,,,,,,,,,,,,,,,,,,,,,,,,,,,,,,,,,,,,,,,,,,,
,,,,,,,,,,,,,,,,,,,,,,,,,,,,,,,,,,,,,,,,,,,
,,,,,,,,,,,,,,,,,,,,,,,,,,,,,,,,,,,,,,,,,,,
,,,,,,,,,,,,,,,,,,,,,,,,,,,,,,,,,,,,,,,,,,,
,,,,,,,,,,,,,,,,,,,,,,,,,,,,,,,,,,,,,,,,,,,
,,,,,,,,,,,,,,,,,,,,,,,,,,,,,,,,,,,,,,,,,,,
,,,,,,,,,,,,,,,,,,,,,,,,,,,,,,,,,,,,,,,,,,,
,,,,,,,,,,,,,,,,,,,,,,,,,,,,,,,,,,,,,,,,,,,
,,,,,,,,,,,,,,,,,,,,,,,,,,,,,,,,,,,,,,,,,,,
,,,,,,,,,,,,,,,,,,,,,,,,,,,,,,,,,,,,,,,,,,,
,,,,,,,,,,,,,,,,,,,,,,,,,,,,,,,,,,,,,,,,,,,
,,,,,,,,,,,,,,,,,,,,,,,,,,,,,,,,,,,,,,,,,,,
,,,,,,,,,,,,,,,,,,,,,,,,,,,,,,,,,,,,,,,,,,,
,,,,,,,,,,,,,,,,,,,,,,,,,,,,,,,,,,,,,,,,,,,
,,,,,,,,,,,,,,,,,,,,,,,,,,,,,,,,,,,,,,,,,,,
,,,,,,,,,,,,,,,,,,,,,,,,,,,,,,,,,,,,,,,,,,,
,,,,,,,,,,,,,,,,,,,,,,,,,,,,,,,,,,,,,,,,,,,
,,,,,,,,,,,,,,,,,,,,,,,,,,,,,,,,,,,,,,,,,,,
,,,,,,,,,,,,,,,,,,,,,,,,,,,,,,,,,,,,,,,,,,,
,,,,,,,,,,,,,,,,,,,,,,,,,,,,,,,,,,,,,,,,,,,
,,,,,,,,,,,,,,,,,,,,,,,,,,,,,,,,,,,,,,,,,,,
,,,,,,,,,,,,,,,,,,,,,,,,,,,,,,,,,,,,,,,,,,,
,,,,,,,,,,,,,,,,,,,,,,,,,,,,,,,,,,,,,,,,,,,
,,,,,,,,,,,,,,,,,,,,,,,,,,,,,,,,,,,,,,,,,,,
,,,,,,,,,,,,,,,,,,,,,,,,,,,,,,,,,,,,,,,,,,,
,,,,,,,,,,,,,,,,,,,,,,,,,,,,,,,,,,,,,,,,,,,
,,,,,,,,,,,,,,,,,,,,,,,,,,,,,,,,,,,,,,,,,,,
,,,,,,,,,,,,,,,,,,,,,,,,,,,,,,,,,,,,,,,,,,,
,,,,,,,,,,,,,,,,,,,,,,,,,,,,,,,,,,,,,,,,,,,
,,,,,,,,,,,,,,,,,,,,,,,,,,,,,,,,,,,,,,,,,,,
,,,,,,,,,,,,,,,,,,,,,,,,,,,,,,,,,,,,,,,,,,,
,,,,,,,,,,,,,,,,,,,,,,,,,,,,,,,,,,,,,,,,,,,
,,,,,,,,,,,,,,,,,,,,,,,,,,,,,,,,,,,,,,,,,,,
,,,,,,,,,,,,,,,,,,,,,,,,,,,,,,,,,,,,,,,,,,,
,,,,,,,,,,,,,,,,,,,,,,,,,,,,,,,,,,,,,,,,,,,
,,,,,,,,,,,,,,,,,,,,,,,,,,,,,,,,,,,,,,,,,,,
,,,,,,,,,,,,,,,,,,,,,,,,,,,,,,,,,,,,,,,,,,,
,,,,,,,,,,,,,,,,,,,,,,,,,,,,,,,,,,,,,,,,,,,
,,,,,,,,,,,,,,,,,,,,,,,,,,,,,,,,,,,,,,,,,,,
,,,,,,,,,,,,,,,,,,,,,,,,,,,,,,,,,,,,,,,,,,,
,,,,,,,,,,,,,,,,,,,,,,,,,,,,,,,,,,,,,,,,,,,
,,,,,,,,,,,,,,,,,,,,,,,,,,,,,,,,,,,,,,,,,,,
,,,,,,,,,,,,,,,,,,,,,,,,,,,,,,,,,,,,,,,,,,,
,,,,,,,,,,,,,,,,,,,,,,,,,,,,,,,,,,,,,,,,,,,
,,,,,,,,,,,,,,,,,,,,,,,,,,,,,,,,,,,,,,,,,,,
,,,,,,,,,,,,,,,,,,,,,,,,,,,,,,,,,,,,,,,,,,,
,,,,,,,,,,,,,,,,,,,,,,,,,,,,,,,,,,,,,,,,,,,
,,,,,,,,,,,,,,,,,,,,,,,,,,,,,,,,,,,,,,,,,,,
,,,,,,,,,,,,,,,,,,,,,,,,,,,,,,,,,,,,,,,,,,,
,,,,,,,,,,,,,,,,,,,,,,,,,,,,,,,,,,,,,,,,,,,
,,,,,,,,,,,,,,,,,,,,,,,,,,,,,,,,,,,,,,,,,,,
,,,,,,,,,,,,,,,,,,,,,,,,,,,,,,,,,,,,,,,,,,,
,,,,,,,,,,,,,,,,,,,,,,,,,,,,,,,,,,,,,,,,,,,
,,,,,,,,,,,,,,,,,,,,,,,,,,,,,,,,,,,,,,,,,,,
,,,,,,,,,,,,,,,,,,,,,,,,,,,,,,,,,,,,,,,,,,,
,,,,,,,,,,,,,,,,,,,,,,,,,,,,,,,,,,,,,,,,,,,
,,,,,,,,,,,,,,,,,,,,,,,,,,,,,,,,,,,,,,,,,,,
,,,,,,,,,,,,,,,,,,,,,,,,,,,,,,,,,,,,,,,,,,,
,,,,,,,,,,,,,,,,,,,,,,,,,,,,,,,,,,,,,,,,,,,
,,,,,,,,,,,,,,,,,,,,,,,,,,,,,,,,,,,,,,,,,,,
,,,,,,,,,,,,,,,,,,,,,,,,,,,,,,,,,,,,,,,,,,,
,,,,,,,,,,,,,,,,,,,,,,,,,,,,,,,,,,,,,,,,,,,
,,,,,,,,,,,,,,,,,,,,,,,,,,,,,,,,,,,,,,,,,,,
,,,,,,,,,,,,,,,,,,,,,,,,,,,,,,,,,,,,,,,,,,,
,,,,,,,,,,,,,,,,,,,,,,,,,,,,,,,,,,,,,,,,,,,
,,,,,,,,,,,,,,,,,,,,,,,,,,,,,,,,,,,,,,,,,,,
,,,,,,,,,,,,,,,,,,,,,,,,,,,,,,,,,,,,,,,,,,,
,,,,,,,,,,,,,,,,,,,,,,,,,,,,,,,,,,,,,,,,,,,
,,,,,,,,,,,,,,,,,,,,,,,,,,,,,,,,,,,,,,,,,,,
,,,,,,,,,,,,,,,,,,,,,,,,,,,,,,,,,,,,,,,,,,,
,,,,,,,,,,,,,,,,,,,,,,,,,,,,,,,,,,,,,,,,,,,
,,,,,,,,,,,,,,,,,,,,,,,,,,,,,,,,,,,,,,,,,,,
,,,,,,,,,,,,,,,,,,,,,,,,,,,,,,,,,,,,,,,,,,,
,,,,,,,,,,,,,,,,,,,,,,,,,,,,,,,,,,,,,,,,,,,
,,,,,,,,,,,,,,,,,,,,,,,,,,,,,,,,,,,,,,,,,,,
,,,,,,,,,,,,,,,,,,,,,,,,,,,,,,,,,,,,,,,,,,,
,,,,,,,,,,,,,,,,,,,,,,,,,,,,,,,,,,,,,,,,,,,
,,,,,,,,,,,,,,,,,,,,,,,,,,,,,,,,,,,,,,,,,,,
,,,,,,,,,,,,,,,,,,,,,,,,,,,,,,,,,,,,,,,,,,,
,,,,,,,,,,,,,,,,,,,,,,,,,,,,,,,,,,,,,,,,,,,
,,,,,,,,,,,,,,,,,,,,,,,,,,,,,,,,,,,,,,,,,,,
,,,,,,,,,,,,,,,,,,,,,,,,,,,,,,,,,,,,,,,,,,,
,,,,,,,,,,,,,,,,,,,,,,,,,,,,,,,,,,,,,,,,,,,
,,,,,,,,,,,,,,,,,,,,,,,,,,,,,,,,,,,,,,,,,,,
,,,,,,,,,,,,,,,,,,,,,,,,,,,,,,,,,,,,,,,,,,,
,,,,,,,,,,,,,,,,,,,,,,,,,,,,,,,,,,,,,,,,,,,
,,,,,,,,,,,,,,,,,,,,,,,,,,,,,,,,,,,,,,,,,,,
,,,,,,,,,,,,,,,,,,,,,,,,,,,,,,,,,,,,,,,,,,,
,,,,,,,,,,,,,,,,,,,,,,,,,,,,,,,,,,,,,,,,,,,
,,,,,,,,,,,,,,,,,,,,,,,,,,,,,,,,,,,,,,,,,,,
,,,,,,,,,,,,,,,,,,,,,,,,,,,,,,,,,,,,,,,,,,,
,,,,,,,,,,,,,,,,,,,,,,,,,,,,,,,,,,,,,,,,,,,
,,,,,,,,,,,,,,,,,,,,,,,,,,,,,,,,,,,,,,,,,,,
,,,,,,,,,,,,,,,,,,,,,,,,,,,,,,,,,,,,,,,,,,,
,,,,,,,,,,,,,,,,,,,,,,,,,,,,,,,,,,,,,,,,,,,
,,,,,,,,,,,,,,,,,,,,,,,,,,,,,,,,,,,,,,,,,,,
,,,,,,,,,,,,,,,,,,,,,,,,,,,,,,,,,,,,,,,,,,,
,,,,,,,,,,,,,,,,,,,,,,,,,,,,,,,,,,,,,,,,,,,
,,,,,,,,,,,,,,,,,,,,,,,,,,,,,,,,,,,,,,,,,,,
,,,,,,,,,,,,,,,,,,,,,,,,,,,,,,,,,,,,,,,,,,,
,,,,,,,,,,,,,,,,,,,,,,,,,,,,,,,,,,,,,,,,,,,
,,,,,,,,,,,,,,,,,,,,,,,,,,,,,,,,,,,,,,,,,,,
,,,,,,,,,,,,,,,,,,,,,,,,,,,,,,,,,,,,,,,,,,,
,,,,,,,,,,,,,,,,,,,,,,,,,,,,,,,,,,,,,,,,,,,
,,,,,,,,,,,,,,,,,,,,,,,,,,,,,,,,,,,,,,,,,,,
,,,,,,,,,,,,,,,,,,,,,,,,,,,,,,,,,,,,,,,,,,,
,,,,,,,,,,,,,,,,,,,,,,,,,,,,,,,,,,,,,,,,,,,
,,,,,,,,,,,,,,,,,,,,,,,,,,,,,,,,,,,,,,,,,,,
,,,,,,,,,,,,,,,,,,,,,,,,,,,,,,,,,,,,,,,,,,,
,,,,,,,,,,,,,,,,,,,,,,,,,,,,,,,,,,,,,,,,,,,
,,,,,,,,,,,,,,,,,,,,,,,,,,,,,,,,,,,,,,,,,,,
,,,,,,,,,,,,,,,,,,,,,,,,,,,,,,,,,,,,,,,,,,,
,,,,,,,,,,,,,,,,,,,,,,,,,,,,,,,,,,,,,,,,,,,
,,,,,,,,,,,,,,,,,,,,,,,,,,,,,,,,,,,,,,,,,,,
,,,,,,,,,,,,,,,,,,,,,,,,,,,,,,,,,,,,,,,,,,,
,,,,,,,,,,,,,,,,,,,,,,,,,,,,,,,,,,,,,,,,,,,
,,,,,,,,,,,,,,,,,,,,,,,,,,,,,,,,,,,,,,,,,,,
,,,,,,,,,,,,,,,,,,,,,,,,,,,,,,,,,,,,,,,,,,,
,,,,,,,,,,,,,,,,,,,,,,,,,,,,,,,,,,,,,,,,,,,
,,,,,,,,,,,,,,,,,,,,,,,,,,,,,,,,,,,,,,,,,,,
,,,,,,,,,,,,,,,,,,,,,,,,,,,,,,,,,,,,,,,,,,,
,,,,,,,,,,,,,,,,,,,,,,,,,,,,,,,,,,,,,,,,,,,
,,,,,,,,,,,,,,,,,,,,,,,,,,,,,,,,,,,,,,,,,,,
,,,,,,,,,,,,,,,,,,,,,,,,,,,,,,,,,,,,,,,,,,,
,,,,,,,,,,,,,,,,,,,,,,,,,,,,,,,,,,,,,,,,,,,
,,,,,,,,,,,,,,,,,,,,,,,,,,,,,,,,,,,,,,,,,,,
,,,,,,,,,,,,,,,,,,,,,,,,,,,,,,,,,,,,,,,,,,,
,,,,,,,,,,,,,,,,,,,,,,,,,,,,,,,,,,,,,,,,,,,
,,,,,,,,,,,,,,,,,,,,,,,,,,,,,,,,,,,,,,,,,,,
,,,,,,,,,,,,,,,,,,,,,,,,,,,,,,,,,,,,,,,,,,,
,,,,,,,,,,,,,,,,,,,,,,,,,,,,,,,,,,,,,,,,,,,
,,,,,,,,,,,,,,,,,,,,,,,,,,,,,,,,,,,,,,,,,,,
,,,,,,,,,,,,,,,,,,,,,,,,,,,,,,,,,,,,,,,,,,,
,,,,,,,,,,,,,,,,,,,,,,,,,,,,,,,,,,,,,,,,,,,
,,,,,,,,,,,,,,,,,,,,,,,,,,,,,,,,,,,,,,,,,,,
,,,,,,,,,,,,,,,,,,,,,,,,,,,,,,,,,,,,,,,,,,,
,,,,,,,,,,,,,,,,,,,,,,,,,,,,,,,,,,,,,,,,,,,
,,,,,,,,,,,,,,,,,,,,,,,,,,,,,,,,,,,,,,,,,,,
,,,,,,,,,,,,,,,,,,,,,,,,,,,,,,,,,,,,,,,,,,,
,,,,,,,,,,,,,,,,,,,,,,,,,,,,,,,,,,,,,,,,,,,
,,,,,,,,,,,,,,,,,,,,,,,,,,,,,,,,,,,,,,,,,,,
,,,,,,,,,,,,,,,,,,,,,,,,,,,,,,,,,,,,,,,,,,,
,,,,,,,,,,,,,,,,,,,,,,,,,,,,,,,,,,,,,,,,,,,
,,,,,,,,,,,,,,,,,,,,,,,,,,,,,,,,,,,,,,,,,,,
,,,,,,,,,,,,,,,,,,,,,,,,,,,,,,,,,,,,,,,,,,,
,,,,,,,,,,,,,,,,,,,,,,,,,,,,,,,,,,,,,,,,,,,
,,,,,,,,,,,,,,,,,,,,,,,,,,,,,,,,,,,,,,,,,,,
,,,,,,,,,,,,,,,,,,,,,,,,,,,,,,,,,,,,,,,,,,,
,,,,,,,,,,,,,,,,,,,,,,,,,,,,,,,,,,,,,,,,,,,
,,,,,,,,,,,,,,,,,,,,,,,,,,,,,,,,,,,,,,,,,,,
,,,,,,,,,,,,,,,,,,,,,,,,,,,,,,,,,,,,,,,,,,,
,,,,,,,,,,,,,,,,,,,,,,,,,,,,,,,,,,,,,,,,,,,
,,,,,,,,,,,,,,,,,,,,,,,,,,,,,,,,,,,,,,,,,,,
,,,,,,,,,,,,,,,,,,,,,,,,,,,,,,,,,,,,,,,,,,,
,,,,,,,,,,,,,,,,,,,,,,,,,,,,,,,,,,,,,,,,,,,
,,,,,,,,,,,,,,,,,,,,,,,,,,,,,,,,,,,,,,,,,,,
,,,,,,,,,,,,,,,,,,,,,,,,,,,,,,,,,,,,,,,,,,,
,,,,,,,,,,,,,,,,,,,,,,,,,,,,,,,,,,,,,,,,,,,
,,,,,,,,,,,,,,,,,,,,,,,,,,,,,,,,,,,,,,,,,,,
,,,,,,,,,,,,,,,,,,,,,,,,,,,,,,,,,,,,,,,,,,,
,,,,,,,,,,,,,,,,,,,,,,,,,,,,,,,,,,,,,,,,,,,
,,,,,,,,,,,,,,,,,,,,,,,,,,,,,,,,,,,,,,,,,,,
,,,,,,,,,,,,,,,,,,,,,,,,,,,,,,,,,,,,,,,,,,,
,,,,,,,,,,,,,,,,,,,,,,,,,,,,,,,,,,,,,,,,,,,
,,,,,,,,,,,,,,,,,,,,,,,,,,,,,,,,,,,,,,,,,,,
,,,,,,,,,,,,,,,,,,,,,,,,,,,,,,,,,,,,,,,,,,,
,,,,,,,,,,,,,,,,,,,,,,,,,,,,,,,,,,,,,,,,,,,
,,,,,,,,,,,,,,,,,,,,,,,,,,,,,,,,,,,,,,,,,,,
,,,,,,,,,,,,,,,,,,,,,,,,,,,,,,,,,,,,,,,,,,,
,,,,,,,,,,,,,,,,,,,,,,,,,,,,,,,,,,,,,,,,,,,
,,,,,,,,,,,,,,,,,,,,,,,,,,,,,,,,,,,,,,,,,,,
,,,,,,,,,,,,,,,,,,,,,,,,,,,,,,,,,,,,,,,,,,,
,,,,,,,,,,,,,,,,,,,,,,,,,,,,,,,,,,,,,,,,,,,
,,,,,,,,,,,,,,,,,,,,,,,,,,,,,,,,,,,,,,,,,,,
,,,,,,,,,,,,,,,,,,,,,,,,,,,,,,,,,,,,,,,,,,,
,,,,,,,,,,,,,,,,,,,,,,,,,,,,,,,,,,,,,,,,,,,
,,,,,,,,,,,,,,,,,,,,,,,,,,,,,,,,,,,,,,,,,,,
,,,,,,,,,,,,,,,,,,,,,,,,,,,,,,,,,,,,,,,,,,,
,,,,,,,,,,,,,,,,,,,,,,,,,,,,,,,,,,,,,,,,,,,
,,,,,,,,,,,,,,,,,,,,,,,,,,,,,,,,,,,,,,,,,,,
,,,,,,,,,,,,,,,,,,,,,,,,,,,,,,,,,,,,,,,,,,,
,,,,,,,,,,,,,,,,,,,,,,,,,,,,,,,,,,,,,,,,,,,
,,,,,,,,,,,,,,,,,,,,,,,,,,,,,,,,,,,,,,,,,,,
,,,,,,,,,,,,,,,,,,,,,,,,,,,,,,,,,,,,,,,,,,,
,,,,,,,,,,,,,,,,,,,,,,,,,,,,,,,,,,,,,,,,,,,
,,,,,,,,,,,,,,,,,,,,,,,,,,,,,,,,,,,,,,,,,,,
,,,,,,,,,,,,,,,,,,,,,,,,,,,,,,,,,,,,,,,,,,,
,,,,,,,,,,,,,,,,,,,,,,,,,,,,,,,,,,,,,,,,,,,
,,,,,,,,,,,,,,,,,,,,,,,,,,,,,,,,,,,,,,,,,,,
,,,,,,,,,,,,,,,,,,,,,,,,,,,,,,,,,,,,,,,,,,,
,,,,,,,,,,,,,,,,,,,,,,,,,,,,,,,,,,,,,,,,,,,
,,,,,,,,,,,,,,,,,,,,,,,,,,,,,,,,,,,,,,,,,,,
,,,,,,,,,,,,,,,,,,,,,,,,,,,,,,,,,,,,,,,,,,,
,,,,,,,,,,,,,,,,,,,,,,,,,,,,,,,,,,,,,,,,,,,
,,,,,,,,,,,,,,,,,,,,,,,,,,,,,,,,,,,,,,,,,,,
,,,,,,,,,,,,,,,,,,,,,,,,,,,,,,,,,,,,,,,,,,,
,,,,,,,,,,,,,,,,,,,,,,,,,,,,,,,,,,,,,,,,,,,
,,,,,,,,,,,,,,,,,,,,,,,,,,,,,,,,,,,,,,,,,,,
,,,,,,,,,,,,,,,,,,,,,,,,,,,,,,,,,,,,,,,,,,,
,,,,,,,,,,,,,,,,,,,,,,,,,,,,,,,,,,,,,,,,,,,
,,,,,,,,,,,,,,,,,,,,,,,,,,,,,,,,,,,,,,,,,,,
,,,,,,,,,,,,,,,,,,,,,,,,,,,,,,,,,,,,,,,,,,,
,,,,,,,,,,,,,,,,,,,,,,,,,,,,,,,,,,,,,,,,,,,
,,,,,,,,,,,,,,,,,,,,,,,,,,,,,,,,,,,,,,,,,,,
,,,,,,,,,,,,,,,,,,,,,,,,,,,,,,,,,,,,,,,,,,,
,,,,,,,,,,,,,,,,,,,,,,,,,,,,,,,,,,,,,,,,,,,
,,,,,,,,,,,,,,,,,,,,,,,,,,,,,,,,,,,,,,,,,,,
,,,,,,,,,,,,,,,,,,,,,,,,,,,,,,,,,,,,,,,,,,,
,,,,,,,,,,,,,,,,,,,,,,,,,,,,,,,,,,,,,,,,,,,
,,,,,,,,,,,,,,,,,,,,,,,,,,,,,,,,,,,,,,,,,,,
,,,,,,,,,,,,,,,,,,,,,,,,,,,,,,,,,,,,,,,,,,,
,,,,,,,,,,,,,,,,,,,,,,,,,,,,,,,,,,,,,,,,,,,
,,,,,,,,,,,,,,,,,,,,,,,,,,,,,,,,,,,,,,,,,,,
,,,,,,,,,,,,,,,,,,,,,,,,,,,,,,,,,,,,,,,,,,,
,,,,,,,,,,,,,,,,,,,,,,,,,,,,,,,,,,,,,,,,,,,
,,,,,,,,,,,,,,,,,,,,,,,,,,,,,,,,,,,,,,,,,,,
,,,,,,,,,,,,,,,,,,,,,,,,,,,,,,,,,,,,,,,,,,,
,,,,,,,,,,,,,,,,,,,,,,,,,,,,,,,,,,,,,,,,,,,
,,,,,,,,,,,,,,,,,,,,,,,,,,,,,,,,,,,,,,,,,,,
,,,,,,,,,,,,,,,,,,,,,,,,,,,,,,,,,,,,,,,,,,,
,,,,,,,,,,,,,,,,,,,,,,,,,,,,,,,,,,,,,,,,,,,
,,,,,,,,,,,,,,,,,,,,,,,,,,,,,,,,,,,,,,,,,,,
,,,,,,,,,,,,,,,,,,,,,,,,,,,,,,,,,,,,,,,,,,,
,,,,,,,,,,,,,,,,,,,,,,,,,,,,,,,,,,,,,,,,,,,
,,,,,,,,,,,,,,,,,,,,,,,,,,,,,,,,,,,,,,,,,,,
,,,,,,,,,,,,,,,,,,,,,,,,,,,,,,,,,,,,,,,,,,,
,,,,,,,,,,,,,,,,,,,,,,,,,,,,,,,,,,,,,,,,,,,
,,,,,,,,,,,,,,,,,,,,,,,,,,,,,,,,,,,,,,,,,,,
,,,,,,,,,,,,,,,,,,,,,,,,,,,,,,,,,,,,,,,,,,,
,,,,,,,,,,,,,,,,,,,,,,,,,,,,,,,,,,,,,,,,,,,
,,,,,,,,,,,,,,,,,,,,,,,,,,,,,,,,,,,,,,,,,,,
,,,,,,,,,,,,,,,,,,,,,,,,,,,,,,,,,,,,,,,,,,,
,,,,,,,,,,,,,,,,,,,,,,,,,,,,,,,,,,,,,,,,,,,
,,,,,,,,,,,,,,,,,,,,,,,,,,,,,,,,,,,,,,,,,,,
,,,,,,,,,,,,,,,,,,,,,,,,,,,,,,,,,,,,,,,,,,,
,,,,,,,,,,,,,,,,,,,,,,,,,,,,,,,,,,,,,,,,,,,
,,,,,,,,,,,,,,,,,,,,,,,,,,,,,,,,,,,,,,,,,,,
,,,,,,,,,,,,,,,,,,,,,,,,,,,,,,,,,,,,,,,,,,,
,,,,,,,,,,,,,,,,,,,,,,,,,,,,,,,,,,,,,,,,,,,
,,,,,,,,,,,,,,,,,,,,,,,,,,,,,,,,,,,,,,,,,,,
,,,,,,,,,,,,,,,,,,,,,,,,,,,,,,,,,,,,,,,,,,,
,,,,,,,,,,,,,,,,,,,,,,,,,,,,,,,,,,,,,,,,,,,
,,,,,,,,,,,,,,,,,,,,,,,,,,,,,,,,,,,,,,,,,,,
,,,,,,,,,,,,,,,,,,,,,,,,,,,,,,,,,,,,,,,,,,,
,,,,,,,,,,,,,,,,,,,,,,,,,,,,,,,,,,,,,,,,,,,
,,,,,,,,,,,,,,,,,,,,,,,,,,,,,,,,,,,,,,,,,,,
,,,,,,,,,,,,,,,,,,,,,,,,,,,,,,,,,,,,,,,,,,,
,,,,,,,,,,,,,,,,,,,,,,,,,,,,,,,,,,,,,,,,,,,
,,,,,,,,,,,,,,,,,,,,,,,,,,,,,,,,,,,,,,,,,,,
,,,,,,,,,,,,,,,,,,,,,,,,,,,,,,,,,,,,,,,,,,,
,,,,,,,,,,,,,,,,,,,,,,,,,,,,,,,,,,,,,,,,,,,
,,,,,,,,,,,,,,,,,,,,,,,,,,,,,,,,,,,,,,,,,,,
,,,,,,,,,,,,,,,,,,,,,,,,,,,,,,,,,,,,,,,,,,,
,,,,,,,,,,,,,,,,,,,,,,,,,,,,,,,,,,,,,,,,,,,
,,,,,,,,,,,,,,,,,,,,,,,,,,,,,,,,,,,,,,,,,,,
,,,,,,,,,,,,,,,,,,,,,,,,,,,,,,,,,,,,,,,,,,,
,,,,,,,,,,,,,,,,,,,,,,,,,,,,,,,,,,,,,,,,,,,
,,,,,,,,,,,,,,,,,,,,,,,,,,,,,,,,,,,,,,,,,,,
,,,,,,,,,,,,,,,,,,,,,,,,,,,,,,,,,,,,,,,,,,,
,,,,,,,,,,,,,,,,,,,,,,,,,,,,,,,,,,,,,,,,,,,
,,,,,,,,,,,,,,,,,,,,,,,,,,,,,,,,,,,,,,,,,,,
,,,,,,,,,,,,,,,,,,,,,,,,,,,,,,,,,,,,,,,,,,,
,,,,,,,,,,,,,,,,,,,,,,,,,,,,,,,,,,,,,,,,,,,
,,,,,,,,,,,,,,,,,,,,,,,,,,,,,,,,,,,,,,,,,,,
,,,,,,,,,,,,,,,,,,,,,,,,,,,,,,,,,,,,,,,,,,,
,,,,,,,,,,,,,,,,,,,,,,,,,,,,,,,,,,,,,,,,,,,
,,,,,,,,,,,,,,,,,,,,,,,,,,,,,,,,,,,,,,,,,,,
,,,,,,,,,,,,,,,,,,,,,,,,,,,,,,,,,,,,,,,,,,,
,,,,,,,,,,,,,,,,,,,,,,,,,,,,,,,,,,,,,,,,,,,
,,,,,,,,,,,,,,,,,,,,,,,,,,,,,,,,,,,,,,,,,,,
,,,,,,,,,,,,,,,,,,,,,,,,,,,,,,,,,,,,,,,,,,,
,,,,,,,,,,,,,,,,,,,,,,,,,,,,,,,,,,,,,,,,,,,
,,,,,,,,,,,,,,,,,,,,,,,,,,,,,,,,,,,,,,,,,,,
,,,,,,,,,,,,,,,,,,,,,,,,,,,,,,,,,,,,,,,,,,,
,,,,,,,,,,,,,,,,,,,,,,,,,,,,,,,,,,,,,,,,,,,
,,,,,,,,,,,,,,,,,,,,,,,,,,,,,,,,,,,,,,,,,,,
,,,,,,,,,,,,,,,,,,,,,,,,,,,,,,,,,,,,,,,,,,,
,,,,,,,,,,,,,,,,,,,,,,,,,,,,,,,,,,,,,,,,,,,
,,,,,,,,,,,,,,,,,,,,,,,,,,,,,,,,,,,,,,,,,,,
,,,,,,,,,,,,,,,,,,,,,,,,,,,,,,,,,,,,,,,,,,,
,,,,,,,,,,,,,,,,,,,,,,,,,,,,,,,,,,,,,,,,,,,
,,,,,,,,,,,,,,,,,,,,,,,,,,,,,,,,,,,,,,,,,,,
,,,,,,,,,,,,,,,,,,,,,,,,,,,,,,,,,,,,,,,,,,,
,,,,,,,,,,,,,,,,,,,,,,,,,,,,,,,,,,,,,,,,,,,
,,,,,,,,,,,,,,,,,,,,,,,,,,,,,,,,,,,,,,,,,,,
,,,,,,,,,,,,,,,,,,,,,,,,,,,,,,,,,,,,,,,,,,,
,,,,,,,,,,,,,,,,,,,,,,,,,,,,,,,,,,,,,,,,,,,
,,,,,,,,,,,,,,,,,,,,,,,,,,,,,,,,,,,,,,,,,,,
,,,,,,,,,,,,,,,,,,,,,,,,,,,,,,,,,,,,,,,,,,,
,,,,,,,,,,,,,,,,,,,,,,,,,,,,,,,,,,,,,,,,,,,
,,,,,,,,,,,,,,,,,,,,,,,,,,,,,,,,,,,,,,,,,,,
,,,,,,,,,,,,,,,,,,,,,,,,,,,,,,,,,,,,,,,,,,,
,,,,,,,,,,,,,,,,,,,,,,,,,,,,,,,,,,,,,,,,,,,
,,,,,,,,,,,,,,,,,,,,,,,,,,,,,,,,,,,,,,,,,,,
,,,,,,,,,,,,,,,,,,,,,,,,,,,,,,,,,,,,,,,,,,,
,,,,,,,,,,,,,,,,,,,,,,,,,,,,,,,,,,,,,,,,,,,
,,,,,,,,,,,,,,,,,,,,,,,,,,,,,,,,,,,,,,,,,,,
,,,,,,,,,,,,,,,,,,,,,,,,,,,,,,,,,,,,,,,,,,,
,,,,,,,,,,,,,,,,,,,,,,,,,,,,,,,,,,,,,,,,,,,
,,,,,,,,,,,,,,,,,,,,,,,,,,,,,,,,,,,,,,,,,,,
,,,,,,,,,,,,,,,,,,,,,,,,,,,,,,,,,,,,,,,,,,,
,,,,,,,,,,,,,,,,,,,,,,,,,,,,,,,,,,,,,,,,,,,
,,,,,,,,,,,,,,,,,,,,,,,,,,,,,,,,,,,,,,,,,,,
,,,,,,,,,,,,,,,,,,,,,,,,,,,,,,,,,,,,,,,,,,,
,,,,,,,,,,,,,,,,,,,,,,,,,,,,,,,,,,,,,,,,,,,
,,,,,,,,,,,,,,,,,,,,,,,,,,,,,,,,,,,,,,,,,,,
,,,,,,,,,,,,,,,,,,,,,,,,,,,,,,,,,,,,,,,,,,,
,,,,,,,,,,,,,,,,,,,,,,,,,,,,,,,,,,,,,,,,,,,
,,,,,,,,,,,,,,,,,,,,,,,,,,,,,,,,,,,,,,,,,,,
,,,,,,,,,,,,,,,,,,,,,,,,,,,,,,,,,,,,,,,,,,,
,,,,,,,,,,,,,,,,,,,,,,,,,,,,,,,,,,,,,,,,,,,
,,,,,,,,,,,,,,,,,,,,,,,,,,,,,,,,,,,,,,,,,,,
,,,,,,,,,,,,,,,,,,,,,,,,,,,,,,,,,,,,,,,,,,,
,,,,,,,,,,,,,,,,,,,,,,,,,,,,,,,,,,,,,,,,,,,
,,,,,,,,,,,,,,,,,,,,,,,,,,,,,,,,,,,,,,,,,,,
,,,,,,,,,,,,,,,,,,,,,,,,,,,,,,,,,,,,,,,,,,,
,,,,,,,,,,,,,,,,,,,,,,,,,,,,,,,,,,,,,,,,,,,
,,,,,,,,,,,,,,,,,,,,,,,,,,,,,,,,,,,,,,,,,,,
,,,,,,,,,,,,,,,,,,,,,,,,,,,,,,,,,,,,,,,,,,,
,,,,,,,,,,,,,,,,,,,,,,,,,,,,,,,,,,,,,,,,,,,
,,,,,,,,,,,,,,,,,,,,,,,,,,,,,,,,,,,,,,,,,,,
,,,,,,,,,,,,,,,,,,,,,,,,,,,,,,,,,,,,,,,,,,,
,,,,,,,,,,,,,,,,,,,,,,,,,,,,,,,,,,,,,,,,,,,
,,,,,,,,,,,,,,,,,,,,,,,,,,,,,,,,,,,,,,,,,,,
,,,,,,,,,,,,,,,,,,,,,,,,,,,,,,,,,,,,,,,,,,,
,,,,,,,,,,,,,,,,,,,,,,,,,,,,,,,,,,,,,,,,,,,
,,,,,,,,,,,,,,,,,,,,,,,,,,,,,,,,,,,,,,,,,,,
,,,,,,,,,,,,,,,,,,,,,,,,,,,,,,,,,,,,,,,,,,,
,,,,,,,,,,,,,,,,,,,,,,,,,,,,,,,,,,,,,,,,,,,
,,,,,,,,,,,,,,,,,,,,,,,,,,,,,,,,,,,,,,,,,,,
,,,,,,,,,,,,,,,,,,,,,,,,,,,,,,,,,,,,,,,,,,,
,,,,,,,,,,,,,,,,,,,,,,,,,,,,,,,,,,,,,,,,,,,
,,,,,,,,,,,,,,,,,,,,,,,,,,,,,,,,,,,,,,,,,,,
,,,,,,,,,,,,,,,,,,,,,,,,,,,,,,,,,,,,,,,,,,,
,,,,,,,,,,,,,,,,,,,,,,,,,,,,,,,,,,,,,,,,,,,
,,,,,,,,,,,,,,,,,,,,,,,,,,,,,,,,,,,,,,,,,,,
,,,,,,,,,,,,,,,,,,,,,,,,,,,,,,,,,,,,,,,,,,,
,,,,,,,,,,,,,,,,,,,,,,,,,,,,,,,,,,,,,,,,,,,
,,,,,,,,,,,,,,,,,,,,,,,,,,,,,,,,,,,,,,,,,,,
,,,,,,,,,,,,,,,,,,,,,,,,,,,,,,,,,,,,,,,,,,,
,,,,,,,,,,,,,,,,,,,,,,,,,,,,,,,,,,,,,,,,,,,
,,,,,,,,,,,,,,,,,,,,,,,,,,,,,,,,,,,,,,,,,,,
,,,,,,,,,,,,,,,,,,,,,,,,,,,,,,,,,,,,,,,,,,,
,,,,,,,,,,,,,,,,,,,,,,,,,,,,,,,,,,,,,,,,,,,
,,,,,,,,,,,,,,,,,,,,,,,,,,,,,,,,,,,,,,,,,,,
,,,,,,,,,,,,,,,,,,,,,,,,,,,,,,,,,,,,,,,,,,,
,,,,,,,,,,,,,,,,,,,,,,,,,,,,,,,,,,,,,,,,,,,
,,,,,,,,,,,,,,,,,,,,,,,,,,,,,,,,,,,,,,,,,,,
,,,,,,,,,,,,,,,,,,,,,,,,,,,,,,,,,,,,,,,,,,,
,,,,,,,,,,,,,,,,,,,,,,,,,,,,,,,,,,,,,,,,,,,
,,,,,,,,,,,,,,,,,,,,,,,,,,,,,,,,,,,,,,,,,,,
,,,,,,,,,,,,,,,,,,,,,,,,,,,,,,,,,,,,,,,,,,,
,,,,,,,,,,,,,,,,,,,,,,,,,,,,,,,,,,,,,,,,,,,
,,,,,,,,,,,,,,,,,,,,,,,,,,,,,,,,,,,,,,,,,,,
,,,,,,,,,,,,,,,,,,,,,,,,,,,,,,,,,,,,,,,,,,,
,,,,,,,,,,,,,,,,,,,,,,,,,,,,,,,,,,,,,,,,,,,
,,,,,,,,,,,,,,,,,,,,,,,,,,,,,,,,,,,,,,,,,,,
,,,,,,,,,,,,,,,,,,,,,,,,,,,,,,,,,,,,,,,,,,,
,,,,,,,,,,,,,,,,,,,,,,,,,,,,,,,,,,,,,,,,,,,
,,,,,,,,,,,,,,,,,,,,,,,,,,,,,,,,,,,,,,,,,,,
,,,,,,,,,,,,,,,,,,,,,,,,,,,,,,,,,,,,,,,,,,,
,,,,,,,,,,,,,,,,,,,,,,,,,,,,,,,,,,,,,,,,,,,
,,,,,,,,,,,,,,,,,,,,,,,,,,,,,,,,,,,,,,,,,,,
,,,,,,,,,,,,,,,,,,,,,,,,,,,,,,,,,,,,,,,,,,,
,,,,,,,,,,,,,,,,,,,,,,,,,,,,,,,,,,,,,,,,,,,
,,,,,,,,,,,,,,,,,,,,,,,,,,,,,,,,,,,,,,,,,,,
,,,,,,,,,,,,,,,,,,,,,,,,,,,,,,,,,,,,,,,,,,,
,,,,,,,,,,,,,,,,,,,,,,,,,,,,,,,,,,,,,,,,,,,
,,,,,,,,,,,,,,,,,,,,,,,,,,,,,,,,,,,,,,,,,,,
,,,,,,,,,,,,,,,,,,,,,,,,,,,,,,,,,,,,,,,,,,,
,,,,,,,,,,,,,,,,,,,,,,,,,,,,,,,,,,,,,,,,,,,
,,,,,,,,,,,,,,,,,,,,,,,,,,,,,,,,,,,,,,,,,,,
,,,,,,,,,,,,,,,,,,,,,,,,,,,,,,,,,,,,,,,,,,,
,,,,,,,,,,,,,,,,,,,,,,,,,,,,,,,,,,,,,,,,,,,
,,,,,,,,,,,,,,,,,,,,,,,,,,,,,,,,,,,,,,,,,,,
,,,,,,,,,,,,,,,,,,,,,,,,,,,,,,,,,,,,,,,,,,,
,,,,,,,,,,,,,,,,,,,,,,,,,,,,,,,,,,,,,,,,,,,
,,,,,,,,,,,,,,,,,,,,,,,,,,,,,,,,,,,,,,,,,,,
,,,,,,,,,,,,,,,,,,,,,,,,,,,,,,,,,,,,,,,,,,,
,,,,,,,,,,,,,,,,,,,,,,,,,,,,,,,,,,,,,,,,,,,
,,,,,,,,,,,,,,,,,,,,,,,,,,,,,,,,,,,,,,,,,,,
,,,,,,,,,,,,,,,,,,,,,,,,,,,,,,,,,,,,,,,,,,,
,,,,,,,,,,,,,,,,,,,,,,,,,,,,,,,,,,,,,,,,,,,
,,,,,,,,,,,,,,,,,,,,,,,,,,,,,,,,,,,,,,,,,,,
,,,,,,,,,,,,,,,,,,,,,,,,,,,,,,,,,,,,,,,,,,,
,,,,,,,,,,,,,,,,,,,,,,,,,,,,,,,,,,,,,,,,,,,
,,,,,,,,,,,,,,,,,,,,,,,,,,,,,,,,,,,,,,,,,,,
,,,,,,,,,,,,,,,,,,,,,,,,,,,,,,,,,,,,,,,,,,,
,,,,,,,,,,,,,,,,,,,,,,,,,,,,,,,,,,,,,,,,,,,
,,,,,,,,,,,,,,,,,,,,,,,,,,,,,,,,,,,,,,,,,,,
,,,,,,,,,,,,,,,,,,,,,,,,,,,,,,,,,,,,,,,,,,,
,,,,,,,,,,,,,,,,,,,,,,,,,,,,,,,,,,,,,,,,,,,
,,,,,,,,,,,,,,,,,,,,,,,,,,,,,,,,,,,,,,,,,,,
,,,,,,,,,,,,,,,,,,,,,,,,,,,,,,,,,,,,,,,,,,,
,,,,,,,,,,,,,,,,,,,,,,,,,,,,,,,,,,,,,,,,,,,
,,,,,,,,,,,,,,,,,,,,,,,,,,,,,,,,,,,,,,,,,,,
,,,,,,,,,,,,,,,,,,,,,,,,,,,,,,,,,,,,,,,,,,,
,,,,,,,,,,,,,,,,,,,,,,,,,,,,,,,,,,,,,,,,,,,
,,,,,,,,,,,,,,,,,,,,,,,,,,,,,,,,,,,,,,,,,,,
,,,,,,,,,,,,,,,,,,,,,,,,,,,,,,,,,,,,,,,,,,,
,,,,,,,,,,,,,,,,,,,,,,,,,,,,,,,,,,,,,,,,,,,
,,,,,,,,,,,,,,,,,,,,,,,,,,,,,,,,,,,,,,,,,,,
,,,,,,,,,,,,,,,,,,,,,,,,,,,,,,,,,,,,,,,,,,,
,,,,,,,,,,,,,,,,,,,,,,,,,,,,,,,,,,,,,,,,,,,
,,,,,,,,,,,,,,,,,,,,,,,,,,,,,,,,,,,,,,,,,,,
,,,,,,,,,,,,,,,,,,,,,,,,,,,,,,,,,,,,,,,,,,,
,,,,,,,,,,,,,,,,,,,,,,,,,,,,,,,,,,,,,,,,,,,
,,,,,,,,,,,,,,,,,,,,,,,,,,,,,,,,,,,,,,,,,,,
,,,,,,,,,,,,,,,,,,,,,,,,,,,,,,,,,,,,,,,,,,,
,,,,,,,,,,,,,,,,,,,,,,,,,,,,,,,,,,,,,,,,,,,
,,,,,,,,,,,,,,,,,,,,,,,,,,,,,,,,,,,,,,,,,,,
,,,,,,,,,,,,,,,,,,,,,,,,,,,,,,,,,,,,,,,,,,,
,,,,,,,,,,,,,,,,,,,,,,,,,,,,,,,,,,,,,,,,,,,
,,,,,,,,,,,,,,,,,,,,,,,,,,,,,,,,,,,,,,,,,,,
,,,,,,,,,,,,,,,,,,,,,,,,,,,,,,,,,,,,,,,,,,,
,,,,,,,,,,,,,,,,,,,,,,,,,,,,,,,,,,,,,,,,,,,
,,,,,,,,,,,,,,,,,,,,,,,,,,,,,,,,,,,,,,,,,,,
,,,,,,,,,,,,,,,,,,,,,,,,,,,,,,,,,,,,,,,,,,,
,,,,,,,,,,,,,,,,,,,,,,,,,,,,,,,,,,,,,,,,,,,
,,,,,,,,,,,,,,,,,,,,,,,,,,,,,,,,,,,,,,,,,,,
,,,,,,,,,,,,,,,,,,,,,,,,,,,,,,,,,,,,,,,,,,,
,,,,,,,,,,,,,,,,,,,,,,,,,,,,,,,,,,,,,,,,,,,
,,,,,,,,,,,,,,,,,,,,,,,,,,,,,,,,,,,,,,,,,,,
,,,,,,,,,,,,,,,,,,,,,,,,,,,,,,,,,,,,,,,,,,,
,,,,,,,,,,,,,,,,,,,,,,,,,,,,,,,,,,,,,,,,,,,
,,,,,,,,,,,,,,,,,,,,,,,,,,,,,,,,,,,,,,,,,,,
,,,,,,,,,,,,,,,,,,,,,,,,,,,,,,,,,,,,,,,,,,,
,,,,,,,,,,,,,,,,,,,,,,,,,,,,,,,,,,,,,,,,,,,
,,,,,,,,,,,,,,,,,,,,,,,,,,,,,,,,,,,,,,,,,,,
,,,,,,,,,,,,,,,,,,,,,,,,,,,,,,,,,,,,,,,,,,,
,,,,,,,,,,,,,,,,,,,,,,,,,,,,,,,,,,,,,,,,,,,
,,,,,,,,,,,,,,,,,,,,,,,,,,,,,,,,,,,,,,,,,,,
,,,,,,,,,,,,,,,,,,,,,,,,,,,,,,,,,,,,,,,,,,,
,,,,,,,,,,,,,,,,,,,,,,,,,,,,,,,,,,,,,,,,,,,
,,,,,,,,,,,,,,,,,,,,,,,,,,,,,,,,,,,,,,,,,,,
,,,,,,,,,,,,,,,,,,,,,,,,,,,,,,,,,,,,,,,,,,,
,,,,,,,,,,,,,,,,,,,,,,,,,,,,,,,,,,,,,,,,,,,
,,,,,,,,,,,,,,,,,,,,,,,,,,,,,,,,,,,,,,,,,,,
,,,,,,,,,,,,,,,,,,,,,,,,,,,,,,,,,,,,,,,,,,,
,,,,,,,,,,,,,,,,,,,,,,,,,,,,,,,,,,,,,,,,,,,
,,,,,,,,,,,,,,,,,,,,,,,,,,,,,,,,,,,,,,,,,,,
,,,,,,,,,,,,,,,,,,,,,,,,,,,,,,,,,,,,,,,,,,,
,,,,,,,,,,,,,,,,,,,,,,,,,,,,,,,,,,,,,,,,,,,
,,,,,,,,,,,,,,,,,,,,,,,,,,,,,,,,,,,,,,,,,,,
,,,,,,,,,,,,,,,,,,,,,,,,,,,,,,,,,,,,,,,,,,,
,,,,,,,,,,,,,,,,,,,,,,,,,,,,,,,,,,,,,,,,,,,
,,,,,,,,,,,,,,,,,,,,,,,,,,,,,,,,,,,,,,,,,,,
,,,,,,,,,,,,,,,,,,,,,,,,,,,,,,,,,,,,,,,,,,,
,,,,,,,,,,,,,,,,,,,,,,,,,,,,,,,,,,,,,,,,,,,
,,,,,,,,,,,,,,,,,,,,,,,,,,,,,,,,,,,,,,,,,,,
,,,,,,,,,,,,,,,,,,,,,,,,,,,,,,,,,,,,,,,,,,,
,,,,,,,,,,,,,,,,,,,,,,,,,,,,,,,,,,,,,,,,,,,
,,,,,,,,,,,,,,,,,,,,,,,,,,,,,,,,,,,,,,,,,,,
,,,,,,,,,,,,,,,,,,,,,,,,,,,,,,,,,,,,,,,,,,,
,,,,,,,,,,,,,,,,,,,,,,,,,,,,,,,,,,,,,,,,,,,
,,,,,,,,,,,,,,,,,,,,,,,,,,,,,,,,,,,,,,,,,,,
,,,,,,,,,,,,,,,,,,,,,,,,,,,,,,,,,,,,,,,,,,,
,,,,,,,,,,,,,,,,,,,,,,,,,,,,,,,,,,,,,,,,,,,
,,,,,,,,,,,,,,,,,,,,,,,,,,,,,,,,,,,,,,,,,,,
,,,,,,,,,,,,,,,,,,,,,,,,,,,,,,,,,,,,,,,,,,,
,,,,,,,,,,,,,,,,,,,,,,,,,,,,,,,,,,,,,,,,,,,
,,,,,,,,,,,,,,,,,,,,,,,,,,,,,,,,,,,,,,,,,,,
,,,,,,,,,,,,,,,,,,,,,,,,,,,,,,,,,,,,,,,,,,,
,,,,,,,,,,,,,,,,,,,,,,,,,,,,,,,,,,,,,,,,,,,
,,,,,,,,,,,,,,,,,,,,,,,,,,,,,,,,,,,,,,,,,,,
,,,,,,,,,,,,,,,,,,,,,,,,,,,,,,,,,,,,,,,,,,,
,,,,,,,,,,,,,,,,,,,,,,,,,,,,,,,,,,,,,,,,,,,
,,,,,,,,,,,,,,,,,,,,,,,,,,,,,,,,,,,,,,,,,,,
,,,,,,,,,,,,,,,,,,,,,,,,,,,,,,,,,,,,,,,,,,,
,,,,,,,,,,,,,,,,,,,,,,,,,,,,,,,,,,,,,,,,,,,
,,,,,,,,,,,,,,,,,,,,,,,,,,,,,,,,,,,,,,,,,,,
,,,,,,,,,,,,,,,,,,,,,,,,,,,,,,,,,,,,,,,,,,,
,,,,,,,,,,,,,,,,,,,,,,,,,,,,,,,,,,,,,,,,,,,
,,,,,,,,,,,,,,,,,,,,,,,,,,,,,,,,,,,,,,,,,,,
,,,,,,,,,,,,,,,,,,,,,,,,,,,,,,,,,,,,,,,,,,,
,,,,,,,,,,,,,,,,,,,,,,,,,,,,,,,,,,,,,,,,,,,
,,,,,,,,,,,,,,,,,,,,,,,,,,,,,,,,,,,,,,,,,,,
,,,,,,,,,,,,,,,,,,,,,,,,,,,,,,,,,,,,,,,,,,,
,,,,,,,,,,,,,,,,,,,,,,,,,,,,,,,,,,,,,,,,,,,
,,,,,,,,,,,,,,,,,,,,,,,,,,,,,,,,,,,,,,,,,,,
,,,,,,,,,,,,,,,,,,,,,,,,,,,,,,,,,,,,,,,,,,,
,,,,,,,,,,,,,,,,,,,,,,,,,,,,,,,,,,,,,,,,,,,
,,,,,,,,,,,,,,,,,,,,,,,,,,,,,,,,,,,,,,,,,,,
,,,,,,,,,,,,,,,,,,,,,,,,,,,,,,,,,,,,,,,,,,,
,,,,,,,,,,,,,,,,,,,,,,,,,,,,,,,,,,,,,,,,,,,
,,,,,,,,,,,,,,,,,,,,,,,,,,,,,,,,,,,,,,,,,,,
,,,,,,,,,,,,,,,,,,,,,,,,,,,,,,,,,,,,,,,,,,,
,,,,,,,,,,,,,,,,,,,,,,,,,,,,,,,,,,,,,,,,,,,
,,,,,,,,,,,,,,,,,,,,,,,,,,,,,,,,,,,,,,,,,,,
,,,,,,,,,,,,,,,,,,,,,,,,,,,,,,,,,,,,,,,,,,,
,,,,,,,,,,,,,,,,,,,,,,,,,,,,,,,,,,,,,,,,,,,
,,,,,,,,,,,,,,,,,,,,,,,,,,,,,,,,,,,,,,,,,,,
,,,,,,,,,,,,,,,,,,,,,,,,,,,,,,,,,,,,,,,,,,,
,,,,,,,,,,,,,,,,,,,,,,,,,,,,,,,,,,,,,,,,,,,
,,,,,,,,,,,,,,,,,,,,,,,,,,,,,,,,,,,,,,,,,,,
,,,,,,,,,,,,,,,,,,,,,,,,,,,,,,,,,,,,,,,,,,,
,,,,,,,,,,,,,,,,,,,,,,,,,,,,,,,,,,,,,,,,,,,
,,,,,,,,,,,,,,,,,,,,,,,,,,,,,,,,,,,,,,,,,,,
,,,,,,,,,,,,,,,,,,,,,,,,,,,,,,,,,,,,,,,,,,,
,,,,,,,,,,,,,,,,,,,,,,,,,,,,,,,,,,,,,,,,,,,
,,,,,,,,,,,,,,,,,,,,,,,,,,,,,,,,,,,,,,,,,,,
,,,,,,,,,,,,,,,,,,,,,,,,,,,,,,,,,,,,,,,,,,,
,,,,,,,,,,,,,,,,,,,,,,,,,,,,,,,,,,,,,,,,,,,
,,,,,,,,,,,,,,,,,,,,,,,,,,,,,,,,,,,,,,,,,,,
,,,,,,,,,,,,,,,,,,,,,,,,,,,,,,,,,,,,,,,,,,,
,,,,,,,,,,,,,,,,,,,,,,,,,,,,,,,,,,,,,,,,,,,
,,,,,,,,,,,,,,,,,,,,,,,,,,,,,,,,,,,,,,,,,,,
,,,,,,,,,,,,,,,,,,,,,,,,,,,,,,,,,,,,,,,,,,,
,,,,,,,,,,,,,,,,,,,,,,,,,,,,,,,,,,,,,,,,,,,
,,,,,,,,,,,,,,,,,,,,,,,,,,,,,,,,,,,,,,,,,,,
,,,,,,,,,,,,,,,,,,,,,,,,,,,,,,,,,,,,,,,,,,,
,,,,,,,,,,,,,,,,,,,,,,,,,,,,,,,,,,,,,,,,,,,
,,,,,,,,,,,,,,,,,,,,,,,,,,,,,,,,,,,,,,,,,,,
,,,,,,,,,,,,,,,,,,,,,,,,,,,,,,,,,,,,,,,,,,,
,,,,,,,,,,,,,,,,,,,,,,,,,,,,,,,,,,,,,,,,,,,
,,,,,,,,,,,,,,,,,,,,,,,,,,,,,,,,,,,,,,,,,,,
,,,,,,,,,,,,,,,,,,,,,,,,,,,,,,,,,,,,,,,,,,,
,,,,,,,,,,,,,,,,,,,,,,,,,,,,,,,,,,,,,,,,,,,
,,,,,,,,,,,,,,,,,,,,,,,,,,,,,,,,,,,,,,,,,,,
,,,,,,,,,,,,,,,,,,,,,,,,,,,,,,,,,,,,,,,,,,,
,,,,,,,,,,,,,,,,,,,,,,,,,,,,,,,,,,,,,,,,,,,
,,,,,,,,,,,,,,,,,,,,,,,,,,,,,,,,,,,,,,,,,,,
,,,,,,,,,,,,,,,,,,,,,,,,,,,,,,,,,,,,,,,,,,,
,,,,,,,,,,,,,,,,,,,,,,,,,,,,,,,,,,,,,,,,,,,
,,,,,,,,,,,,,,,,,,,,,,,,,,,,,,,,,,,,,,,,,,,
,,,,,,,,,,,,,,,,,,,,,,,,,,,,,,,,,,,,,,,,,,,
,,,,,,,,,,,,,,,,,,,,,,,,,,,,,,,,,,,,,,,,,,,
,,,,,,,,,,,,,,,,,,,,,,,,,,,,,,,,,,,,,,,,,,,
,,,,,,,,,,,,,,,,,,,,,,,,,,,,,,,,,,,,,,,,,,,
,,,,,,,,,,,,,,,,,,,,,,,,,,,,,,,,,,,,,,,,,,,
,,,,,,,,,,,,,,,,,,,,,,,,,,,,,,,,,,,,,,,,,,,
,,,,,,,,,,,,,,,,,,,,,,,,,,,,,,,,,,,,,,,,,,,
,,,,,,,,,,,,,,,,,,,,,,,,,,,,,,,,,,,,,,,,,,,
,,,,,,,,,,,,,,,,,,,,,,,,,,,,,,,,,,,,,,,,,,,
,,,,,,,,,,,,,,,,,,,,,,,,,,,,,,,,,,,,,,,,,,,
,,,,,,,,,,,,,,,,,,,,,,,,,,,,,,,,,,,,,,,,,,,
,,,,,,,,,,,,,,,,,,,,,,,,,,,,,,,,,,,,,,,,,,,
,,,,,,,,,,,,,,,,,,,,,,,,,,,,,,,,,,,,,,,,,,,
,,,,,,,,,,,,,,,,,,,,,,,,,,,,,,,,,,,,,,,,,,,
,,,,,,,,,,,,,,,,,,,,,,,,,,,,,,,,,,,,,,,,,,,
,,,,,,,,,,,,,,,,,,,,,,,,,,,,,,,,,,,,,,,,,,,
,,,,,,,,,,,,,,,,,,,,,,,,,,,,,,,,,,,,,,,,,,,
,,,,,,,,,,,,,,,,,,,,,,,,,,,,,,,,,,,,,,,,,,,
,,,,,,,,,,,,,,,,,,,,,,,,,,,,,,,,,,,,,,,,,,,
,,,,,,,,,,,,,,,,,,,,,,,,,,,,,,,,,,,,,,,,,,,
,,,,,,,,,,,,,,,,,,,,,,,,,,,,,,,,,,,,,,,,,,,
,,,,,,,,,,,,,,,,,,,,,,,,,,,,,,,,,,,,,,,,,,,
,,,,,,,,,,,,,,,,,,,,,,,,,,,,,,,,,,,,,,,,,,,
,,,,,,,,,,,,,,,,,,,,,,,,,,,,,,,,,,,,,,,,,,,
,,,,,,,,,,,,,,,,,,,,,,,,,,,,,,,,,,,,,,,,,,,
,,,,,,,,,,,,,,,,,,,,,,,,,,,,,,,,,,,,,,,,,,,
,,,,,,,,,,,,,,,,,,,,,,,,,,,,,,,,,,,,,,,,,,,
,,,,,,,,,,,,,,,,,,,,,,,,,,,,,,,,,,,,,,,,,,,
,,,,,,,,,,,,,,,,,,,,,,,,,,,,,,,,,,,,,,,,,,,
,,,,,,,,,,,,,,,,,,,,,,,,,,,,,,,,,,,,,,,,,,,
,,,,,,,,,,,,,,,,,,,,,,,,,,,,,,,,,,,,,,,,,,,
,,,,,,,,,,,,,,,,,,,,,,,,,,,,,,,,,,,,,,,,,,,
,,,,,,,,,,,,,,,,,,,,,,,,,,,,,,,,,,,,,,,,,,,
,,,,,,,,,,,,,,,,,,,,,,,,,,,,,,,,,,,,,,,,,,,
,,,,,,,,,,,,,,,,,,,,,,,,,,,,,,,,,,,,,,,,,,,
,,,,,,,,,,,,,,,,,,,,,,,,,,,,,,,,,,,,,,,,,,,
,,,,,,,,,,,,,,,,,,,,,,,,,,,,,,,,,,,,,,,,,,,
,,,,,,,,,,,,,,,,,,,,,,,,,,,,,,,,,,,,,,,,,,,
,,,,,,,,,,,,,,,,,,,,,,,,,,,,,,,,,,,,,,,,,,,
,,,,,,,,,,,,,,,,,,,,,,,,,,,,,,,,,,,,,,,,,,,
,,,,,,,,,,,,,,,,,,,,,,,,,,,,,,,,,,,,,,,,,,,
,,,,,,,,,,,,,,,,,,,,,,,,,,,,,,,,,,,,,,,,,,,
,,,,,,,,,,,,,,,,,,,,,,,,,,,,,,,,,,,,,,,,,,,
,,,,,,,,,,,,,,,,,,,,,,,,,,,,,,,,,,,,,,,,,,,
,,,,,,,,,,,,,,,,,,,,,,,,,,,,,,,,,,,,,,,,,,,
,,,,,,,,,,,,,,,,,,,,,,,,,,,,,,,,,,,,,,,,,,,
,,,,,,,,,,,,,,,,,,,,,,,,,,,,,,,,,,,,,,,,,,,
,,,,,,,,,,,,,,,,,,,,,,,,,,,,,,,,,,,,,,,,,,,
,,,,,,,,,,,,,,,,,,,,,,,,,,,,,,,,,,,,,,,,,,,
,,,,,,,,,,,,,,,,,,,,,,,,,,,,,,,,,,,,,,,,,,,
,,,,,,,,,,,,,,,,,,,,,,,,,,,,,,,,,,,,,,,,,,,
,,,,,,,,,,,,,,,,,,,,,,,,,,,,,,,,,,,,,,,,,,,
,,,,,,,,,,,,,,,,,,,,,,,,,,,,,,,,,,,,,,,,,,,
,,,,,,,,,,,,,,,,,,,,,,,,,,,,,,,,,,,,,,,,,,,
,,,,,,,,,,,,,,,,,,,,,,,,,,,,,,,,,,,,,,,,,,,
,,,,,,,,,,,,,,,,,,,,,,,,,,,,,,,,,,,,,,,,,,,
,,,,,,,,,,,,,,,,,,,,,,,,,,,,,,,,,,,,,,,,,,,
,,,,,,,,,,,,,,,,,,,,,,,,,,,,,,,,,,,,,,,,,,,
,,,,,,,,,,,,,,,,,,,,,,,,,,,,,,,,,,,,,,,,,,,
,,,,,,,,,,,,,,,,,,,,,,,,,,,,,,,,,,,,,,,,,,,
,,,,,,,,,,,,,,,,,,,,,,,,,,,,,,,,,,,,,,,,,,,
,,,,,,,,,,,,,,,,,,,,,,,,,,,,,,,,,,,,,,,,,,,
,,,,,,,,,,,,,,,,,,,,,,,,,,,,,,,,,,,,,,,,,,,
,,,,,,,,,,,,,,,,,,,,,,,,,,,,,,,,,,,,,,,,,,,
,,,,,,,,,,,,,,,,,,,,,,,,,,,,,,,,,,,,,,,,,,,
,,,,,,,,,,,,,,,,,,,,,,,,,,,,,,,,,,,,,,,,,,,
,,,,,,,,,,,,,,,,,,,,,,,,,,,,,,,,,,,,,,,,,,,
,,,,,,,,,,,,,,,,,,,,,,,,,,,,,,,,,,,,,,,,,,,
,,,,,,,,,,,,,,,,,,,,,,,,,,,,,,,,,,,,,,,,,,,
,,,,,,,,,,,,,,,,,,,,,,,,,,,,,,,,,,,,,,,,,,,
,,,,,,,,,,,,,,,,,,,,,,,,,,,,,,,,,,,,,,,,,,,
,,,,,,,,,,,,,,,,,,,,,,,,,,,,,,,,,,,,,,,,,,,
,,,,,,,,,,,,,,,,,,,,,,,,,,,,,,,,,,,,,,,,,,,
,,,,,,,,,,,,,,,,,,,,,,,,,,,,,,,,,,,,,,,,,,,
,,,,,,,,,,,,,,,,,,,,,,,,,,,,,,,,,,,,,,,,,,,
,,,,,,,,,,,,,,,,,,,,,,,,,,,,,,,,,,,,,,,,,,,
,,,,,,,,,,,,,,,,,,,,,,,,,,,,,,,,,,,,,,,,,,,
,,,,,,,,,,,,,,,,,,,,,,,,,,,,,,,,,,,,,,,,,,,
,,,,,,,,,,,,,,,,,,,,,,,,,,,,,,,,,,,,,,,,,,,
,,,,,,,,,,,,,,,,,,,,,,,,,,,,,,,,,,,,,,,,,,,
,,,,,,,,,,,,,,,,,,,,,,,,,,,,,,,,,,,,,,,,,,,
,,,,,,,,,,,,,,,,,,,,,,,,,,,,,,,,,,,,,,,,,,,
,,,,,,,,,,,,,,,,,,,,,,,,,,,,,,,,,,,,,,,,,,,
,,,,,,,,,,,,,,,,,,,,,,,,,,,,,,,,,,,,,,,,,,,
,,,,,,,,,,,,,,,,,,,,,,,,,,,,,,,,,,,,,,,,,,,
,,,,,,,,,,,,,,,,,,,,,,,,,,,,,,,,,,,,,,,,,,,
,,,,,,,,,,,,,,,,,,,,,,,,,,,,,,,,,,,,,,,,,,,
,,,,,,,,,,,,,,,,,,,,,,,,,,,,,,,,,,,,,,,,,,,
,,,,,,,,,,,,,,,,,,,,,,,,,,,,,,,,,,,,,,,,,,,
,,,,,,,,,,,,,,,,,,,,,,,,,,,,,,,,,,,,,,,,,,,
,,,,,,,,,,,,,,,,,,,,,,,,,,,,,,,,,,,,,,,,,,,
,,,,,,,,,,,,,,,,,,,,,,,,,,,,,,,,,,,,,,,,,,,
,,,,,,,,,,,,,,,,,,,,,,,,,,,,,,,,,,,,,,,,,,,
,,,,,,,,,,,,,,,,,,,,,,,,,,,,,,,,,,,,,,,,,,,
,,,,,,,,,,,,,,,,,,,,,,,,,,,,,,,,,,,,,,,,,,,
,,,,,,,,,,,,,,,,,,,,,,,,,,,,,,,,,,,,,,,,,,,
,,,,,,,,,,,,,,,,,,,,,,,,,,,,,,,,,,,,,,,,,,,
,,,,,,,,,,,,,,,,,,,,,,,,,,,,,,,,,,,,,,,,,,,
,,,,,,,,,,,,,,,,,,,,,,,,,,,,,,,,,,,,,,,,,,,
,,,,,,,,,,,,,,,,,,,,,,,,,,,,,,,,,,,,,,,,,,,
,,,,,,,,,,,,,,,,,,,,,,,,,,,,,,,,,,,,,,,,,,,
,,,,,,,,,,,,,,,,,,,,,,,,,,,,,,,,,,,,,,,,,,,
,,,,,,,,,,,,,,,,,,,,,,,,,,,,,,,,,,,,,,,,,,,
,,,,,,,,,,,,,,,,,,,,,,,,,,,,,,,,,,,,,,,,,,,
,,,,,,,,,,,,,,,,,,,,,,,,,,,,,,,,,,,,,,,,,,,
,,,,,,,,,,,,,,,,,,,,,,,,,,,,,,,,,,,,,,,,,,,
,,,,,,,,,,,,,,,,,,,,,,,,,,,,,,,,,,,,,,,,,,,
,,,,,,,,,,,,,,,,,,,,,,,,,,,,,,,,,,,,,,,,,,,
,,,,,,,,,,,,,,,,,,,,,,,,,,,,,,,,,,,,,,,,,,,
,,,,,,,,,,,,,,,,,,,,,,,,,,,,,,,,,,,,,,,,,,,
,,,,,,,,,,,,,,,,,,,,,,,,,,,,,,,,,,,,,,,,,,,
,,,,,,,,,,,,,,,,,,,,,,,,,,,,,,,,,,,,,,,,,,,
,,,,,,,,,,,,,,,,,,,,,,,,,,,,,,,,,,,,,,,,,,,
,,,,,,,,,,,,,,,,,,,,,,,,,,,,,,,,,,,,,,,,,,,
,,,,,,,,,,,,,,,,,,,,,,,,,,,,,,,,,,,,,,,,,,,
,,,,,,,,,,,,,,,,,,,,,,,,,,,,,,,,,,,,,,,,,,,
,,,,,,,,,,,,,,,,,,,,,,,,,,,,,,,,,,,,,,,,,,,
,,,,,,,,,,,,,,,,,,,,,,,,,,,,,,,,,,,,,,,,,,,
,,,,,,,,,,,,,,,,,,,,,,,,,,,,,,,,,,,,,,,,,,,
,,,,,,,,,,,,,,,,,,,,,,,,,,,,,,,,,,,,,,,,,,,
,,,,,,,,,,,,,,,,,,,,,,,,,,,,,,,,,,,,,,,,,,,
,,,,,,,,,,,,,,,,,,,,,,,,,,,,,,,,,,,,,,,,,,,
,,,,,,,,,,,,,,,,,,,,,,,,,,,,,,,,,,,,,,,,,,,
,,,,,,,,,,,,,,,,,,,,,,,,,,,,,,,,,,,,,,,,,,,
,,,,,,,,,,,,,,,,,,,,,,,,,,,,,,,,,,,,,,,,,,,
,,,,,,,,,,,,,,,,,,,,,,,,,,,,,,,,,,,,,,,,,,,
,,,,,,,,,,,,,,,,,,,,,,,,,,,,,,,,,,,,,,,,,,,
,,,,,,,,,,,,,,,,,,,,,,,,,,,,,,,,,,,,,,,,,,,
,,,,,,,,,,,,,,,,,,,,,,,,,,,,,,,,,,,,,,,,,,,
,,,,,,,,,,,,,,,,,,,,,,,,,,,,,,,,,,,,,,,,,,,
,,,,,,,,,,,,,,,,,,,,,,,,,,,,,,,,,,,,,,,,,,,
,,,,,,,,,,,,,,,,,,,,,,,,,,,,,,,,,,,,,,,,,,,
,,,,,,,,,,,,,,,,,,,,,,,,,,,,,,,,,,,,,,,,,,,
,,,,,,,,,,,,,,,,,,,,,,,,,,,,,,,,,,,,,,,,,,,
,,,,,,,,,,,,,,,,,,,,,,,,,,,,,,,,,,,,,,,,,,,
,,,,,,,,,,,,,,,,,,,,,,,,,,,,,,,,,,,,,,,,,,,
,,,,,,,,,,,,,,,,,,,,,,,,,,,,,,,,,,,,,,,,,,,
,,,,,,,,,,,,,,,,,,,,,,,,,,,,,,,,,,,,,,,,,,,
,,,,,,,,,,,,,,,,,,,,,,,,,,,,,,,,,,,,,,,,,,,
,,,,,,,,,,,,,,,,,,,,,,,,,,,,,,,,,,,,,,,,,,,
,,,,,,,,,,,,,,,,,,,,,,,,,,,,,,,,,,,,,,,,,,,
,,,,,,,,,,,,,,,,,,,,,,,,,,,,,,,,,,,,,,,,,,,
,,,,,,,,,,,,,,,,,,,,,,,,,,,,,,,,,,,,,,,,,,,
,,,,,,,,,,,,,,,,,,,,,,,,,,,,,,,,,,,,,,,,,,,
,,,,,,,,,,,,,,,,,,,,,,,,,,,,,,,,,,,,,,,,,,,
,,,,,,,,,,,,,,,,,,,,,,,,,,,,,,,,,,,,,,,,,,,
,,,,,,,,,,,,,,,,,,,,,,,,,,,,,,,,,,,,,,,,,,,
,,,,,,,,,,,,,,,,,,,,,,,,,,,,,,,,,,,,,,,,,,,
,,,,,,,,,,,,,,,,,,,,,,,,,,,,,,,,,,,,,,,,,,,
,,,,,,,,,,,,,,,,,,,,,,,,,,,,,,,,,,,,,,,,,,,
,,,,,,,,,,,,,,,,,,,,,,,,,,,,,,,,,,,,,,,,,,,
,,,,,,,,,,,,,,,,,,,,,,,,,,,,,,,,,,,,,,,,,,,
,,,,,,,,,,,,,,,,,,,,,,,,,,,,,,,,,,,,,,,,,,,
,,,,,,,,,,,,,,,,,,,,,,,,,,,,,,,,,,,,,,,,,,,
,,,,,,,,,,,,,,,,,,,,,,,,,,,,,,,,,,,,,,,,,,,
,,,,,,,,,,,,,,,,,,,,,,,,,,,,,,,,,,,,,,,,,,,
,,,,,,,,,,,,,,,,,,,,,,,,,,,,,,,,,,,,,,,,,,,
,,,,,,,,,,,,,,,,,,,,,,,,,,,,,,,,,,,,,,,,,,,
,,,,,,,,,,,,,,,,,,,,,,,,,,,,,,,,,,,,,,,,,,,
,,,,,,,,,,,,,,,,,,,,,,,,,,,,,,,,,,,,,,,,,,,
,,,,,,,,,,,,,,,,,,,,,,,,,,,,,,,,,,,,,,,,,,,
,,,,,,,,,,,,,,,,,,,,,,,,,,,,,,,,,,,,,,,,,,,
,,,,,,,,,,,,,,,,,,,,,,,,,,,,,,,,,,,,,,,,,,,
,,,,,,,,,,,,,,,,,,,,,,,,,,,,,,,,,,,,,,,,,,,
,,,,,,,,,,,,,,,,,,,,,,,,,,,,,,,,,,,,,,,,,,,
,,,,,,,,,,,,,,,,,,,,,,,,,,,,,,,,,,,,,,,,,,,
,,,,,,,,,,,,,,,,,,,,,,,,,,,,,,,,,,,,,,,,,,,
,,,,,,,,,,,,,,,,,,,,,,,,,,,,,,,,,,,,,,,,,,,
,,,,,,,,,,,,,,,,,,,,,,,,,,,,,,,,,,,,,,,,,,,
,,,,,,,,,,,,,,,,,,,,,,,,,,,,,,,,,,,,,,,,,,,
,,,,,,,,,,,,,,,,,,,,,,,,,,,,,,,,,,,,,,,,,,,
,,,,,,,,,,,,,,,,,,,,,,,,,,,,,,,,,,,,,,,,,,,
,,,,,,,,,,,,,,,,,,,,,,,,,,,,,,,,,,,,,,,,,,,
,,,,,,,,,,,,,,,,,,,,,,,,,,,,,,,,,,,,,,,,,,,
,,,,,,,,,,,,,,,,,,,,,,,,,,,,,,,,,,,,,,,,,,,
,,,,,,,,,,,,,,,,,,,,,,,,,,,,,,,,,,,,,,,,,,,
,,,,,,,,,,,,,,,,,,,,,,,,,,,,,,,,,,,,,,,,,,,
,,,,,,,,,,,,,,,,,,,,,,,,,,,,,,,,,,,,,,,,,,,
,,,,,,,,,,,,,,,,,,,,,,,,,,,,,,,,,,,,,,,,,,,
,,,,,,,,,,,,,,,,,,,,,,,,,,,,,,,,,,,,,,,,,,,
,,,,,,,,,,,,,,,,,,,,,,,,,,,,,,,,,,,,,,,,,,,
,,,,,,,,,,,,,,,,,,,,,,,,,,,,,,,,,,,,,,,,,,,
,,,,,,,,,,,,,,,,,,,,,,,,,,,,,,,,,,,,,,,,,,,
,,,,,,,,,,,,,,,,,,,,,,,,,,,,,,,,,,,,,,,,,,,
,,,,,,,,,,,,,,,,,,,,,,,,,,,,,,,,,,,,,,,,,,,
,,,,,,,,,,,,,,,,,,,,,,,,,,,,,,,,,,,,,,,,,,,
,,,,,,,,,,,,,,,,,,,,,,,,,,,,,,,,,,,,,,,,,,,
,,,,,,,,,,,,,,,,,,,,,,,,,,,,,,,,,,,,,,,,,,,
,,,,,,,,,,,,,,,,,,,,,,,,,,,,,,,,,,,,,,,,,,,
,,,,,,,,,,,,,,,,,,,,,,,,,,,,,,,,,,,,,,,,,,,
,,,,,,,,,,,,,,,,,,,,,,,,,,,,,,,,,,,,,,,,,,,
,,,,,,,,,,,,,,,,,,,,,,,,,,,,,,,,,,,,,,,,,,,
,,,,,,,,,,,,,,,,,,,,,,,,,,,,,,,,,,,,,,,,,,,
,,,,,,,,,,,,,,,,,,,,,,,,,,,,,,,,,,,,,,,,,,,
,,,,,,,,,,,,,,,,,,,,,,,,,,,,,,,,,,,,,,,,,,,
,,,,,,,,,,,,,,,,,,,,,,,,,,,,,,,,,,,,,,,,,,,
,,,,,,,,,,,,,,,,,,,,,,,,,,,,,,,,,,,,,,,,,,,
,,,,,,,,,,,,,,,,,,,,,,,,,,,,,,,,,,,,,,,,,,,
,,,,,,,,,,,,,,,,,,,,,,,,,,,,,,,,,,,,,,,,,,,
,,,,,,,,,,,,,,,,,,,,,,,,,,,,,,,,,,,,,,,,,,,
,,,,,,,,,,,,,,,,,,,,,,,,,,,,,,,,,,,,,,,,,,,
,,,,,,,,,,,,,,,,,,,,,,,,,,,,,,,,,,,,,,,,,,,
,,,,,,,,,,,,,,,,,,,,,,,,,,,,,,,,,,,,,,,,,,,
,,,,,,,,,,,,,,,,,,,,,,,,,,,,,,,,,,,,,,,,,,,
,,,,,,,,,,,,,,,,,,,,,,,,,,,,,,,,,,,,,,,,,,,
,,,,,,,,,,,,,,,,,,,,,,,,,,,,,,,,,,,,,,,,,,,
,,,,,,,,,,,,,,,,,,,,,,,,,,,,,,,,,,,,,,,,,,,
,,,,,,,,,,,,,,,,,,,,,,,,,,,,,,,,,,,,,,,,,,,
,,,,,,,,,,,,,,,,,,,,,,,,,,,,,,,,,,,,,,,,,,,
,,,,,,,,,,,,,,,,,,,,,,,,,,,,,,,,,,,,,,,,,,,
,,,,,,,,,,,,,,,,,,,,,,,,,,,,,,,,,,,,,,,,,,,
,,,,,,,,,,,,,,,,,,,,,,,,,,,,,,,,,,,,,,,,,,,
,,,,,,,,,,,,,,,,,,,,,,,,,,,,,,,,,,,,,,,,,,,
,,,,,,,,,,,,,,,,,,,,,,,,,,,,,,,,,,,,,,,,,,,
,,,,,,,,,,,,,,,,,,,,,,,,,,,,,,,,,,,,,,,,,,,
,,,,,,,,,,,,,,,,,,,,,,,,,,,,,,,,,,,,,,,,,,,
,,,,,,,,,,,,,,,,,,,,,,,,,,,,,,,,,,,,,,,,,,,
,,,,,,,,,,,,,,,,,,,,,,,,,,,,,,,,,,,,,,,,,,,
,,,,,,,,,,,,,,,,,,,,,,,,,,,,,,,,,,,,,,,,,,,
,,,,,,,,,,,,,,,,,,,,,,,,,,,,,,,,,,,,,,,,,,,
,,,,,,,,,,,,,,,,,,,,,,,,,,,,,,,,,,,,,,,,,,,
,,,,,,,,,,,,,,,,,,,,,,,,,,,,,,,,,,,,,,,,,,,
,,,,,,,,,,,,,,,,,,,,,,,,,,,,,,,,,,,,,,,,,,,
,,,,,,,,,,,,,,,,,,,,,,,,,,,,,,,,,,,,,,,,,,,
,,,,,,,,,,,,,,,,,,,,,,,,,,,,,,,,,,,,,,,,,,,
,,,,,,,,,,,,,,,,,,,,,,,,,,,,,,,,,,,,,,,,,,,
,,,,,,,,,,,,,,,,,,,,,,,,,,,,,,,,,,,,,,,,,,,
,,,,,,,,,,,,,,,,,,,,,,,,,,,,,,,,,,,,,,,,,,,
,,,,,,,,,,,,,,,,,,,,,,,,,,,,,,,,,,,,,,,,,,,
,,,,,,,,,,,,,,,,,,,,,,,,,,,,,,,,,,,,,,,,,,,
,,,,,,,,,,,,,,,,,,,,,,,,,,,,,,,,,,,,,,,,,,,
,,,,,,,,,,,,,,,,,,,,,,,,,,,,,,,,,,,,,,,,,,,
,,,,,,,,,,,,,,,,,,,,,,,,,,,,,,,,,,,,,,,,,,,
,,,,,,,,,,,,,,,,,,,,,,,,,,,,,,,,,,,,,,,,,,,
,,,,,,,,,,,,,,,,,,,,,,,,,,,,,,,,,,,,,,,,,,,
,,,,,,,,,,,,,,,,,,,,,,,,,,,,,,,,,,,,,,,,,,,
,,,,,,,,,,,,,,,,,,,,,,,,,,,,,,,,,,,,,,,,,,,
,,,,,,,,,,,,,,,,,,,,,,,,,,,,,,,,,,,,,,,,,,,
,,,,,,,,,,,,,,,,,,,,,,,,,,,,,,,,,,,,,,,,,,,
,,,,,,,,,,,,,,,,,,,,,,,,,,,,,,,,,,,,,,,,,,,
,,,,,,,,,,,,,,,,,,,,,,,,,,,,,,,,,,,,,,,,,,,
,,,,,,,,,,,,,,,,,,,,,,,,,,,,,,,,,,,,,,,,,,,
,,,,,,,,,,,,,,,,,,,,,,,,,,,,,,,,,,,,,,,,,,,
,,,,,,,,,,,,,,,,,,,,,,,,,,,,,,,,,,,,,,,,,,,
,,,,,,,,,,,,,,,,,,,,,,,,,,,,,,,,,,,,,,,,,,,
,,,,,,,,,,,,,,,,,,,,,,,,,,,,,,,,,,,,,,,,,,,
,,,,,,,,,,,,,,,,,,,,,,,,,,,,,,,,,,,,,,,,,,,
,,,,,,,,,,,,,,,,,,,,,,,,,,,,,,,,,,,,,,,,,,,
,,,,,,,,,,,,,,,,,,,,,,,,,,,,,,,,,,,,,,,,,,,
,,,,,,,,,,,,,,,,,,,,,,,,,,,,,,,,,,,,,,,,,,,
,,,,,,,,,,,,,,,,,,,,,,,,,,,,,,,,,,,,,,,,,,,
,,,,,,,,,,,,,,,,,,,,,,,,,,,,,,,,,,,,,,,,,,,
,,,,,,,,,,,,,,,,,,,,,,,,,,,,,,,,,,,,,,,,,,,
,,,,,,,,,,,,,,,,,,,,,,,,,,,,,,,,,,,,,,,,,,,
,,,,,,,,,,,,,,,,,,,,,,,,,,,,,,,,,,,,,,,,,,,
,,,,,,,,,,,,,,,,,,,,,,,,,,,,,,,,,,,,,,,,,,,
,,,,,,,,,,,,,,,,,,,,,,,,,,,,,,,,,,,,,,,,,,,
,,,,,,,,,,,,,,,,,,,,,,,,,,,,,,,,,,,,,,,,,,,
,,,,,,,,,,,,,,,,,,,,,,,,,,,,,,,,,,,,,,,,,,,
,,,,,,,,,,,,,,,,,,,,,,,,,,,,,,,,,,,,,,,,,,,
,,,,,,,,,,,,,,,,,,,,,,,,,,,,,,,,,,,,,,,,,,,
,,,,,,,,,,,,,,,,,,,,,,,,,,,,,,,,,,,,,,,,,,,
,,,,,,,,,,,,,,,,,,,,,,,,,,,,,,,,,,,,,,,,,,,
,,,,,,,,,,,,,,,,,,,,,,,,,,,,,,,,,,,,,,,,,,,
,,,,,,,,,,,,,,,,,,,,,,,,,,,,,,,,,,,,,,,,,,,
,,,,,,,,,,,,,,,,,,,,,,,,,,,,,,,,,,,,,,,,,,,
,,,,,,,,,,,,,,,,,,,,,,,,,,,,,,,,,,,,,,,,,,,
,,,,,,,,,,,,,,,,,,,,,,,,,,,,,,,,,,,,,,,,,,,
,,,,,,,,,,,,,,,,,,,,,,,,,,,,,,,,,,,,,,,,,,,
,,,,,,,,,,,,,,,,,,,,,,,,,,,,,,,,,,,,,,,,,,,
,,,,,,,,,,,,,,,,,,,,,,,,,,,,,,,,,,,,,,,,,,,
,,,,,,,,,,,,,,,,,,,,,,,,,,,,,,,,,,,,,,,,,,,
,,,,,,,,,,,,,,,,,,,,,,,,,,,,,,,,,,,,,,,,,,,
,,,,,,,,,,,,,,,,,,,,,,,,,,,,,,,,,,,,,,,,,,,
,,,,,,,,,,,,,,,,,,,,,,,,,,,,,,,,,,,,,,,,,,,
,,,,,,,,,,,,,,,,,,,,,,,,,,,,,,,,,,,,,,,,,,,
,,,,,,,,,,,,,,,,,,,,,,,,,,,,,,,,,,,,,,,,,,,
,,,,,,,,,,,,,,,,,,,,,,,,,,,,,,,,,,,,,,,,,,,
,,,,,,,,,,,,,,,,,,,,,,,,,,,,,,,,,,,,,,,,,,,
,,,,,,,,,,,,,,,,,,,,,,,,,,,,,,,,,,,,,,,,,,,
,,,,,,,,,,,,,,,,,,,,,,,,,,,,,,,,,,,,,,,,,,,
,,,,,,,,,,,,,,,,,,,,,,,,,,,,,,,,,,,,,,,,,,,
,,,,,,,,,,,,,,,,,,,,,,,,,,,,,,,,,,,,,,,,,,,
,,,,,,,,,,,,,,,,,,,,,,,,,,,,,,,,,,,,,,,,,,,
,,,,,,,,,,,,,,,,,,,,,,,,,,,,,,,,,,,,,,,,,,,
,,,,,,,,,,,,,,,,,,,,,,,,,,,,,,,,,,,,,,,,,,,
,,,,,,,,,,,,,,,,,,,,,,,,,,,,,,,,,,,,,,,,,,,
,,,,,,,,,,,,,,,,,,,,,,,,,,,,,,,,,,,,,,,,,,,
,,,,,,,,,,,,,,,,,,,,,,,,,,,,,,,,,,,,,,,,,,,
,,,,,,,,,,,,,,,,,,,,,,,,,,,,,,,,,,,,,,,,,,,
,,,,,,,,,,,,,,,,,,,,,,,,,,,,,,,,,,,,,,,,,,,
,,,,,,,,,,,,,,,,,,,,,,,,,,,,,,,,,,,,,,,,,,,
,,,,,,,,,,,,,,,,,,,,,,,,,,,,,,,,,,,,,,,,,,,
,,,,,,,,,,,,,,,,,,,,,,,,,,,,,,,,,,,,,,,,,,,
,,,,,,,,,,,,,,,,,,,,,,,,,,,,,,,,,,,,,,,,,,,
,,,,,,,,,,,,,,,,,,,,,,,,,,,,,,,,,,,,,,,,,,,
,,,,,,,,,,,,,,,,,,,,,,,,,,,,,,,,,,,,,,,,,,,
,,,,,,,,,,,,,,,,,,,,,,,,,,,,,,,,,,,,,,,,,,,
,,,,,,,,,,,,,,,,,,,,,,,,,,,,,,,,,,,,,,,,,,,
,,,,,,,,,,,,,,,,,,,,,,,,,,,,,,,,,,,,,,,,,,,
,,,,,,,,,,,,,,,,,,,,,,,,,,,,,,,,,,,,,,,,,,,
,,,,,,,,,,,,,,,,,,,,,,,,,,,,,,,,,,,,,,,,,,,
,,,,,,,,,,,,,,,,,,,,,,,,,,,,,,,,,,,,,,,,,,,
,,,,,,,,,,,,,,,,,,,,,,,,,,,,,,,,,,,,,,,,,,,
,,,,,,,,,,,,,,,,,,,,,,,,,,,,,,,,,,,,,,,,,,,
,,,,,,,,,,,,,,,,,,,,,,,,,,,,,,,,,,,,,,,,,,,
,,,,,,,,,,,,,,,,,,,,,,,,,,,,,,,,,,,,,,,,,,,
,,,,,,,,,,,,,,,,,,,,,,,,,,,,,,,,,,,,,,,,,,,
,,,,,,,,,,,,,,,,,,,,,,,,,,,,,,,,,,,,,,,,,,,
,,,,,,,,,,,,,,,,,,,,,,,,,,,,,,,,,,,,,,,,,,,
,,,,,,,,,,,,,,,,,,,,,,,,,,,,,,,,,,,,,,,,,,,
,,,,,,,,,,,,,,,,,,,,,,,,,,,,,,,,,,,,,,,,,,,
,,,,,,,,,,,,,,,,,,,,,,,,,,,,,,,,,,,,,,,,,,,
,,,,,,,,,,,,,,,,,,,,,,,,,,,,,,,,,,,,,,,,,,,
,,,,,,,,,,,,,,,,,,,,,,,,,,,,,,,,,,,,,,,,,,,
,,,,,,,,,,,,,,,,,,,,,,,,,,,,,,,,,,,,,,,,,,,
,,,,,,,,,,,,,,,,,,,,,,,,,,,,,,,,,,,,,,,,,,,
,,,,,,,,,,,,,,,,,,,,,,,,,,,,,,,,,,,,,,,,,,,
,,,,,,,,,,,,,,,,,,,,,,,,,,,,,,,,,,,,,,,,,,,
,,,,,,,,,,,,,,,,,,,,,,,,,,,,,,,,,,,,,,,,,,,
,,,,,,,,,,,,,,,,,,,,,,,,,,,,,,,,,,,,,,,,,,,
,,,,,,,,,,,,,,,,,,,,,,,,,,,,,,,,,,,,,,,,,,,
,,,,,,,,,,,,,,,,,,,,,,,,,,,,,,,,,,,,,,,,,,,
,,,,,,,,,,,,,,,,,,,,,,,,,,,,,,,,,,,,,,,,,,,
,,,,,,,,,,,,,,,,,,,,,,,,,,,,,,,,,,,,,,,,,,,
,,,,,,,,,,,,,,,,,,,,,,,,,,,,,,,,,,,,,,,,,,,
,,,,,,,,,,,,,,,,,,,,,,,,,,,,,,,,,,,,,,,,,,,
,,,,,,,,,,,,,,,,,,,,,,,,,,,,,,,,,,,,,,,,,,,
,,,,,,,,,,,,,,,,,,,,,,,,,,,,,,,,,,,,,,,,,,,
,,,,,,,,,,,,,,,,,,,,,,,,,,,,,,,,,,,,,,,,,,,
,,,,,,,,,,,,,,,,,,,,,,,,,,,,,,,,,,,,,,,,,,,
,,,,,,,,,,,,,,,,,,,,,,,,,,,,,,,,,,,,,,,,,,,
,,,,,,,,,,,,,,,,,,,,,,,,,,,,,,,,,,,,,,,,,,,
,,,,,,,,,,,,,,,,,,,,,,,,,,,,,,,,,,,,,,,,,,,
,,,,,,,,,,,,,,,,,,,,,,,,,,,,,,,,,,,,,,,,,,,
,,,,,,,,,,,,,,,,,,,,,,,,,,,,,,,,,,,,,,,,,,,
,,,,,,,,,,,,,,,,,,,,,,,,,,,,,,,,,,,,,,,,,,,
,,,,,,,,,,,,,,,,,,,,,,,,,,,,,,,,,,,,,,,,,,,
,,,,,,,,,,,,,,,,,,,,,,,,,,,,,,,,,,,,,,,,,,,
,,,,,,,,,,,,,,,,,,,,,,,,,,,,,,,,,,,,,,,,,,,
,,,,,,,,,,,,,,,,,,,,,,,,,,,,,,,,,,,,,,,,,,,
,,,,,,,,,,,,,,,,,,,,,,,,,,,,,,,,,,,,,,,,,,,
,,,,,,,,,,,,,,,,,,,,,,,,,,,,,,,,,,,,,,,,,,,
,,,,,,,,,,,,,,,,,,,,,,,,,,,,,,,,,,,,,,,,,,,
,,,,,,,,,,,,,,,,,,,,,,,,,,,,,,,,,,,,,,,,,,,
,,,,,,,,,,,,,,,,,,,,,,,,,,,,,,,,,,,,,,,,,,,
,,,,,,,,,,,,,,,,,,,,,,,,,,,,,,,,,,,,,,,,,,,
,,,,,,,,,,,,,,,,,,,,,,,,,,,,,,,,,,,,,,,,,,,
,,,,,,,,,,,,,,,,,,,,,,,,,,,,,,,,,,,,,,,,,,,
,,,,,,,,,,,,,,,,,,,,,,,,,,,,,,,,,,,,,,,,,,,
,,,,,,,,,,,,,,,,,,,,,,,,,,,,,,,,,,,,,,,,,,,
,,,,,,,,,,,,,,,,,,,,,,,,,,,,,,,,,,,,,,,,,,,
,,,,,,,,,,,,,,,,,,,,,,,,,,,,,,,,,,,,,,,,,,,
,,,,,,,,,,,,,,,,,,,,,,,,,,,,,,,,,,,,,,,,,,,
,,,,,,,,,,,,,,,,,,,,,,,,,,,,,,,,,,,,,,,,,,,
,,,,,,,,,,,,,,,,,,,,,,,,,,,,,,,,,,,,,,,,,,,
,,,,,,,,,,,,,,,,,,,,,,,,,,,,,,,,,,,,,,,,,,,
,,,,,,,,,,,,,,,,,,,,,,,,,,,,,,,,,,,,,,,,,,,
,,,,,,,,,,,,,,,,,,,,,,,,,,,,,,,,,,,,,,,,,,,
,,,,,,,,,,,,,,,,,,,,,,,,,,,,,,,,,,,,,,,,,,,
,,,,,,,,,,,,,,,,,,,,,,,,,,,,,,,,,,,,,,,,,,,
,,,,,,,,,,,,,,,,,,,,,,,,,,,,,,,,,,,,,,,,,,,
,,,,,,,,,,,,,,,,,,,,,,,,,,,,,,,,,,,,,,,,,,,
,,,,,,,,,,,,,,,,,,,,,,,,,,,,,,,,,,,,,,,,,,,
,,,,,,,,,,,,,,,,,,,,,,,,,,,,,,,,,,,,,,,,,,,
,,,,,,,,,,,,,,,,,,,,,,,,,,,,,,,,,,,,,,,,,,,
,,,,,,,,,,,,,,,,,,,,,,,,,,,,,,,,,,,,,,,,,,,
,,,,,,,,,,,,,,,,,,,,,,,,,,,,,,,,,,,,,,,,,,,
,,,,,,,,,,,,,,,,,,,,,,,,,,,,,,,,,,,,,,,,,,,
,,,,,,,,,,,,,,,,,,,,,,,,,,,,,,,,,,,,,,,,,,,
,,,,,,,,,,,,,,,,,,,,,,,,,,,,,,,,,,,,,,,,,,,
,,,,,,,,,,,,,,,,,,,,,,,,,,,,,,,,,,,,,,,,,,,
,,,,,,,,,,,,,,,,,,,,,,,,,,,,,,,,,,,,,,,,,,,
,,,,,,,,,,,,,,,,,,,,,,,,,,,,,,,,,,,,,,,,,,,
,,,,,,,,,,,,,,,,,,,,,,,,,,,,,,,,,,,,,,,,,,,
,,,,,,,,,,,,,,,,,,,,,,,,,,,,,,,,,,,,,,,,,,,
,,,,,,,,,,,,,,,,,,,,,,,,,,,,,,,,,,,,,,,,,,,
,,,,,,,,,,,,,,,,,,,,,,,,,,,,,,,,,,,,,,,,,,,
,,,,,,,,,,,,,,,,,,,,,,,,,,,,,,,,,,,,,,,,,,,
,,,,,,,,,,,,,,,,,,,,,,,,,,,,,,,,,,,,,,,,,,,
,,,,,,,,,,,,,,,,,,,,,,,,,,,,,,,,,,,,,,,,,,,
,,,,,,,,,,,,,,,,,,,,,,,,,,,,,,,,,,,,,,,,,,,
,,,,,,,,,,,,,,,,,,,,,,,,,,,,,,,,,,,,,,,,,,,
,,,,,,,,,,,,,,,,,,,,,,,,,,,,,,,,,,,,,,,,,,,
,,,,,,,,,,,,,,,,,,,,,,,,,,,,,,,,,,,,,,,,,,,
,,,,,,,,,,,,,,,,,,,,,,,,,,,,,,,,,,,,,,,,,,,
,,,,,,,,,,,,,,,,,,,,,,,,,,,,,,,,,,,,,,,,,,,
,,,,,,,,,,,,,,,,,,,,,,,,,,,,,,,,,,,,,,,,,,,
,,,,,,,,,,,,,,,,,,,,,,,,,,,,,,,,,,,,,,,,,,,
,,,,,,,,,,,,,,,,,,,,,,,,,,,,,,,,,,,,,,,,,,,
,,,,,,,,,,,,,,,,,,,,,,,,,,,,,,,,,,,,,,,,,,,
,,,,,,,,,,,,,,,,,,,,,,,,,,,,,,,,,,,,,,,,,,,
,,,,,,,,,,,,,,,,,,,,,,,,,,,,,,,,,,,,,,,,,,,
,,,,,,,,,,,,,,,,,,,,,,,,,,,,,,,,,,,,,,,,,,,
,,,,,,,,,,,,,,,,,,,,,,,,,,,,,,,,,,,,,,,,,,,
,,,,,,,,,,,,,,,,,,,,,,,,,,,,,,,,,,,,,,,,,,,
,,,,,,,,,,,,,,,,,,,,,,,,,,,,,,,,,,,,,,,,,,,
,,,,,,,,,,,,,,,,,,,,,,,,,,,,,,,,,,,,,,,,,,,
,,,,,,,,,,,,,,,,,,,,,,,,,,,,,,,,,,,,,,,,,,,
,,,,,,,,,,,,,,,,,,,,,,,,,,,,,,,,,,,,,,,,,,,
,,,,,,,,,,,,,,,,,,,,,,,,,,,,,,,,,,,,,,,,,,,
,,,,,,,,,,,,,,,,,,,,,,,,,,,,,,,,,,,,,,,,,,,
,,,,,,,,,,,,,,,,,,,,,,,,,,,,,,,,,,,,,,,,,,,
,,,,,,,,,,,,,,,,,,,,,,,,,,,,,,,,,,,,,,,,,,,
,,,,,,,,,,,,,,,,,,,,,,,,,,,,,,,,,,,,,,,,,,,
,,,,,,,,,,,,,,,,,,,,,,,,,,,,,,,,,,,,,,,,,,,
,,,,,,,,,,,,,,,,,,,,,,,,,,,,,,,,,,,,,,,,,,,
,,,,,,,,,,,,,,,,,,,,,,,,,,,,,,,,,,,,,,,,,,,
,,,,,,,,,,,,,,,,,,,,,,,,,,,,,,,,,,,,,,,,,,,
,,,,,,,,,,,,,,,,,,,,,,,,,,,,,,,,,,,,,,,,,,,
,,,,,,,,,,,,,,,,,,,,,,,,,,,,,,,,,,,,,,,,,,,
,,,,,,,,,,,,,,,,,,,,,,,,,,,,,,,,,,,,,,,,,,,
,,,,,,,,,,,,,,,,,,,,,,,,,,,,,,,,,,,,,,,,,,,
,,,,,,,,,,,,,,,,,,,,,,,,,,,,,,,,,,,,,,,,,,,
,,,,,,,,,,,,,,,,,,,,,,,,,,,,,,,,,,,,,,,,,,,
,,,,,,,,,,,,,,,,,,,,,,,,,,,,,,,,,,,,,,,,,,,
,,,,,,,,,,,,,,,,,,,,,,,,,,,,,,,,,,,,,,,,,,,
,,,,,,,,,,,,,,,,,,,,,,,,,,,,,,,,,,,,,,,,,,,
,,,,,,,,,,,,,,,,,,,,,,,,,,,,,,,,,,,,,,,,,,,
,,,,,,,,,,,,,,,,,,,,,,,,,,,,,,,,,,,,,,,,,,,
,,,,,,,,,,,,,,,,,,,,,,,,,,,,,,,,,,,,,,,,,,,
,,,,,,,,,,,,,,,,,,,,,,,,,,,,,,,,,,,,,,,,,,,
,,,,,,,,,,,,,,,,,,,,,,,,,,,,,,,,,,,,,,,,,,,
,,,,,,,,,,,,,,,,,,,,,,,,,,,,,,,,,,,,,,,,,,,
,,,,,,,,,,,,,,,,,,,,,,,,,,,,,,,,,,,,,,,,,,,
,,,,,,,,,,,,,,,,,,,,,,,,,,,,,,,,,,,,,,,,,,,
,,,,,,,,,,,,,,,,,,,,,,,,,,,,,,,,,,,,,,,,,,,
,,,,,,,,,,,,,,,,,,,,,,,,,,,,,,,,,,,,,,,,,,,
,,,,,,,,,,,,,,,,,,,,,,,,,,,,,,,,,,,,,,,,,,,
,,,,,,,,,,,,,,,,,,,,,,,,,,,,,,,,,,,,,,,,,,,
,,,,,,,,,,,,,,,,,,,,,,,,,,,,,,,,,,,,,,,,,,,
,,,,,,,,,,,,,,,,,,,,,,,,,,,,,,,,,,,,,,,,,,,
,,,,,,,,,,,,,,,,,,,,,,,,,,,,,,,,,,,,,,,,,,,
,,,,,,,,,,,,,,,,,,,,,,,,,,,,,,,,,,,,,,,,,,,
,,,,,,,,,,,,,,,,,,,,,,,,,,,,,,,,,,,,,,,,,,,
,,,,,,,,,,,,,,,,,,,,,,,,,,,,,,,,,,,,,,,,,,,
,,,,,,,,,,,,,,,,,,,,,,,,,,,,,,,,,,,,,,,,,,,
,,,,,,,,,,,,,,,,,,,,,,,,,,,,,,,,,,,,,,,,,,,
,,,,,,,,,,,,,,,,,,,,,,,,,,,,,,,,,,,,,,,,,,,
,,,,,,,,,,,,,,,,,,,,,,,,,,,,,,,,,,,,,,,,,,,
,,,,,,,,,,,,,,,,,,,,,,,,,,,,,,,,,,,,,,,,,,,
,,,,,,,,,,,,,,,,,,,,,,,,,,,,,,,,,,,,,,,,,,,
,,,,,,,,,,,,,,,,,,,,,,,,,,,,,,,,,,,,,,,,,,,
,,,,,,,,,,,,,,,,,,,,,,,,,,,,,,,,,,,,,,,,,,,
,,,,,,,,,,,,,,,,,,,,,,,,,,,,,,,,,,,,,,,,,,,
,,,,,,,,,,,,,,,,,,,,,,,,,,,,,,,,,,,,,,,,,,,
,,,,,,,,,,,,,,,,,,,,,,,,,,,,,,,,,,,,,,,,,,,
,,,,,,,,,,,,,,,,,,,,,,,,,,,,,,,,,,,,,,,,,,,
,,,,,,,,,,,,,,,,,,,,,,,,,,,,,,,,,,,,,,,,,,,
,,,,,,,,,,,,,,,,,,,,,,,,,,,,,,,,,,,,,,,,,,,
,,,,,,,,,,,,,,,,,,,,,,,,,,,,,,,,,,,,,,,,,,,
,,,,,,,,,,,,,,,,,,,,,,,,,,,,,,,,,,,,,,,,,,,
,,,,,,,,,,,,,,,,,,,,,,,,,,,,,,,,,,,,,,,,,,,
,,,,,,,,,,,,,,,,,,,,,,,,,,,,,,,,,,,,,,,,,,,
,,,,,,,,,,,,,,,,,,,,,,,,,,,,,,,,,,,,,,,,,,,
,,,,,,,,,,,,,,,,,,,,,,,,,,,,,,,,,,,,,,,,,,,
,,,,,,,,,,,,,,,,,,,,,,,,,,,,,,,,,,,,,,,,,,,
,,,,,,,,,,,,,,,,,,,,,,,,,,,,,,,,,,,,,,,,,,,
,,,,,,,,,,,,,,,,,,,,,,,,,,,,,,,,,,,,,,,,,,,
,,,,,,,,,,,,,,,,,,,,,,,,,,,,,,,,,,,,,,,,,,,
,,,,,,,,,,,,,,,,,,,,,,,,,,,,,,,,,,,,,,,,,,,
,,,,,,,,,,,,,,,,,,,,,,,,,,,,,,,,,,,,,,,,,,,
,,,,,,,,,,,,,,,,,,,,,,,,,,,,,,,,,,,,,,,,,,,
,,,,,,,,,,,,,,,,,,,,,,,,,,,,,,,,,,,,,,,,,,,
,,,,,,,,,,,,,,,,,,,,,,,,,,,,,,,,,,,,,,,,,,,
,,,,,,,,,,,,,,,,,,,,,,,,,,,,,,,,,,,,,,,,,,,
,,,,,,,,,,,,,,,,,,,,,,,,,,,,,,,,,,,,,,,,,,,
,,,,,,,,,,,,,,,,,,,,,,,,,,,,,,,,,,,,,,,,,,,
,,,,,,,,,,,,,,,,,,,,,,,,,,,,,,,,,,,,,,,,,,,
,,,,,,,,,,,,,,,,,,,,,,,,,,,,,,,,,,,,,,,,,,,
,,,,,,,,,,,,,,,,,,,,,,,,,,,,,,,,,,,,,,,,,,,
,,,,,,,,,,,,,,,,,,,,,,,,,,,,,,,,,,,,,,,,,,,
,,,,,,,,,,,,,,,,,,,,,,,,,,,,,,,,,,,,,,,,,,,
,,,,,,,,,,,,,,,,,,,,,,,,,,,,,,,,,,,,,,,,,,,
,,,,,,,,,,,,,,,,,,,,,,,,,,,,,,,,,,,,,,,,,,,
,,,,,,,,,,,,,,,,,,,,,,,,,,,,,,,,,,,,,,,,,,,
,,,,,,,,,,,,,,,,,,,,,,,,,,,,,,,,,,,,,,,,,,,
,,,,,,,,,,,,,,,,,,,,,,,,,,,,,,,,,,,,,,,,,,,
,,,,,,,,,,,,,,,,,,,,,,,,,,,,,,,,,,,,,,,,,,,
,,,,,,,,,,,,,,,,,,,,,,,,,,,,,,,,,,,,,,,,,,,
,,,,,,,,,,,,,,,,,,,,,,,,,,,,,,,,,,,,,,,,,,,
,,,,,,,,,,,,,,,,,,,,,,,,,,,,,,,,,,,,,,,,,,,
,,,,,,,,,,,,,,,,,,,,,,,,,,,,,,,,,,,,,,,,,,,
,,,,,,,,,,,,,,,,,,,,,,,,,,,,,,,,,,,,,,,,,,,
,,,,,,,,,,,,,,,,,,,,,,,,,,,,,,,,,,,,,,,,,,,
,,,,,,,,,,,,,,,,,,,,,,,,,,,,,,,,,,,,,,,,,,,
,,,,,,,,,,,,,,,,,,,,,,,,,,,,,,,,,,,,,,,,,,,
,,,,,,,,,,,,,,,,,,,,,,,,,,,,,,,,,,,,,,,,,,,
,,,,,,,,,,,,,,,,,,,,,,,,,,,,,,,,,,,,,,,,,,,
,,,,,,,,,,,,,,,,,,,,,,,,,,,,,,,,,,,,,,,,,,,
,,,,,,,,,,,,,,,,,,,,,,,,,,,,,,,,,,,,,,,,,,,
,,,,,,,,,,,,,,,,,,,,,,,,,,,,,,,,,,,,,,,,,,,
,,,,,,,,,,,,,,,,,,,,,,,,,,,,,,,,,,,,,,,,,,,
,,,,,,,,,,,,,,,,,,,,,,,,,,,,,,,,,,,,,,,,,,,
,,,,,,,,,,,,,,,,,,,,,,,,,,,,,,,,,,,,,,,,,,,
,,,,,,,,,,,,,,,,,,,,,,,,,,,,,,,,,,,,,,,,,,,
,,,,,,,,,,,,,,,,,,,,,,,,,,,,,,,,,,,,,,,,,,,
,,,,,,,,,,,,,,,,,,,,,,,,,,,,,,,,,,,,,,,,,,,
,,,,,,,,,,,,,,,,,,,,,,,,,,,,,,,,,,,,,,,,,,,
,,,,,,,,,,,,,,,,,,,,,,,,,,,,,,,,,,,,,,,,,,,
,,,,,,,,,,,,,,,,,,,,,,,,,,,,,,,,,,,,,,,,,,,
,,,,,,,,,,,,,,,,,,,,,,,,,,,,,,,,,,,,,,,,,,,
,,,,,,,,,,,,,,,,,,,,,,,,,,,,,,,,,,,,,,,,,,,
,,,,,,,,,,,,,,,,,,,,,,,,,,,,,,,,,,,,,,,,,,,
,,,,,,,,,,,,,,,,,,,,,,,,,,,,,,,,,,,,,,,,,,,
,,,,,,,,,,,,,,,,,,,,,,,,,,,,,,,,,,,,,,,,,,,
,,,,,,,,,,,,,,,,,,,,,,,,,,,,,,,,,,,,,,,,,,,
,,,,,,,,,,,,,,,,,,,,,,,,,,,,,,,,,,,,,,,,,,,
,,,,,,,,,,,,,,,,,,,,,,,,,,,,,,,,,,,,,,,,,,,
,,,,,,,,,,,,,,,,,,,,,,,,,,,,,,,,,,,,,,,,,,,
,,,,,,,,,,,,,,,,,,,,,,,,,,,,,,,,,,,,,,,,,,,
,,,,,,,,,,,,,,,,,,,,,,,,,,,,,,,,,,,,,,,,,,,
,,,,,,,,,,,,,,,,,,,,,,,,,,,,,,,,,,,,,,,,,,,
,,,,,,,,,,,,,,,,,,,,,,,,,,,,,,,,,,,,,,,,,,,
,,,,,,,,,,,,,,,,,,,,,,,,,,,,,,,,,,,,,,,,,,,
,,,,,,,,,,,,,,,,,,,,,,,,,,,,,,,,,,,,,,,,,,,
,,,,,,,,,,,,,,,,,,,,,,,,,,,,,,,,,,,,,,,,,,,
,,,,,,,,,,,,,,,,,,,,,,,,,,,,,,,,,,,,,,,,,,,
,,,,,,,,,,,,,,,,,,,,,,,,,,,,,,,,,,,,,,,,,,,
,,,,,,,,,,,,,,,,,,,,,,,,,,,,,,,,,,,,,,,,,,,
,,,,,,,,,,,,,,,,,,,,,,,,,,,,,,,,,,,,,,,,,,,
,,,,,,,,,,,,,,,,,,,,,,,,,,,,,,,,,,,,,,,,,,,
,,,,,,,,,,,,,,,,,,,,,,,,,,,,,,,,,,,,,,,,,,,
,,,,,,,,,,,,,,,,,,,,,,,,,,,,,,,,,,,,,,,,,,,
,,,,,,,,,,,,,,,,,,,,,,,,,,,,,,,,,,,,,,,,,,,
,,,,,,,,,,,,,,,,,,,,,,,,,,,,,,,,,,,,,,,,,,,
,,,,,,,,,,,,,,,,,,,,,,,,,,,,,,,,,,,,,,,,,,,
,,,,,,,,,,,,,,,,,,,,,,,,,,,,,,,,,,,,,,,,,,,
,,,,,,,,,,,,,,,,,,,,,,,,,,,,,,,,,,,,,,,,,,,
,,,,,,,,,,,,,,,,,,,,,,,,,,,,,,,,,,,,,,,,,,,
,,,,,,,,,,,,,,,,,,,,,,,,,,,,,,,,,,,,,,,,,,,
,,,,,,,,,,,,,,,,,,,,,,,,,,,,,,,,,,,,,,,,,,,
,,,,,,,,,,,,,,,,,,,,,,,,,,,,,,,,,,,,,,,,,,,
,,,,,,,,,,,,,,,,,,,,,,,,,,,,,,,,,,,,,,,,,,,
,,,,,,,,,,,,,,,,,,,,,,,,,,,,,,,,,,,,,,,,,,,
,,,,,,,,,,,,,,,,,,,,,,,,,,,,,,,,,,,,,,,,,,,
,,,,,,,,,,,,,,,,,,,,,,,,,,,,,,,,,,,,,,,,,,,
,,,,,,,,,,,,,,,,,,,,,,,,,,,,,,,,,,,,,,,,,,,
,,,,,,,,,,,,,,,,,,,,,,,,,,,,,,,,,,,,,,,,,,,
,,,,,,,,,,,,,,,,,,,,,,,,,,,,,,,,,,,,,,,,,,,
,,,,,,,,,,,,,,,,,,,,,,,,,,,,,,,,,,,,,,,,,,,
,,,,,,,,,,,,,,,,,,,,,,,,,,,,,,,,,,,,,,,,,,,
,,,,,,,,,,,,,,,,,,,,,,,,,,,,,,,,,,,,,,,,,,,
,,,,,,,,,,,,,,,,,,,,,,,,,,,,,,,,,,,,,,,,,,,
,,,,,,,,,,,,,,,,,,,,,,,,,,,,,,,,,,,,,,,,,,,
,,,,,,,,,,,,,,,,,,,,,,,,,,,,,,,,,,,,,,,,,,,
,,,,,,,,,,,,,,,,,,,,,,,,,,,,,,,,,,,,,,,,,,,
,,,,,,,,,,,,,,,,,,,,,,,,,,,,,,,,,,,,,,,,,,,
,,,,,,,,,,,,,,,,,,,,,,,,,,,,,,,,,,,,,,,,,,,
,,,,,,,,,,,,,,,,,,,,,,,,,,,,,,,,,,,,,,,,,,,
,,,,,,,,,,,,,,,,,,,,,,,,,,,,,,,,,,,,,,,,,,,
,,,,,,,,,,,,,,,,,,,,,,,,,,,,,,,,,,,,,,,,,,,
,,,,,,,,,,,,,,,,,,,,,,,,,,,,,,,,,,,,,,,,,,,
,,,,,,,,,,,,,,,,,,,,,,,,,,,,,,,,,,,,,,,,,,,
,,,,,,,,,,,,,,,,,,,,,,,,,,,,,,,,,,,,,,,,,,,
,,,,,,,,,,,,,,,,,,,,,,,,,,,,,,,,,,,,,,,,,,,
,,,,,,,,,,,,,,,,,,,,,,,,,,,,,,,,,,,,,,,,,,,
,,,,,,,,,,,,,,,,,,,,,,,,,,,,,,,,,,,,,,,,,,,
,,,,,,,,,,,,,,,,,,,,,,,,,,,,,,,,,,,,,,,,,,,
,,,,,,,,,,,,,,,,,,,,,,,,,,,,,,,,,,,,,,,,,,,
,,,,,,,,,,,,,,,,,,,,,,,,,,,,,,,,,,,,,,,,,,,
,,,,,,,,,,,,,,,,,,,,,,,,,,,,,,,,,,,,,,,,,,,
,,,,,,,,,,,,,,,,,,,,,,,,,,,,,,,,,,,,,,,,,,,
,,,,,,,,,,,,,,,,,,,,,,,,,,,,,,,,,,,,,,,,,,,
,,,,,,,,,,,,,,,,,,,,,,,,,,,,,,,,,,,,,,,,,,,
,,,,,,,,,,,,,,,,,,,,,,,,,,,,,,,,,,,,,,,,,,,
,,,,,,,,,,,,,,,,,,,,,,,,,,,,,,,,,,,,,,,,,,,
,,,,,,,,,,,,,,,,,,,,,,,,,,,,,,,,,,,,,,,,,,,
,,,,,,,,,,,,,,,,,,,,,,,,,,,,,,,,,,,,,,,,,,,
,,,,,,,,,,,,,,,,,,,,,,,,,,,,,,,,,,,,,,,,,,,
,,,,,,,,,,,,,,,,,,,,,,,,,,,,,,,,,,,,,,,,,,,
,,,,,,,,,,,,,,,,,,,,,,,,,,,,,,,,,,,,,,,,,,,
,,,,,,,,,,,,,,,,,,,,,,,,,,,,,,,,,,,,,,,,,,,
,,,,,,,,,,,,,,,,,,,,,,,,,,,,,,,,,,,,,,,,,,,
,,,,,,,,,,,,,,,,,,,,,,,,,,,,,,,,,,,,,,,,,,,
,,,,,,,,,,,,,,,,,,,,,,,,,,,,,,,,,,,,,,,,,,,
,,,,,,,,,,,,,,,,,,,,,,,,,,,,,,,,,,,,,,,,,,,
,,,,,,,,,,,,,,,,,,,,,,,,,,,,,,,,,,,,,,,,,,,
,,,,,,,,,,,,,,,,,,,,,,,,,,,,,,,,,,,,,,,,,,,
,,,,,,,,,,,,,,,,,,,,,,,,,,,,,,,,,,,,,,,,,,,
,,,,,,,,,,,,,,,,,,,,,,,,,,,,,,,,,,,,,,,,,,,
,,,,,,,,,,,,,,,,,,,,,,,,,,,,,,,,,,,,,,,,,,,
,,,,,,,,,,,,,,,,,,,,,,,,,,,,,,,,,,,,,,,,,,,
,,,,,,,,,,,,,,,,,,,,,,,,,,,,,,,,,,,,,,,,,,,
,,,,,,,,,,,,,,,,,,,,,,,,,,,,,,,,,,,,,,,,,,,
,,,,,,,,,,,,,,,,,,,,,,,,,,,,,,,,,,,,,,,,,,,
,,,,,,,,,,,,,,,,,,,,,,,,,,,,,,,,,,,,,,,,,,,
,,,,,,,,,,,,,,,,,,,,,,,,,,,,,,,,,,,,,,,,,,,
,,,,,,,,,,,,,,,,,,,,,,,,,,,,,,,,,,,,,,,,,,,
,,,,,,,,,,,,,,,,,,,,,,,,,,,,,,,,,,,,,,,,,,,
,,,,,,,,,,,,,,,,,,,,,,,,,,,,,,,,,,,,,,,,,,,
,,,,,,,,,,,,,,,,,,,,,,,,,,,,,,,,,,,,,,,,,,,
,,,,,,,,,,,,,,,,,,,,,,,,,,,,,,,,,,,,,,,,,,,
,,,,,,,,,,,,,,,,,,,,,,,,,,,,,,,,,,,,,,,,,,,
,,,,,,,,,,,,,,,,,,,,,,,,,,,,,,,,,,,,,,,,,,,
,,,,,,,,,,,,,,,,,,,,,,,,,,,,,,,,,,,,,,,,,,,
,,,,,,,,,,,,,,,,,,,,,,,,,,,,,,,,,,,,,,,,,,,
,,,,,,,,,,,,,,,,,,,,,,,,,,,,,,,,,,,,,,,,,,,
,,,,,,,,,,,,,,,,,,,,,,,,,,,,,,,,,,,,,,,,,,,
,,,,,,,,,,,,,,,,,,,,,,,,,,,,,,,,,,,,,,,,,,,
,,,,,,,,,,,,,,,,,,,,,,,,,,,,,,,,,,,,,,,,,,,
,,,,,,,,,,,,,,,,,,,,,,,,,,,,,,,,,,,,,,,,,,,
,,,,,,,,,,,,,,,,,,,,,,,,,,,,,,,,,,,,,,,,,,,
,,,,,,,,,,,,,,,,,,,,,,,,,,,,,,,,,,,,,,,,,,,
,,,,,,,,,,,,,,,,,,,,,,,,,,,,,,,,,,,,,,,,,,,
,,,,,,,,,,,,,,,,,,,,,,,,,,,,,,,,,,,,,,,,,,,
,,,,,,,,,,,,,,,,,,,,,,,,,,,,,,,,,,,,,,,,,,,
,,,,,,,,,,,,,,,,,,,,,,,,,,,,,,,,,,,,,,,,,,,
,,,,,,,,,,,,,,,,,,,,,,,,,,,,,,,,,,,,,,,,,,,
,,,,,,,,,,,,,,,,,,,,,,,,,,,,,,,,,,,,,,,,,,,
,,,,,,,,,,,,,,,,,,,,,,,,,,,,,,,,,,,,,,,,,,,
,,,,,,,,,,,,,,,,,,,,,,,,,,,,,,,,,,,,,,,,,,,
,,,,,,,,,,,,,,,,,,,,,,,,,,,,,,,,,,,,,,,,,,,
,,,,,,,,,,,,,,,,,,,,,,,,,,,,,,,,,,,,,,,,,,,
,,,,,,,,,,,,,,,,,,,,,,,,,,,,,,,,,,,,,,,,,,,
,,,,,,,,,,,,,,,,,,,,,,,,,,,,,,,,,,,,,,,,,,,
,,,,,,,,,,,,,,,,,,,,,,,,,,,,,,,,,,,,,,,,,,,
,,,,,,,,,,,,,,,,,,,,,,,,,,,,,,,,,,,,,,,,,,,
,,,,,,,,,,,,,,,,,,,,,,,,,,,,,,,,,,,,,,,,,,,
,,,,,,,,,,,,,,,,,,,,,,,,,,,,,,,,,,,,,,,,,,,
,,,,,,,,,,,,,,,,,,,,,,,,,,,,,,,,,,,,,,,,,,,
,,,,,,,,,,,,,,,,,,,,,,,,,,,,,,,,,,,,,,,,,,,
,,,,,,,,,,,,,,,,,,,,,,,,,,,,,,,,,,,,,,,,,,,
,,,,,,,,,,,,,,,,,,,,,,,,,,,,,,,,,,,,,,,,,,,
,,,,,,,,,,,,,,,,,,,,,,,,,,,,,,,,,,,,,,,,,,,
,,,,,,,,,,,,,,,,,,,,,,,,,,,,,,,,,,,,,,,,,,,
,,,,,,,,,,,,,,,,,,,,,,,,,,,,,,,,,,,,,,,,,,,
,,,,,,,,,,,,,,,,,,,,,,,,,,,,,,,,,,,,,,,,,,,
,,,,,,,,,,,,,,,,,,,,,,,,,,,,,,,,,,,,,,,,,,,
,,,,,,,,,,,,,,,,,,,,,,,,,,,,,,,,,,,,,,,,,,,
,,,,,,,,,,,,,,,,,,,,,,,,,,,,,,,,,,,,,,,,,,,
,,,,,,,,,,,,,,,,,,,,,,,,,,,,,,,,,,,,,,,,,,,
,,,,,,,,,,,,,,,,,,,,,,,,,,,,,,,,,,,,,,,,,,,
,,,,,,,,,,,,,,,,,,,,,,,,,,,,,,,,,,,,,,,,,,,
,,,,,,,,,,,,,,,,,,,,,,,,,,,,,,,,,,,,,,,,,,,
,,,,,,,,,,,,,,,,,,,,,,,,,,,,,,,,,,,,,,,,,,,
,,,,,,,,,,,,,,,,,,,,,,,,,,,,,,,,,,,,,,,,,,,
,,,,,,,,,,,,,,,,,,,,,,,,,,,,,,,,,,,,,,,,,,,
,,,,,,,,,,,,,,,,,,,,,,,,,,,,,,,,,,,,,,,,,,,
,,,,,,,,,,,,,,,,,,,,,,,,,,,,,,,,,,,,,,,,,,,
,,,,,,,,,,,,,,,,,,,,,,,,,,,,,,,,,,,,,,,,,,,
,,,,,,,,,,,,,,,,,,,,,,,,,,,,,,,,,,,,,,,,,,,
,,,,,,,,,,,,,,,,,,,,,,,,,,,,,,,,,,,,,,,,,,,
,,,,,,,,,,,,,,,,,,,,,,,,,,,,,,,,,,,,,,,,,,,
,,,,,,,,,,,,,,,,,,,,,,,,,,,,,,,,,,,,,,,,,,,
,,,,,,,,,,,,,,,,,,,,,,,,,,,,,,,,,,,,,,,,,,,
,,,,,,,,,,,,,,,,,,,,,,,,,,,,,,,,,,,,,,,,,,,
,,,,,,,,,,,,,,,,,,,,,,,,,,,,,,,,,,,,,,,,,,,
,,,,,,,,,,,,,,,,,,,,,,,,,,,,,,,,,,,,,,,,,,,
,,,,,,,,,,,,,,,,,,,,,,,,,,,,,,,,,,,,,,,,,,,
,,,,,,,,,,,,,,,,,,,,,,,,,,,,,,,,,,,,,,,,,,,
,,,,,,,,,,,,,,,,,,,,,,,,,,,,,,,,,,,,,,,,,,,
,,,,,,,,,,,,,,,,,,,,,,,,,,,,,,,,,,,,,,,,,,,
,,,,,,,,,,,,,,,,,,,,,,,,,,,,,,,,,,,,,,,,,,,
,,,,,,,,,,,,,,,,,,,,,,,,,,,,,,,,,,,,,,,,,,,
,,,,,,,,,,,,,,,,,,,,,,,,,,,,,,,,,,,,,,,,,,,
,,,,,,,,,,,,,,,,,,,,,,,,,,,,,,,,,,,,,,,,,,,
,,,,,,,,,,,,,,,,,,,,,,,,,,,,,,,,,,,,,,,,,,,
,,,,,,,,,,,,,,,,,,,,,,,,,,,,,,,,,,,,,,,,,,,
,,,,,,,,,,,,,,,,,,,,,,,,,,,,,,,,,,,,,,,,,,,
,,,,,,,,,,,,,,,,,,,,,,,,,,,,,,,,,,,,,,,,,,,
,,,,,,,,,,,,,,,,,,,,,,,,,,,,,,,,,,,,,,,,,,,
,,,,,,,,,,,,,,,,,,,,,,,,,,,,,,,,,,,,,,,,,,,
,,,,,,,,,,,,,,,,,,,,,,,,,,,,,,,,,,,,,,,,,,,
,,,,,,,,,,,,,,,,,,,,,,,,,,,,,,,,,,,,,,,,,,,
,,,,,,,,,,,,,,,,,,,,,,,,,,,,,,,,,,,,,,,,,,,
,,,,,,,,,,,,,,,,,,,,,,,,,,,,,,,,,,,,,,,,,,,
,,,,,,,,,,,,,,,,,,,,,,,,,,,,,,,,,,,,,,,,,,,
,,,,,,,,,,,,,,,,,,,,,,,,,,,,,,,,,,,,,,,,,,,
,,,,,,,,,,,,,,,,,,,,,,,,,,,,,,,,,,,,,,,,,,,
,,,,,,,,,,,,,,,,,,,,,,,,,,,,,,,,,,,,,,,,,,,
,,,,,,,,,,,,,,,,,,,,,,,,,,,,,,,,,,,,,,,,,,,
,,,,,,,,,,,,,,,,,,,,,,,,,,,,,,,,,,,,,,,,,,,
,,,,,,,,,,,,,,,,,,,,,,,,,,,,,,,,,,,,,,,,,,,
,,,,,,,,,,,,,,,,,,,,,,,,,,,,,,,,,,,,,,,,,,,
,,,,,,,,,,,,,,,,,,,,,,,,,,,,,,,,,,,,,,,,,,,
,,,,,,,,,,,,,,,,,,,,,,,,,,,,,,,,,,,,,,,,,,,
,,,,,,,,,,,,,,,,,,,,,,,,,,,,,,,,,,,,,,,,,,,
,,,,,,,,,,,,,,,,,,,,,,,,,,,,,,,,,,,,,,,,,,,
,,,,,,,,,,,,,,,,,,,,,,,,,,,,,,,,,,,,,,,,,,,
,,,,,,,,,,,,,,,,,,,,,,,,,,,,,,,,,,,,,,,,,,,
,,,,,,,,,,,,,,,,,,,,,,,,,,,,,,,,,,,,,,,,,,,
,,,,,,,,,,,,,,,,,,,,,,,,,,,,,,,,,,,,,,,,,,,
,,,,,,,,,,,,,,,,,,,,,,,,,,,,,,,,,,,,,,,,,,,
,,,,,,,,,,,,,,,,,,,,,,,,,,,,,,,,,,,,,,,,,,,
,,,,,,,,,,,,,,,,,,,,,,,,,,,,,,,,,,,,,,,,,,,
,,,,,,,,,,,,,,,,,,,,,,,,,,,,,,,,,,,,,,,,,,,
,,,,,,,,,,,,,,,,,,,,,,,,,,,,,,,,,,,,,,,,,,,
,,,,,,,,,,,,,,,,,,,,,,,,,,,,,,,,,,,,,,,,,,,
,,,,,,,,,,,,,,,,,,,,,,,,,,,,,,,,,,,,,,,,,,,
,,,,,,,,,,,,,,,,,,,,,,,,,,,,,,,,,,,,,,,,,,,
,,,,,,,,,,,,,,,,,,,,,,,,,,,,,,,,,,,,,,,,,,,
,,,,,,,,,,,,,,,,,,,,,,,,,,,,,,,,,,,,,,,,,,,
,,,,,,,,,,,,,,,,,,,,,,,,,,,,,,,,,,,,,,,,,,,
,,,,,,,,,,,,,,,,,,,,,,,,,,,,,,,,,,,,,,,,,,,
,,,,,,,,,,,,,,,,,,,,,,,,,,,,,,,,,,,,,,,,,,,
,,,,,,,,,,,,,,,,,,,,,,,,,,,,,,,,,,,,,,,,,,,
,,,,,,,,,,,,,,,,,,,,,,,,,,,,,,,,,,,,,,,,,,,
,,,,,,,,,,,,,,,,,,,,,,,,,,,,,,,,,,,,,,,,,,,
,,,,,,,,,,,,,,,,,,,,,,,,,,,,,,,,,,,,,,,,,,,
,,,,,,,,,,,,,,,,,,,,,,,,,,,,,,,,,,,,,,,,,,,
,,,,,,,,,,,,,,,,,,,,,,,,,,,,,,,,,,,,,,,,,,,
,,,,,,,,,,,,,,,,,,,,,,,,,,,,,,,,,,,,,,,,,,,
,,,,,,,,,,,,,,,,,,,,,,,,,,,,,,,,,,,,,,,,,,,
,,,,,,,,,,,,,,,,,,,,,,,,,,,,,,,,,,,,,,,,,,,
,,,,,,,,,,,,,,,,,,,,,,,,,,,,,,,,,,,,,,,,,,,
,,,,,,,,,,,,,,,,,,,,,,,,,,,,,,,,,,,,,,,,,,,
,,,,,,,,,,,,,,,,,,,,,,,,,,,,,,,,,,,,,,,,,,,
,,,,,,,,,,,,,,,,,,,,,,,,,,,,,,,,,,,,,,,,,,,
,,,,,,,,,,,,,,,,,,,,,,,,,,,,,,,,,,,,,,,,,,,
,,,,,,,,,,,,,,,,,,,,,,,,,,,,,,,,,,,,,,,,,,,
,,,,,,,,,,,,,,,,,,,,,,,,,,,,,,,,,,,,,,,,,,,
,,,,,,,,,,,,,,,,,,,,,,,,,,,,,,,,,,,,,,,,,,,
,,,,,,,,,,,,,,,,,,,,,,,,,,,,,,,,,,,,,,,,,,,
,,,,,,,,,,,,,,,,,,,,,,,,,,,,,,,,,,,,,,,,,,,
,,,,,,,,,,,,,,,,,,,,,,,,,,,,,,,,,,,,,,,,,,,
,,,,,,,,,,,,,,,,,,,,,,,,,,,,,,,,,,,,,,,,,,,
,,,,,,,,,,,,,,,,,,,,,,,,,,,,,,,,,,,,,,,,,,,
,,,,,,,,,,,,,,,,,,,,,,,,,,,,,,,,,,,,,,,,,,,
,,,,,,,,,,,,,,,,,,,,,,,,,,,,,,,,,,,,,,,,,,,
,,,,,,,,,,,,,,,,,,,,,,,,,,,,,,,,,,,,,,,,,,,
,,,,,,,,,,,,,,,,,,,,,,,,,,,,,,,,,,,,,,,,,,,
,,,,,,,,,,,,,,,,,,,,,,,,,,,,,,,,,,,,,,,,,,,
,,,,,,,,,,,,,,,,,,,,,,,,,,,,,,,,,,,,,,,,,,,
,,,,,,,,,,,,,,,,,,,,,,,,,,,,,,,,,,,,,,,,,,,
,,,,,,,,,,,,,,,,,,,,,,,,,,,,,,,,,,,,,,,,,,,
,,,,,,,,,,,,,,,,,,,,,,,,,,,,,,,,,,,,,,,,,,,
,,,,,,,,,,,,,,,,,,,,,,,,,,,,,,,,,,,,,,,,,,,
,,,,,,,,,,,,,,,,,,,,,,,,,,,,,,,,,,,,,,,,,,,
,,,,,,,,,,,,,,,,,,,,,,,,,,,,,,,,,,,,,,,,,,,
,,,,,,,,,,,,,,,,,,,,,,,,,,,,,,,,,,,,,,,,,,,
,,,,,,,,,,,,,,,,,,,,,,,,,,,,,,,,,,,,,,,,,,,
,,,,,,,,,,,,,,,,,,,,,,,,,,,,,,,,,,,,,,,,,,,
,,,,,,,,,,,,,,,,,,,,,,,,,,,,,,,,,,,,,,,,,,,
,,,,,,,,,,,,,,,,,,,,,,,,,,,,,,,,,,,,,,,,,,,
,,,,,,,,,,,,,,,,,,,,,,,,,,,,,,,,,,,,,,,,,,,
,,,,,,,,,,,,,,,,,,,,,,,,,,,,,,,,,,,,,,,,,,,
,,,,,,,,,,,,,,,,,,,,,,,,,,,,,,,,,,,,,,,,,,,
,,,,,,,,,,,,,,,,,,,,,,,,,,,,,,,,,,,,,,,,,,,
,,,,,,,,,,,,,,,,,,,,,,,,,,,,,,,,,,,,,,,,,,,
,,,,,,,,,,,,,,,,,,,,,,,,,,,,,,,,,,,,,,,,,,,
,,,,,,,,,,,,,,,,,,,,,,,,,,,,,,,,,,,,,,,,,,,
,,,,,,,,,,,,,,,,,,,,,,,,,,,,,,,,,,,,,,,,,,,
,,,,,,,,,,,,,,,,,,,,,,,,,,,,,,,,,,,,,,,,,,,
,,,,,,,,,,,,,,,,,,,,,,,,,,,,,,,,,,,,,,,,,,,
,,,,,,,,,,,,,,,,,,,,,,,,,,,,,,,,,,,,,,,,,,,
,,,,,,,,,,,,,,,,,,,,,,,,,,,,,,,,,,,,,,,,,,,
,,,,,,,,,,,,,,,,,,,,,,,,,,,,,,,,,,,,,,,,,,,
,,,,,,,,,,,,,,,,,,,,,,,,,,,,,,,,,,,,,,,,,,,
,,,,,,,,,,,,,,,,,,,,,,,,,,,,,,,,,,,,,,,,,,,
,,,,,,,,,,,,,,,,,,,,,,,,,,,,,,,,,,,,,,,,,,,
,,,,,,,,,,,,,,,,,,,,,,,,,,,,,,,,,,,,,,,,,,,
,,,,,,,,,,,,,,,,,,,,,,,,,,,,,,,,,,,,,,,,,,,
,,,,,,,,,,,,,,,,,,,,,,,,,,,,,,,,,,,,,,,,,,,
,,,,,,,,,,,,,,,,,,,,,,,,,,,,,,,,,,,,,,,,,,,
,,,,,,,,,,,,,,,,,,,,,,,,,,,,,,,,,,,,,,,,,,,
,,,,,,,,,,,,,,,,,,,,,,,,,,,,,,,,,,,,,,,,,,,
,,,,,,,,,,,,,,,,,,,,,,,,,,,,,,,,,,,,,,,,,,,
,,,,,,,,,,,,,,,,,,,,,,,,,,,,,,,,,,,,,,,,,,,
,,,,,,,,,,,,,,,,,,,,,,,,,,,,,,,,,,,,,,,,,,,
,,,,,,,,,,,,,,,,,,,,,,,,,,,,,,,,,,,,,,,,,,,
,,,,,,,,,,,,,,,,,,,,,,,,,,,,,,,,,,,,,,,,,,,
,,,,,,,,,,,,,,,,,,,,,,,,,,,,,,,,,,,,,,,,,,,
,,,,,,,,,,,,,,,,,,,,,,,,,,,,,,,,,,,,,,,,,,,
,,,,,,,,,,,,,,,,,,,,,,,,,,,,,,,,,,,,,,,,,,,
,,,,,,,,,,,,,,,,,,,,,,,,,,,,,,,,,,,,,,,,,,,
,,,,,,,,,,,,,,,,,,,,,,,,,,,,,,,,,,,,,,,,,,,
,,,,,,,,,,,,,,,,,,,,,,,,,,,,,,,,,,,,,,,,,,,
,,,,,,,,,,,,,,,,,,,,,,,,,,,,,,,,,,,,,,,,,,,
,,,,,,,,,,,,,,,,,,,,,,,,,,,,,,,,,,,,,,,,,,,
,,,,,,,,,,,,,,,,,,,,,,,,,,,,,,,,,,,,,,,,,,,
,,,,,,,,,,,,,,,,,,,,,,,,,,,,,,,,,,,,,,,,,,,
,,,,,,,,,,,,,,,,,,,,,,,,,,,,,,,,,,,,,,,,,,,
,,,,,,,,,,,,,,,,,,,,,,,,,,,,,,,,,,,,,,,,,,,
,,,,,,,,,,,,,,,,,,,,,,,,,,,,,,,,,,,,,,,,,,,
,,,,,,,,,,,,,,,,,,,,,,,,,,,,,,,,,,,,,,,,,,,
,,,,,,,,,,,,,,,,,,,,,,,,,,,,,,,,,,,,,,,,,,,
,,,,,,,,,,,,,,,,,,,,,,,,,,,,,,,,,,,,,,,,,,,
,,,,,,,,,,,,,,,,,,,,,,,,,,,,,,,,,,,,,,,,,,,
,,,,,,,,,,,,,,,,,,,,,,,,,,,,,,,,,,,,,,,,,,,
,,,,,,,,,,,,,,,,,,,,,,,,,,,,,,,,,,,,,,,,,,,
,,,,,,,,,,,,,,,,,,,,,,,,,,,,,,,,,,,,,,,,,,,
,,,,,,,,,,,,,,,,,,,,,,,,,,,,,,,,,,,,,,,,,,,
,,,,,,,,,,,,,,,,,,,,,,,,,,,,,,,,,,,,,,,,,,,
,,,,,,,,,,,,,,,,,,,,,,,,,,,,,,,,,,,,,,,,,,,
,,,,,,,,,,,,,,,,,,,,,,,,,,,,,,,,,,,,,,,,,,,
,,,,,,,,,,,,,,,,,,,,,,,,,,,,,,,,,,,,,,,,,,,
,,,,,,,,,,,,,,,,,,,,,,,,,,,,,,,,,,,,,,,,,,,
,,,,,,,,,,,,,,,,,,,,,,,,,,,,,,,,,,,,,,,,,,,
,,,,,,,,,,,,,,,,,,,,,,,,,,,,,,,,,,,,,,,,,,,
,,,,,,,,,,,,,,,,,,,,,,,,,,,,,,,,,,,,,,,,,,,
,,,,,,,,,,,,,,,,,,,,,,,,,,,,,,,,,,,,,,,,,,,
,,,,,,,,,,,,,,,,,,,,,,,,,,,,,,,,,,,,,,,,,,,
,,,,,,,,,,,,,,,,,,,,,,,,,,,,,,,,,,,,,,,,,,,
,,,,,,,,,,,,,,,,,,,,,,,,,,,,,,,,,,,,,,,,,,,
,,,,,,,,,,,,,,,,,,,,,,,,,,,,,,,,,,,,,,,,,,,
,,,,,,,,,,,,,,,,,,,,,,,,,,,,,,,,,,,,,,,,,,,
,,,,,,,,,,,,,,,,,,,,,,,,,,,,,,,,,,,,,,,,,,,
,,,,,,,,,,,,,,,,,,,,,,,,,,,,,,,,,,,,,,,,,,,
,,,,,,,,,,,,,,,,,,,,,,,,,,,,,,,,,,,,,,,,,,,
,,,,,,,,,,,,,,,,,,,,,,,,,,,,,,,,,,,,,,,,,,,
,,,,,,,,,,,,,,,,,,,,,,,,,,,,,,,,,,,,,,,,,,,
,,,,,,,,,,,,,,,,,,,,,,,,,,,,,,,,,,,,,,,,,,,
,,,,,,,,,,,,,,,,,,,,,,,,,,,,,,,,,,,,,,,,,,,
,,,,,,,,,,,,,,,,,,,,,,,,,,,,,,,,,,,,,,,,,,,
,,,,,,,,,,,,,,,,,,,,,,,,,,,,,,,,,,,,,,,,,,,
,,,,,,,,,,,,,,,,,,,,,,,,,,,,,,,,,,,,,,,,,,,
,,,,,,,,,,,,,,,,,,,,,,,,,,,,,,,,,,,,,,,,,,,
,,,,,,,,,,,,,,,,,,,,,,,,,,,,,,,,,,,,,,,,,,,
,,,,,,,,,,,,,,,,,,,,,,,,,,,,,,,,,,,,,,,,,,,
,,,,,,,,,,,,,,,,,,,,,,,,,,,,,,,,,,,,,,,,,,,
,,,,,,,,,,,,,,,,,,,,,,,,,,,,,,,,,,,,,,,,,,,
,,,,,,,,,,,,,,,,,,,,,,,,,,,,,,,,,,,,,,,,,,,
,,,,,,,,,,,,,,,,,,,,,,,,,,,,,,,,,,,,,,,,,,,
,,,,,,,,,,,,,,,,,,,,,,,,,,,,,,,,,,,,,,,,,,,
,,,,,,,,,,,,,,,,,,,,,,,,,,,,,,,,,,,,,,,,,,,
,,,,,,,,,,,,,,,,,,,,,,,,,,,,,,,,,,,,,,,,,,,
,,,,,,,,,,,,,,,,,,,,,,,,,,,,,,,,,,,,,,,,,,,
,,,,,,,,,,,,,,,,,,,,,,,,,,,,,,,,,,,,,,,,,,,
,,,,,,,,,,,,,,,,,,,,,,,,,,,,,,,,,,,,,,,,,,,
,,,,,,,,,,,,,,,,,,,,,,,,,,,,,,,,,,,,,,,,,,,
,,,,,,,,,,,,,,,,,,,,,,,,,,,,,,,,,,,,,,,,,,,
,,,,,,,,,,,,,,,,,,,,,,,,,,,,,,,,,,,,,,,,,,,
,,,,,,,,,,,,,,,,,,,,,,,,,,,,,,,,,,,,,,,,,,,
,,,,,,,,,,,,,,,,,,,,,,,,,,,,,,,,,,,,,,,,,,,
,,,,,,,,,,,,,,,,,,,,,,,,,,,,,,,,,,,,,,,,,,,
,,,,,,,,,,,,,,,,,,,,,,,,,,,,,,,,,,,,,,,,,,,
,,,,,,,,,,,,,,,,,,,,,,,,,,,,,,,,,,,,,,,,,,,
,,,,,,,,,,,,,,,,,,,,,,,,,,,,,,,,,,,,,,,,,,,
,,,,,,,,,,,,,,,,,,,,,,,,,,,,,,,,,,,,,,,,,,,
,,,,,,,,,,,,,,,,,,,,,,,,,,,,,,,,,,,,,,,,,,,
,,,,,,,,,,,,,,,,,,,,,,,,,,,,,,,,,,,,,,,,,,,
,,,,,,,,,,,,,,,,,,,,,,,,,,,,,,,,,,,,,,,,,,,
,,,,,,,,,,,,,,,,,,,,,,,,,,,,,,,,,,,,,,,,,,,
,,,,,,,,,,,,,,,,,,,,,,,,,,,,,,,,,,,,,,,,,,,
,,,,,,,,,,,,,,,,,,,,,,,,,,,,,,,,,,,,,,,,,,,
,,,,,,,,,,,,,,,,,,,,,,,,,,,,,,,,,,,,,,,,,,,
,,,,,,,,,,,,,,,,,,,,,,,,,,,,,,,,,,,,,,,,,,,
,,,,,,,,,,,,,,,,,,,,,,,,,,,,,,,,,,,,,,,,,,,
,,,,,,,,,,,,,,,,,,,,,,,,,,,,,,,,,,,,,,,,,,,
,,,,,,,,,,,,,,,,,,,,,,,,,,,,,,,,,,,,,,,,,,,
,,,,,,,,,,,,,,,,,,,,,,,,,,,,,,,,,,,,,,,,,,,
,,,,,,,,,,,,,,,,,,,,,,,,,,,,,,,,,,,,,,,,,,,
,,,,,,,,,,,,,,,,,,,,,,,,,,,,,,,,,,,,,,,,,,,
,,,,,,,,,,,,,,,,,,,,,,,,,,,,,,,,,,,,,,,,,,,
,,,,,,,,,,,,,,,,,,,,,,,,,,,,,,,,,,,,,,,,,,,
,,,,,,,,,,,,,,,,,,,,,,,,,,,,,,,,,,,,,,,,,,,
,,,,,,,,,,,,,,,,,,,,,,,,,,,,,,,,,,,,,,,,,,,
,,,,,,,,,,,,,,,,,,,,,,,,,,,,,,,,,,,,,,,,,,,
,,,,,,,,,,,,,,,,,,,,,,,,,,,,,,,,,,,,,,,,,,,
,,,,,,,,,,,,,,,,,,,,,,,,,,,,,,,,,,,,,,,,,,,
,,,,,,,,,,,,,,,,,,,,,,,,,,,,,,,,,,,,,,,,,,,
,,,,,,,,,,,,,,,,,,,,,,,,,,,,,,,,,,,,,,,,,,,
,,,,,,,,,,,,,,,,,,,,,,,,,,,,,,,,,,,,,,,,,,,
,,,,,,,,,,,,,,,,,,,,,,,,,,,,,,,,,,,,,,,,,,,
,,,,,,,,,,,,,,,,,,,,,,,,,,,,,,,,,,,,,,,,,,,
,,,,,,,,,,,,,,,,,,,,,,,,,,,,,,,,,,,,,,,,,,,
,,,,,,,,,,,,,,,,,,,,,,,,,,,,,,,,,,,,,,,,,,,
,,,,,,,,,,,,,,,,,,,,,,,,,,,,,,,,,,,,,,,,,,,
,,,,,,,,,,,,,,,,,,,,,,,,,,,,,,,,,,,,,,,,,,,
,,,,,,,,,,,,,,,,,,,,,,,,,,,,,,,,,,,,,,,,,,,
,,,,,,,,,,,,,,,,,,,,,,,,,,,,,,,,,,,,,,,,,,,
,,,,,,,,,,,,,,,,,,,,,,,,,,,,,,,,,,,,,,,,,,,
,,,,,,,,,,,,,,,,,,,,,,,,,,,,,,,,,,,,,,,,,,,
,,,,,,,,,,,,,,,,,,,,,,,,,,,,,,,,,,,,,,,,,,,
,,,,,,,,,,,,,,,,,,,,,,,,,,,,,,,,,,,,,,,,,,,
,,,,,,,,,,,,,,,,,,,,,,,,,,,,,,,,,,,,,,,,,,,
,,,,,,,,,,,,,,,,,,,,,,,,,,,,,,,,,,,,,,,,,,,
,,,,,,,,,,,,,,,,,,,,,,,,,,,,,,,,,,,,,,,,,,,
,,,,,,,,,,,,,,,,,,,,,,,,,,,,,,,,,,,,,,,,,,,
,,,,,,,,,,,,,,,,,,,,,,,,,,,,,,,,,,,,,,,,,,,
,,,,,,,,,,,,,,,,,,,,,,,,,,,,,,,,,,,,,,,,,,,
,,,,,,,,,,,,,,,,,,,,,,,,,,,,,,,,,,,,,,,,,,,
,,,,,,,,,,,,,,,,,,,,,,,,,,,,,,,,,,,,,,,,,,,
,,,,,,,,,,,,,,,,,,,,,,,,,,,,,,,,,,,,,,,,,,,
,,,,,,,,,,,,,,,,,,,,,,,,,,,,,,,,,,,,,,,,,,,
,,,,,,,,,,,,,,,,,,,,,,,,,,,,,,,,,,,,,,,,,,,
,,,,,,,,,,,,,,,,,,,,,,,,,,,,,,,,,,,,,,,,,,,
,,,,,,,,,,,,,,,,,,,,,,,,,,,,,,,,,,,,,,,,,,,
,,,,,,,,,,,,,,,,,,,,,,,,,,,,,,,,,,,,,,,,,,,
,,,,,,,,,,,,,,,,,,,,,,,,,,,,,,,,,,,,,,,,,,,
,,,,,,,,,,,,,,,,,,,,,,,,,,,,,,,,,,,,,,,,,,,
,,,,,,,,,,,,,,,,,,,,,,,,,,,,,,,,,,,,,,,,,,,
,,,,,,,,,,,,,,,,,,,,,,,,,,,,,,,,,,,,,,,,,,,
,,,,,,,,,,,,,,,,,,,,,,,,,,,,,,,,,,,,,,,,,,,
,,,,,,,,,,,,,,,,,,,,,,,,,,,,,,,,,,,,,,,,,,,
,,,,,,,,,,,,,,,,,,,,,,,,,,,,,,,,,,,,,,,,,,,
,,,,,,,,,,,,,,,,,,,,,,,,,,,,,,,,,,,,,,,,,,,
,,,,,,,,,,,,,,,,,,,,,,,,,,,,,,,,,,,,,,,,,,,
,,,,,,,,,,,,,,,,,,,,,,,,,,,,,,,,,,,,,,,,,,,
,,,,,,,,,,,,,,,,,,,,,,,,,,,,,,,,,,,,,,,,,,,
,,,,,,,,,,,,,,,,,,,,,,,,,,,,,,,,,,,,,,,,,,,
,,,,,,,,,,,,,,,,,,,,,,,,,,,,,,,,,,,,,,,,,,,
,,,,,,,,,,,,,,,,,,,,,,,,,,,,,,,,,,,,,,,,,,,
,,,,,,,,,,,,,,,,,,,,,,,,,,,,,,,,,,,,,,,,,,,
,,,,,,,,,,,,,,,,,,,,,,,,,,,,,,,,,,,,,,,,,,,
,,,,,,,,,,,,,,,,,,,,,,,,,,,,,,,,,,,,,,,,,,,
,,,,,,,,,,,,,,,,,,,,,,,,,,,,,,,,,,,,,,,,,,,
,,,,,,,,,,,,,,,,,,,,,,,,,,,,,,,,,,,,,,,,,,,
,,,,,,,,,,,,,,,,,,,,,,,,,,,,,,,,,,,,,,,,,,,
,,,,,,,,,,,,,,,,,,,,,,,,,,,,,,,,,,,,,,,,,,,
,,,,,,,,,,,,,,,,,,,,,,,,,,,,,,,,,,,,,,,,,,,
,,,,,,,,,,,,,,,,,,,,,,,,,,,,,,,,,,,,,,,,,,,
,,,,,,,,,,,,,,,,,,,,,,,,,,,,,,,,,,,,,,,,,,,
,,,,,,,,,,,,,,,,,,,,,,,,,,,,,,,,,,,,,,,,,,,
,,,,,,,,,,,,,,,,,,,,,,,,,,,,,,,,,,,,,,,,,,,
,,,,,,,,,,,,,,,,,,,,,,,,,,,,,,,,,,,,,,,,,,,
,,,,,,,,,,,,,,,,,,,,,,,,,,,,,,,,,,,,,,,,,,,
,,,,,,,,,,,,,,,,,,,,,,,,,,,,,,,,,,,,,,,,,,,
,,,,,,,,,,,,,,,,,,,,,,,,,,,,,,,,,,,,,,,,,,,
,,,,,,,,,,,,,,,,,,,,,,,,,,,,,,,,,,,,,,,,,,,
,,,,,,,,,,,,,,,,,,,,,,,,,,,,,,,,,,,,,,,,,,,
,,,,,,,,,,,,,,,,,,,,,,,,,,,,,,,,,,,,,,,,,,,
,,,,,,,,,,,,,,,,,,,,,,,,,,,,,,,,,,,,,,,,,,,
,,,,,,,,,,,,,,,,,,,,,,,,,,,,,,,,,,,,,,,,,,,
,,,,,,,,,,,,,,,,,,,,,,,,,,,,,,,,,,,,,,,,,,,
,,,,,,,,,,,,,,,,,,,,,,,,,,,,,,,,,,,,,,,,,,,
,,,,,,,,,,,,,,,,,,,,,,,,,,,,,,,,,,,,,,,,,,,
,,,,,,,,,,,,,,,,,,,,,,,,,,,,,,,,,,,,,,,,,,,
,,,,,,,,,,,,,,,,,,,,,,,,,,,,,,,,,,,,,,,,,,,
,,,,,,,,,,,,,,,,,,,,,,,,,,,,,,,,,,,,,,,,,,,
,,,,,,,,,,,,,,,,,,,,,,,,,,,,,,,,,,,,,,,,,,,
,,,,,,,,,,,,,,,,,,,,,,,,,,,,,,,,,,,,,,,,,,,
,,,,,,,,,,,,,,,,,,,,,,,,,,,,,,,,,,,,,,,,,,,
,,,,,,,,,,,,,,,,,,,,,,,,,,,,,,,,,,,,,,,,,,,
,,,,,,,,,,,,,,,,,,,,,,,,,,,,,,,,,,,,,,,,,,,
,,,,,,,,,,,,,,,,,,,,,,,,,,,,,,,,,,,,,,,,,,,
,,,,,,,,,,,,,,,,,,,,,,,,,,,,,,,,,,,,,,,,,,,
,,,,,,,,,,,,,,,,,,,,,,,,,,,,,,,,,,,,,,,,,,,
,,,,,,,,,,,,,,,,,,,,,,,,,,,,,,,,,,,,,,,,,,,
,,,,,,,,,,,,,,,,,,,,,,,,,,,,,,,,,,,,,,,,,,,
,,,,,,,,,,,,,,,,,,,,,,,,,,,,,,,,,,,,,,,,,,,
,,,,,,,,,,,,,,,,,,,,,,,,,,,,,,,,,,,,,,,,,,,
,,,,,,,,,,,,,,,,,,,,,,,,,,,,,,,,,,,,,,,,,,,
,,,,,,,,,,,,,,,,,,,,,,,,,,,,,,,,,,,,,,,,,,,
,,,,,,,,,,,,,,,,,,,,,,,,,,,,,,,,,,,,,,,,,,,
,,,,,,,,,,,,,,,,,,,,,,,,,,,,,,,,,,,,,,,,,,,
,,,,,,,,,,,,,,,,,,,,,,,,,,,,,,,,,,,,,,,,,,,
,,,,,,,,,,,,,,,,,,,,,,,,,,,,,,,,,,,,,,,,,,,
,,,,,,,,,,,,,,,,,,,,,,,,,,,,,,,,,,,,,,,,,,,
,,,,,,,,,,,,,,,,,,,,,,,,,,,,,,,,,,,,,,,,,,,
,,,,,,,,,,,,,,,,,,,,,,,,,,,,,,,,,,,,,,,,,,,
,,,,,,,,,,,,,,,,,,,,,,,,,,,,,,,,,,,,,,,,,,,
,,,,,,,,,,,,,,,,,,,,,,,,,,,,,,,,,,,,,,,,,,,
,,,,,,,,,,,,,,,,,,,,,,,,,,,,,,,,,,,,,,,,,,,
,,,,,,,,,,,,,,,,,,,,,,,,,,,,,,,,,,,,,,,,,,,
,,,,,,,,,,,,,,,,,,,,,,,,,,,,,,,,,,,,,,,,,,,
,,,,,,,,,,,,,,,,,,,,,,,,,,,,,,,,,,,,,,,,,,,
,,,,,,,,,,,,,,,,,,,,,,,,,,,,,,,,,,,,,,,,,,,
,,,,,,,,,,,,,,,,,,,,,,,,,,,,,,,,,,,,,,,,,,,
,,,,,,,,,,,,,,,,,,,,,,,,,,,,,,,,,,,,,,,,,,,
,,,,,,,,,,,,,,,,,,,,,,,,,,,,,,,,,,,,,,,,,,,
,,,,,,,,,,,,,,,,,,,,,,,,,,,,,,,,,,,,,,,,,,,
,,,,,,,,,,,,,,,,,,,,,,,,,,,,,,,,,,,,,,,,,,,
,,,,,,,,,,,,,,,,,,,,,,,,,,,,,,,,,,,,,,,,,,,
,,,,,,,,,,,,,,,,,,,,,,,,,,,,,,,,,,,,,,,,,,,
,,,,,,,,,,,,,,,,,,,,,,,,,,,,,,,,,,,,,,,,,,,
,,,,,,,,,,,,,,,,,,,,,,,,,,,,,,,,,,,,,,,,,,,
,,,,,,,,,,,,,,,,,,,,,,,,,,,,,,,,,,,,,,,,,,,
,,,,,,,,,,,,,,,,,,,,,,,,,,,,,,,,,,,,,,,,,,,
,,,,,,,,,,,,,,,,,,,,,,,,,,,,,,,,,,,,,,,,,,,
,,,,,,,,,,,,,,,,,,,,,,,,,,,,,,,,,,,,,,,,,,,
,,,,,,,,,,,,,,,,,,,,,,,,,,,,,,,,,,,,,,,,,,,
,,,,,,,,,,,,,,,,,,,,,,,,,,,,,,,,,,,,,,,,,,,
,,,,,,,,,,,,,,,,,,,,,,,,,,,,,,,,,,,,,,,,,,,
,,,,,,,,,,,,,,,,,,,,,,,,,,,,,,,,,,,,,,,,,,,
,,,,,,,,,,,,,,,,,,,,,,,,,,,,,,,,,,,,,,,,,,,
,,,,,,,,,,,,,,,,,,,,,,,,,,,,,,,,,,,,,,,,,,,
,,,,,,,,,,,,,,,,,,,,,,,,,,,,,,,,,,,,,,,,,,,
,,,,,,,,,,,,,,,,,,,,,,,,,,,,,,,,,,,,,,,,,,,
,,,,,,,,,,,,,,,,,,,,,,,,,,,,,,,,,,,,,,,,,,,
,,,,,,,,,,,,,,,,,,,,,,,,,,,,,,,,,,,,,,,,,,,
,,,,,,,,,,,,,,,,,,,,,,,,,,,,,,,,,,,,,,,,,,,
,,,,,,,,,,,,,,,,,,,,,,,,,,,,,,,,,,,,,,,,,,,
,,,,,,,,,,,,,,,,,,,,,,,,,,,,,,,,,,,,,,,,,,,
,,,,,,,,,,,,,,,,,,,,,,,,,,,,,,,,,,,,,,,,,,,
,,,,,,,,,,,,,,,,,,,,,,,,,,,,,,,,,,,,,,,,,,,
,,,,,,,,,,,,,,,,,,,,,,,,,,,,,,,,,,,,,,,,,,,
,,,,,,,,,,,,,,,,,,,,,,,,,,,,,,,,,,,,,,,,,,,
,,,,,,,,,,,,,,,,,,,,,,,,,,,,,,,,,,,,,,,,,,,
,,,,,,,,,,,,,,,,,,,,,,,,,,,,,,,,,,,,,,,,,,,
,,,,,,,,,,,,,,,,,,,,,,,,,,,,,,,,,,,,,,,,,,,
,,,,,,,,,,,,,,,,,,,,,,,,,,,,,,,,,,,,,,,,,,,
,,,,,,,,,,,,,,,,,,,,,,,,,,,,,,,,,,,,,,,,,,,
,,,,,,,,,,,,,,,,,,,,,,,,,,,,,,,,,,,,,,,,,,,
,,,,,,,,,,,,,,,,,,,,,,,,,,,,,,,,,,,,,,,,,,,
,,,,,,,,,,,,,,,,,,,,,,,,,,,,,,,,,,,,,,,,,,,
,,,,,,,,,,,,,,,,,,,,,,,,,,,,,,,,,,,,,,,,,,,
,,,,,,,,,,,,,,,,,,,,,,,,,,,,,,,,,,,,,,,,,,,
,,,,,,,,,,,,,,,,,,,,,,,,,,,,,,,,,,,,,,,,,,,
,,,,,,,,,,,,,,,,,,,,,,,,,,,,,,,,,,,,,,,,,,,
,,,,,,,,,,,,,,,,,,,,,,,,,,,,,,,,,,,,,,,,,,,
,,,,,,,,,,,,,,,,,,,,,,,,,,,,,,,,,,,,,,,,,,,
,,,,,,,,,,,,,,,,,,,,,,,,,,,,,,,,,,,,,,,,,,,
,,,,,,,,,,,,,,,,,,,,,,,,,,,,,,,,,,,,,,,,,,,
,,,,,,,,,,,,,,,,,,,,,,,,,,,,,,,,,,,,,,,,,,,
,,,,,,,,,,,,,,,,,,,,,,,,,,,,,,,,,,,,,,,,,,,
,,,,,,,,,,,,,,,,,,,,,,,,,,,,,,,,,,,,,,,,,,,
,,,,,,,,,,,,,,,,,,,,,,,,,,,,,,,,,,,,,,,,,,,
,,,,,,,,,,,,,,,,,,,,,,,,,,,,,,,,,,,,,,,,,,,
,,,,,,,,,,,,,,,,,,,,,,,,,,,,,,,,,,,,,,,,,,,
,,,,,,,,,,,,,,,,,,,,,,,,,,,,,,,,,,,,,,,,,,,
,,,,,,,,,,,,,,,,,,,,,,,,,,,,,,,,,,,,,,,,,,,
,,,,,,,,,,,,,,,,,,,,,,,,,,,,,,,,,,,,,,,,,,,
,,,,,,,,,,,,,,,,,,,,,,,,,,,,,,,,,,,,,,,,,,,
,,,,,,,,,,,,,,,,,,,,,,,,,,,,,,,,,,,,,,,,,,,
,,,,,,,,,,,,,,,,,,,,,,,,,,,,,,,,,,,,,,,,,,,
,,,,,,,,,,,,,,,,,,,,,,,,,,,,,,,,,,,,,,,,,,,
,,,,,,,,,,,,,,,,,,,,,,,,,,,,,,,,,,,,,,,,,,,
,,,,,,,,,,,,,,,,,,,,,,,,,,,,,,,,,,,,,,,,,,,
,,,,,,,,,,,,,,,,,,,,,,,,,,,,,,,,,,,,,,,,,,,
,,,,,,,,,,,,,,,,,,,,,,,,,,,,,,,,,,,,,,,,,,,
,,,,,,,,,,,,,,,,,,,,,,,,,,,,,,,,,,,,,,,,,,,
,,,,,,,,,,,,,,,,,,,,,,,,,,,,,,,,,,,,,,,,,,,
,,,,,,,,,,,,,,,,,,,,,,,,,,,,,,,,,,,,,,,,,,,
,,,,,,,,,,,,,,,,,,,,,,,,,,,,,,,,,,,,,,,,,,,
,,,,,,,,,,,,,,,,,,,,,,,,,,,,,,,,,,,,,,,,,,,
,,,,,,,,,,,,,,,,,,,,,,,,,,,,,,,,,,,,,,,,,,,
,,,,,,,,,,,,,,,,,,,,,,,,,,,,,,,,,,,,,,,,,,,
,,,,,,,,,,,,,,,,,,,,,,,,,,,,,,,,,,,,,,,,,,,
,,,,,,,,,,,,,,,,,,,,,,,,,,,,,,,,,,,,,,,,,,,
,,,,,,,,,,,,,,,,,,,,,,,,,,,,,,,,,,,,,,,,,,,
,,,,,,,,,,,,,,,,,,,,,,,,,,,,,,,,,,,,,,,,,,,
,,,,,,,,,,,,,,,,,,,,,,,,,,,,,,,,,,,,,,,,,,,
,,,,,,,,,,,,,,,,,,,,,,,,,,,,,,,,,,,,,,,,,,,
,,,,,,,,,,,,,,,,,,,,,,,,,,,,,,,,,,,,,,,,,,,
,,,,,,,,,,,,,,,,,,,,,,,,,,,,,,,,,,,,,,,,,,,
,,,,,,,,,,,,,,,,,,,,,,,,,,,,,,,,,,,,,,,,,,,
,,,,,,,,,,,,,,,,,,,,,,,,,,,,,,,,,,,,,,,,,,,
,,,,,,,,,,,,,,,,,,,,,,,,,,,,,,,,,,,,,,,,,,,
,,,,,,,,,,,,,,,,,,,,,,,,,,,,,,,,,,,,,,,,,,,
,,,,,,,,,,,,,,,,,,,,,,,,,,,,,,,,,,,,,,,,,,,
,,,,,,,,,,,,,,,,,,,,,,,,,,,,,,,,,,,,,,,,,,,
,,,,,,,,,,,,,,,,,,,,,,,,,,,,,,,,,,,,,,,,,,,
,,,,,,,,,,,,,,,,,,,,,,,,,,,,,,,,,,,,,,,,,,,
,,,,,,,,,,,,,,,,,,,,,,,,,,,,,,,,,,,,,,,,,,,
,,,,,,,,,,,,,,,,,,,,,,,,,,,,,,,,,,,,,,,,,,,
,,,,,,,,,,,,,,,,,,,,,,,,,,,,,,,,,,,,,,,,,,,
,,,,,,,,,,,,,,,,,,,,,,,,,,,,,,,,,,,,,,,,,,,
,,,,,,,,,,,,,,,,,,,,,,,,,,,,,,,,,,,,,,,,,,,
,,,,,,,,,,,,,,,,,,,,,,,,,,,,,,,,,,,,,,,,,,,
,,,,,,,,,,,,,,,,,,,,,,,,,,,,,,,,,,,,,,,,,,,
,,,,,,,,,,,,,,,,,,,,,,,,,,,,,,,,,,,,,,,,,,,
,,,,,,,,,,,,,,,,,,,,,,,,,,,,,,,,,,,,,,,,,,,
,,,,,,,,,,,,,,,,,,,,,,,,,,,,,,,,,,,,,,,,,,,
,,,,,,,,,,,,,,,,,,,,,,,,,,,,,,,,,,,,,,,,,,,
,,,,,,,,,,,,,,,,,,,,,,,,,,,,,,,,,,,,,,,,,,,
,,,,,,,,,,,,,,,,,,,,,,,,,,,,,,,,,,,,,,,,,,,
,,,,,,,,,,,,,,,,,,,,,,,,,,,,,,,,,,,,,,,,,,,
,,,,,,,,,,,,,,,,,,,,,,,,,,,,,,,,,,,,,,,,,,,
,,,,,,,,,,,,,,,,,,,,,,,,,,,,,,,,,,,,,,,,,,,
,,,,,,,,,,,,,,,,,,,,,,,,,,,,,,,,,,,,,,,,,,,
,,,,,,,,,,,,,,,,,,,,,,,,,,,,,,,,,,,,,,,,,,,
,,,,,,,,,,,,,,,,,,,,,,,,,,,,,,,,,,,,,,,,,,,
,,,,,,,,,,,,,,,,,,,,,,,,,,,,,,,,,,,,,,,,,,,
,,,,,,,,,,,,,,,,,,,,,,,,,,,,,,,,,,,,,,,,,,,
,,,,,,,,,,,,,,,,,,,,,,,,,,,,,,,,,,,,,,,,,,,
,,,,,,,,,,,,,,,,,,,,,,,,,,,,,,,,,,,,,,,,,,,
,,,,,,,,,,,,,,,,,,,,,,,,,,,,,,,,,,,,,,,,,,,
,,,,,,,,,,,,,,,,,,,,,,,,,,,,,,,,,,,,,,,,,,,
,,,,,,,,,,,,,,,,,,,,,,,,,,,,,,,,,,,,,,,,,,,
,,,,,,,,,,,,,,,,,,,,,,,,,,,,,,,,,,,,,,,,,,,
,,,,,,,,,,,,,,,,,,,,,,,,,,,,,,,,,,,,,,,,,,,
,,,,,,,,,,,,,,,,,,,,,,,,,,,,,,,,,,,,,,,,,,,
,,,,,,,,,,,,,,,,,,,,,,,,,,,,,,,,,,,,,,,,,,,
,,,,,,,,,,,,,,,,,,,,,,,,,,,,,,,,,,,,,,,,,,,
,,,,,,,,,,,,,,,,,,,,,,,,,,,,,,,,,,,,,,,,,,,
,,,,,,,,,,,,,,,,,,,,,,,,,,,,,,,,,,,,,,,,,,,
,,,,,,,,,,,,,,,,,,,,,,,,,,,,,,,,,,,,,,,,,,,
,,,,,,,,,,,,,,,,,,,,,,,,,,,,,,,,,,,,,,,,,,,
,,,,,,,,,,,,,,,,,,,,,,,,,,,,,,,,,,,,,,,,,,,
,,,,,,,,,,,,,,,,,,,,,,,,,,,,,,,,,,,,,,,,,,,
,,,,,,,,,,,,,,,,,,,,,,,,,,,,,,,,,,,,,,,,,,,
,,,,,,,,,,,,,,,,,,,,,,,,,,,,,,,,,,,,,,,,,,,
,,,,,,,,,,,,,,,,,,,,,,,,,,,,,,,,,,,,,,,,,,,
,,,,,,,,,,,,,,,,,,,,,,,,,,,,,,,,,,,,,,,,,,,
,,,,,,,,,,,,,,,,,,,,,,,,,,,,,,,,,,,,,,,,,,,
,,,,,,,,,,,,,,,,,,,,,,,,,,,,,,,,,,,,,,,,,,,
,,,,,,,,,,,,,,,,,,,,,,,,,,,,,,,,,,,,,,,,,,,
,,,,,,,,,,,,,,,,,,,,,,,,,,,,,,,,,,,,,,,,,,,
,,,,,,,,,,,,,,,,,,,,,,,,,,,,,,,,,,,,,,,,,,,
,,,,,,,,,,,,,,,,,,,,,,,,,,,,,,,,,,,,,,,,,,,
,,,,,,,,,,,,,,,,,,,,,,,,,,,,,,,,,,,,,,,,,,,
,,,,,,,,,,,,,,,,,,,,,,,,,,,,,,,,,,,,,,,,,,,
,,,,,,,,,,,,,,,,,,,,,,,,,,,,,,,,,,,,,,,,,,,
,,,,,,,,,,,,,,,,,,,,,,,,,,,,,,,,,,,,,,,,,,,
,,,,,,,,,,,,,,,,,,,,,,,,,,,,,,,,,,,,,,,,,,,
,,,,,,,,,,,,,,,,,,,,,,,,,,,,,,,,,,,,,,,,,,,
,,,,,,,,,,,,,,,,,,,,,,,,,,,,,,,,,,,,,,,,,,,
,,,,,,,,,,,,,,,,,,,,,,,,,,,,,,,,,,,,,,,,,,,
,,,,,,,,,,,,,,,,,,,,,,,,,,,,,,,,,,,,,,,,,,,
,,,,,,,,,,,,,,,,,,,,,,,,,,,,,,,,,,,,,,,,,,,
,,,,,,,,,,,,,,,,,,,,,,,,,,,,,,,,,,,,,,,,,,,
,,,,,,,,,,,,,,,,,,,,,,,,,,,,,,,,,,,,,,,,,,,
,,,,,,,,,,,,,,,,,,,,,,,,,,,,,,,,,,,,,,,,,,,
,,,,,,,,,,,,,,,,,,,,,,,,,,,,,,,,,,,,,,,,,,,
,,,,,,,,,,,,,,,,,,,,,,,,,,,,,,,,,,,,,,,,,,,
,,,,,,,,,,,,,,,,,,,,,,,,,,,,,,,,,,,,,,,,,,,
,,,,,,,,,,,,,,,,,,,,,,,,,,,,,,,,,,,,,,,,,,,
,,,,,,,,,,,,,,,,,,,,,,,,,,,,,,,,,,,,,,,,,,,
,,,,,,,,,,,,,,,,,,,,,,,,,,,,,,,,,,,,,,,,,,,
,,,,,,,,,,,,,,,,,,,,,,,,,,,,,,,,,,,,,,,,,,,
,,,,,,,,,,,,,,,,,,,,,,,,,,,,,,,,,,,,,,,,,,,
,,,,,,,,,,,,,,,,,,,,,,,,,,,,,,,,,,,,,,,,,,,
,,,,,,,,,,,,,,,,,,,,,,,,,,,,,,,,,,,,,,,,,,,
,,,,,,,,,,,,,,,,,,,,,,,,,,,,,,,,,,,,,,,,,,,
,,,,,,,,,,,,,,,,,,,,,,,,,,,,,,,,,,,,,,,,,,,
,,,,,,,,,,,,,,,,,,,,,,,,,,,,,,,,,,,,,,,,,,,
,,,,,,,,,,,,,,,,,,,,,,,,,,,,,,,,,,,,,,,,,,,
,,,,,,,,,,,,,,,,,,,,,,,,,,,,,,,,,,,,,,,,,,,
,,,,,,,,,,,,,,,,,,,,,,,,,,,,,,,,,,,,,,,,,,,
,,,,,,,,,,,,,,,,,,,,,,,,,,,,,,,,,,,,,,,,,,,
,,,,,,,,,,,,,,,,,,,,,,,,,,,,,,,,,,,,,,,,,,,
,,,,,,,,,,,,,,,,,,,,,,,,,,,,,,,,,,,,,,,,,,,
,,,,,,,,,,,,,,,,,,,,,,,,,,,,,,,,,,,,,,,,,,,
,,,,,,,,,,,,,,,,,,,,,,,,,,,,,,,,,,,,,,,,,,,
,,,,,,,,,,,,,,,,,,,,,,,,,,,,,,,,,,,,,,,,,,,
,,,,,,,,,,,,,,,,,,,,,,,,,,,,,,,,,,,,,,,,,,,
,,,,,,,,,,,,,,,,,,,,,,,,,,,,,,,,,,,,,,,,,,,
,,,,,,,,,,,,,,,,,,,,,,,,,,,,,,,,,,,,,,,,,,,
,,,,,,,,,,,,,,,,,,,,,,,,,,,,,,,,,,,,,,,,,,,
,,,,,,,,,,,,,,,,,,,,,,,,,,,,,,,,,,,,,,,,,,,
,,,,,,,,,,,,,,,,,,,,,,,,,,,,,,,,,,,,,,,,,,,
,,,,,,,,,,,,,,,,,,,,,,,,,,,,,,,,,,,,,,,,,,,
,,,,,,,,,,,,,,,,,,,,,,,,,,,,,,,,,,,,,,,,,,,
,,,,,,,,,,,,,,,,,,,,,,,,,,,,,,,,,,,,,,,,,,,
,,,,,,,,,,,,,,,,,,,,,,,,,,,,,,,,,,,,,,,,,,,
,,,,,,,,,,,,,,,,,,,,,,,,,,,,,,,,,,,,,,,,,,,
,,,,,,,,,,,,,,,,,,,,,,,,,,,,,,,,,,,,,,,,,,,
,,,,,,,,,,,,,,,,,,,,,,,,,,,,,,,,,,,,,,,,,,,
,,,,,,,,,,,,,,,,,,,,,,,,,,,,,,,,,,,,,,,,,,,
,,,,,,,,,,,,,,,,,,,,,,,,,,,,,,,,,,,,,,,,,,,
,,,,,,,,,,,,,,,,,,,,,,,,,,,,,,,,,,,,,,,,,,,
,,,,,,,,,,,,,,,,,,,,,,,,,,,,,,,,,,,,,,,,,,,
,,,,,,,,,,,,,,,,,,,,,,,,,,,,,,,,,,,,,,,,,,,
,,,,,,,,,,,,,,,,,,,,,,,,,,,,,,,,,,,,,,,,,,,
,,,,,,,,,,,,,,,,,,,,,,,,,,,,,,,,,,,,,,,,,,,
,,,,,,,,,,,,,,,,,,,,,,,,,,,,,,,,,,,,,,,,,,,
,,,,,,,,,,,,,,,,,,,,,,,,,,,,,,,,,,,,,,,,,,,
,,,,,,,,,,,,,,,,,,,,,,,,,,,,,,,,,,,,,,,,,,,
,,,,,,,,,,,,,,,,,,,,,,,,,,,,,,,,,,,,,,,,,,,
,,,,,,,,,,,,,,,,,,,,,,,,,,,,,,,,,,,,,,,,,,,
,,,,,,,,,,,,,,,,,,,,,,,,,,,,,,,,,,,,,,,,,,,
,,,,,,,,,,,,,,,,,,,,,,,,,,,,,,,,,,,,,,,,,,,
,,,,,,,,,,,,,,,,,,,,,,,,,,,,,,,,,,,,,,,,,,,
,,,,,,,,,,,,,,,,,,,,,,,,,,,,,,,,,,,,,,,,,,,
,,,,,,,,,,,,,,,,,,,,,,,,,,,,,,,,,,,,,,,,,,,
,,,,,,,,,,,,,,,,,,,,,,,,,,,,,,,,,,,,,,,,,,,
,,,,,,,,,,,,,,,,,,,,,,,,,,,,,,,,,,,,,,,,,,,
,,,,,,,,,,,,,,,,,,,,,,,,,,,,,,,,,,,,,,,,,,,
,,,,,,,,,,,,,,,,,,,,,,,,,,,,,,,,,,,,,,,,,,,
,,,,,,,,,,,,,,,,,,,,,,,,,,,,,,,,,,,,,,,,,,,
,,,,,,,,,,,,,,,,,,,,,,,,,,,,,,,,,,,,,,,,,,,
,,,,,,,,,,,,,,,,,,,,,,,,,,,,,,,,,,,,,,,,,,,
,,,,,,,,,,,,,,,,,,,,,,,,,,,,,,,,,,,,,,,,,,,
,,,,,,,,,,,,,,,,,,,,,,,,,,,,,,,,,,,,,,,,,,,
,,,,,,,,,,,,,,,,,,,,,,,,,,,,,,,,,,,,,,,,,,,
,,,,,,,,,,,,,,,,,,,,,,,,,,,,,,,,,,,,,,,,,,,
,,,,,,,,,,,,,,,,,,,,,,,,,,,,,,,,,,,,,,,,,,,
,,,,,,,,,,,,,,,,,,,,,,,,,,,,,,,,,,,,,,,,,,,
,,,,,,,,,,,,,,,,,,,,,,,,,,,,,,,,,,,,,,,,,,,
,,,,,,,,,,,,,,,,,,,,,,,,,,,,,,,,,,,,,,,,,,,
,,,,,,,,,,,,,,,,,,,,,,,,,,,,,,,,,,,,,,,,,,,
,,,,,,,,,,,,,,,,,,,,,,,,,,,,,,,,,,,,,,,,,,,
,,,,,,,,,,,,,,,,,,,,,,,,,,,,,,,,,,,,,,,,,,,
,,,,,,,,,,,,,,,,,,,,,,,,,,,,,,,,,,,,,,,,,,,
,,,,,,,,,,,,,,,,,,,,,,,,,,,,,,,,,,,,,,,,,,,
,,,,,,,,,,,,,,,,,,,,,,,,,,,,,,,,,,,,,,,,,,,
,,,,,,,,,,,,,,,,,,,,,,,,,,,,,,,,,,,,,,,,,,,
,,,,,,,,,,,,,,,,,,,,,,,,,,,,,,,,,,,,,,,,,,,
,,,,,,,,,,,,,,,,,,,,,,,,,,,,,,,,,,,,,,,,,,,
,,,,,,,,,,,,,,,,,,,,,,,,,,,,,,,,,,,,,,,,,,,
,,,,,,,,,,,,,,,,,,,,,,,,,,,,,,,,,,,,,,,,,,,
,,,,,,,,,,,,,,,,,,,,,,,,,,,,,,,,,,,,,,,,,,,
,,,,,,,,,,,,,,,,,,,,,,,,,,,,,,,,,,,,,,,,,,,
,,,,,,,,,,,,,,,,,,,,,,,,,,,,,,,,,,,,,,,,,,,
,,,,,,,,,,,,,,,,,,,,,,,,,,,,,,,,,,,,,,,,,,,
,,,,,,,,,,,,,,,,,,,,,,,,,,,,,,,,,,,,,,,,,,,
,,,,,,,,,,,,,,,,,,,,,,,,,,,,,,,,,,,,,,,,,,,
,,,,,,,,,,,,,,,,,,,,,,,,,,,,,,,,,,,,,,,,,,,
,,,,,,,,,,,,,,,,,,,,,,,,,,,,,,,,,,,,,,,,,,,
,,,,,,,,,,,,,,,,,,,,,,,,,,,,,,,,,,,,,,,,,,,
,,,,,,,,,,,,,,,,,,,,,,,,,,,,,,,,,,,,,,,,,,,
,,,,,,,,,,,,,,,,,,,,,,,,,,,,,,,,,,,,,,,,,,,
,,,,,,,,,,,,,,,,,,,,,,,,,,,,,,,,,,,,,,,,,,,
,,,,,,,,,,,,,,,,,,,,,,,,,,,,,,,,,,,,,,,,,,,
,,,,,,,,,,,,,,,,,,,,,,,,,,,,,,,,,,,,,,,,,,,
,,,,,,,,,,,,,,,,,,,,,,,,,,,,,,,,,,,,,,,,,,,
,,,,,,,,,,,,,,,,,,,,,,,,,,,,,,,,,,,,,,,,,,,
,,,,,,,,,,,,,,,,,,,,,,,,,,,,,,,,,,,,,,,,,,,
,,,,,,,,,,,,,,,,,,,,,,,,,,,,,,,,,,,,,,,,,,,
,,,,,,,,,,,,,,,,,,,,,,,,,,,,,,,,,,,,,,,,,,,
,,,,,,,,,,,,,,,,,,,,,,,,,,,,,,,,,,,,,,,,,,,
,,,,,,,,,,,,,,,,,,,,,,,,,,,,,,,,,,,,,,,,,,,
,,,,,,,,,,,,,,,,,,,,,,,,,,,,,,,,,,,,,,,,,,,
,,,,,,,,,,,,,,,,,,,,,,,,,,,,,,,,,,,,,,,,,,,
,,,,,,,,,,,,,,,,,,,,,,,,,,,,,,,,,,,,,,,,,,,
,,,,,,,,,,,,,,,,,,,,,,,,,,,,,,,,,,,,,,,,,,,
,,,,,,,,,,,,,,,,,,,,,,,,,,,,,,,,,,,,,,,,,,,
,,,,,,,,,,,,,,,,,,,,,,,,,,,,,,,,,,,,,,,,,,,
,,,,,,,,,,,,,,,,,,,,,,,,,,,,,,,,,,,,,,,,,,,
,,,,,,,,,,,,,,,,,,,,,,,,,,,,,,,,,,,,,,,,,,,
,,,,,,,,,,,,,,,,,,,,,,,,,,,,,,,,,,,,,,,,,,,
,,,,,,,,,,,,,,,,,,,,,,,,,,,,,,,,,,,,,,,,,,,
,,,,,,,,,,,,,,,,,,,,,,,,,,,,,,,,,,,,,,,,,,,
,,,,,,,,,,,,,,,,,,,,,,,,,,,,,,,,,,,,,,,,,,,
,,,,,,,,,,,,,,,,,,,,,,,,,,,,,,,,,,,,,,,,,,,
,,,,,,,,,,,,,,,,,,,,,,,,,,,,,,,,,,,,,,,,,,,
,,,,,,,,,,,,,,,,,,,,,,,,,,,,,,,,,,,,,,,,,,,
,,,,,,,,,,,,,,,,,,,,,,,,,,,,,,,,,,,,,,,,,,,
,,,,,,,,,,,,,,,,,,,,,,,,,,,,,,,,,,,,,,,,,,,
,,,,,,,,,,,,,,,,,,,,,,,,,,,,,,,,,,,,,,,,,,,
,,,,,,,,,,,,,,,,,,,,,,,,,,,,,,,,,,,,,,,,,,,
,,,,,,,,,,,,,,,,,,,,,,,,,,,,,,,,,,,,,,,,,,,
,,,,,,,,,,,,,,,,,,,,,,,,,,,,,,,,,,,,,,,,,,,
,,,,,,,,,,,,,,,,,,,,,,,,,,,,,,,,,,,,,,,,,,,
,,,,,,,,,,,,,,,,,,,,,,,,,,,,,,,,,,,,,,,,,,,
,,,,,,,,,,,,,,,,,,,,,,,,,,,,,,,,,,,,,,,,,,,
,,,,,,,,,,,,,,,,,,,,,,,,,,,,,,,,,,,,,,,,,,,
,,,,,,,,,,,,,,,,,,,,,,,,,,,,,,,,,,,,,,,,,,,
,,,,,,,,,,,,,,,,,,,,,,,,,,,,,,,,,,,,,,,,,,,
,,,,,,,,,,,,,,,,,,,,,,,,,,,,,,,,,,,,,,,,,,,
,,,,,,,,,,,,,,,,,,,,,,,,,,,,,,,,,,,,,,,,,,,
,,,,,,,,,,,,,,,,,,,,,,,,,,,,,,,,,,,,,,,,,,,
,,,,,,,,,,,,,,,,,,,,,,,,,,,,,,,,,,,,,,,,,,,
,,,,,,,,,,,,,,,,,,,,,,,,,,,,,,,,,,,,,,,,,,,
,,,,,,,,,,,,,,,,,,,,,,,,,,,,,,,,,,,,,,,,,,,
,,,,,,,,,,,,,,,,,,,,,,,,,,,,,,,,,,,,,,,,,,,
,,,,,,,,,,,,,,,,,,,,,,,,,,,,,,,,,,,,,,,,,,,
,,,,,,,,,,,,,,,,,,,,,,,,,,,,,,,,,,,,,,,,,,,
,,,,,,,,,,,,,,,,,,,,,,,,,,,,,,,,,,,,,,,,,,,
,,,,,,,,,,,,,,,,,,,,,,,,,,,,,,,,,,,,,,,,,,,
,,,,,,,,,,,,,,,,,,,,,,,,,,,,,,,,,,,,,,,,,,,
,,,,,,,,,,,,,,,,,,,,,,,,,,,,,,,,,,,,,,,,,,,
,,,,,,,,,,,,,,,,,,,,,,,,,,,,,,,,,,,,,,,,,,,
,,,,,,,,,,,,,,,,,,,,,,,,,,,,,,,,,,,,,,,,,,,
,,,,,,,,,,,,,,,,,,,,,,,,,,,,,,,,,,,,,,,,,,,
,,,,,,,,,,,,,,,,,,,,,,,,,,,,,,,,,,,,,,,,,,,
,,,,,,,,,,,,,,,,,,,,,,,,,,,,,,,,,,,,,,,,,,,
,,,,,,,,,,,,,,,,,,,,,,,,,,,,,,,,,,,,,,,,,,,
,,,,,,,,,,,,,,,,,,,,,,,,,,,,,,,,,,,,,,,,,,,
,,,,,,,,,,,,,,,,,,,,,,,,,,,,,,,,,,,,,,,,,,,
,,,,,,,,,,,,,,,,,,,,,,,,,,,,,,,,,,,,,,,,,,,
,,,,,,,,,,,,,,,,,,,,,,,,,,,,,,,,,,,,,,,,,,,
,,,,,,,,,,,,,,,,,,,,,,,,,,,,,,,,,,,,,,,,,,,
,,,,,,,,,,,,,,,,,,,,,,,,,,,,,,,,,,,,,,,,,,,
,,,,,,,,,,,,,,,,,,,,,,,,,,,,,,,,,,,,,,,,,,,
,,,,,,,,,,,,,,,,,,,,,,,,,,,,,,,,,,,,,,,,,,,
,,,,,,,,,,,,,,,,,,,,,,,,,,,,,,,,,,,,,,,,,,,
,,,,,,,,,,,,,,,,,,,,,,,,,,,,,,,,,,,,,,,,,,,
,,,,,,,,,,,,,,,,,,,,,,,,,,,,,,,,,,,,,,,,,,,
,,,,,,,,,,,,,,,,,,,,,,,,,,,,,,,,,,,,,,,,,,,
,,,,,,,,,,,,,,,,,,,,,,,,,,,,,,,,,,,,,,,,,,,
,,,,,,,,,,,,,,,,,,,,,,,,,,,,,,,,,,,,,,,,,,,
,,,,,,,,,,,,,,,,,,,,,,,,,,,,,,,,,,,,,,,,,,,
,,,,,,,,,,,,,,,,,,,,,,,,,,,,,,,,,,,,,,,,,,,
,,,,,,,,,,,,,,,,,,,,,,,,,,,,,,,,,,,,,,,,,,,
,,,,,,,,,,,,,,,,,,,,,,,,,,,,,,,,,,,,,,,,,,,
,,,,,,,,,,,,,,,,,,,,,,,,,,,,,,,,,,,,,,,,,,,
,,,,,,,,,,,,,,,,,,,,,,,,,,,,,,,,,,,,,,,,,,,
,,,,,,,,,,,,,,,,,,,,,,,,,,,,,,,,,,,,,,,,,,,
,,,,,,,,,,,,,,,,,,,,,,,,,,,,,,,,,,,,,,,,,,,
,,,,,,,,,,,,,,,,,,,,,,,,,,,,,,,,,,,,,,,,,,,
,,,,,,,,,,,,,,,,,,,,,,,,,,,,,,,,,,,,,,,,,,,
,,,,,,,,,,,,,,,,,,,,,,,,,,,,,,,,,,,,,,,,,,,
,,,,,,,,,,,,,,,,,,,,,,,,,,,,,,,,,,,,,,,,,,,
,,,,,,,,,,,,,,,,,,,,,,,,,,,,,,,,,,,,,,,,,,,
,,,,,,,,,,,,,,,,,,,,,,,,,,,,,,,,,,,,,,,,,,,
,,,,,,,,,,,,,,,,,,,,,,,,,,,,,,,,,,,,,,,,,,,
,,,,,,,,,,,,,,,,,,,,,,,,,,,,,,,,,,,,,,,,,,,
,,,,,,,,,,,,,,,,,,,,,,,,,,,,,,,,,,,,,,,,,,,
,,,,,,,,,,,,,,,,,,,,,,,,,,,,,,,,,,,,,,,,,,,
,,,,,,,,,,,,,,,,,,,,,,,,,,,,,,,,,,,,,,,,,,,
,,,,,,,,,,,,,,,,,,,,,,,,,,,,,,,,,,,,,,,,,,,
,,,,,,,,,,,,,,,,,,,,,,,,,,,,,,,,,,,,,,,,,,,
,,,,,,,,,,,,,,,,,,,,,,,,,,,,,,,,,,,,,,,,,,,
,,,,,,,,,,,,,,,,,,,,,,,,,,,,,,,,,,,,,,,,,,,
,,,,,,,,,,,,,,,,,,,,,,,,,,,,,,,,,,,,,,,,,,,
,,,,,,,,,,,,,,,,,,,,,,,,,,,,,,,,,,,,,,,,,,,
,,,,,,,,,,,,,,,,,,,,,,,,,,,,,,,,,,,,,,,,,,,
,,,,,,,,,,,,,,,,,,,,,,,,,,,,,,,,,,,,,,,,,,,
,,,,,,,,,,,,,,,,,,,,,,,,,,,,,,,,,,,,,,,,,,,
,,,,,,,,,,,,,,,,,,,,,,,,,,,,,,,,,,,,,,,,,,,
,,,,,,,,,,,,,,,,,,,,,,,,,,,,,,,,,,,,,,,,,,,
,,,,,,,,,,,,,,,,,,,,,,,,,,,,,,,,,,,,,,,,,,,
,,,,,,,,,,,,,,,,,,,,,,,,,,,,,,,,,,,,,,,,,,,
,,,,,,,,,,,,,,,,,,,,,,,,,,,,,,,,,,,,,,,,,,,
,,,,,,,,,,,,,,,,,,,,,,,,,,,,,,,,,,,,,,,,,,,
,,,,,,,,,,,,,,,,,,,,,,,,,,,,,,,,,,,,,,,,,,,
,,,,,,,,,,,,,,,,,,,,,,,,,,,,,,,,,,,,,,,,,,,
,,,,,,,,,,,,,,,,,,,,,,,,,,,,,,,,,,,,,,,,,,,
,,,,,,,,,,,,,,,,,,,,,,,,,,,,,,,,,,,,,,,,,,,
,,,,,,,,,,,,,,,,,,,,,,,,,,,,,,,,,,,,,,,,,,,
,,,,,,,,,,,,,,,,,,,,,,,,,,,,,,,,,,,,,,,,,,,
,,,,,,,,,,,,,,,,,,,,,,,,,,,,,,,,,,,,,,,,,,,
,,,,,,,,,,,,,,,,,,,,,,,,,,,,,,,,,,,,,,,,,,,
,,,,,,,,,,,,,,,,,,,,,,,,,,,,,,,,,,,,,,,,,,,
,,,,,,,,,,,,,,,,,,,,,,,,,,,,,,,,,,,,,,,,,,,
,,,,,,,,,,,,,,,,,,,,,,,,,,,,,,,,,,,,,,,,,,,
,,,,,,,,,,,,,,,,,,,,,,,,,,,,,,,,,,,,,,,,,,,
,,,,,,,,,,,,,,,,,,,,,,,,,,,,,,,,,,,,,,,,,,,
,,,,,,,,,,,,,,,,,,,,,,,,,,,,,,,,,,,,,,,,,,,
,,,,,,,,,,,,,,,,,,,,,,,,,,,,,,,,,,,,,,,,,,,
,,,,,,,,,,,,,,,,,,,,,,,,,,,,,,,,,,,,,,,,,,,
,,,,,,,,,,,,,,,,,,,,,,,,,,,,,,,,,,,,,,,,,,,
,,,,,,,,,,,,,,,,,,,,,,,,,,,,,,,,,,,,,,,,,,,
,,,,,,,,,,,,,,,,,,,,,,,,,,,,,,,,,,,,,,,,,,,
,,,,,,,,,,,,,,,,,,,,,,,,,,,,,,,,,,,,,,,,,,,
,,,,,,,,,,,,,,,,,,,,,,,,,,,,,,,,,,,,,,,,,,,
,,,,,,,,,,,,,,,,,,,,,,,,,,,,,,,,,,,,,,,,,,,
,,,,,,,,,,,,,,,,,,,,,,,,,,,,,,,,,,,,,,,,,,,
,,,,,,,,,,,,,,,,,,,,,,,,,,,,,,,,,,,,,,,,,,,
,,,,,,,,,,,,,,,,,,,,,,,,,,,,,,,,,,,,,,,,,,,
,,,,,,,,,,,,,,,,,,,,,,,,,,,,,,,,,,,,,,,,,,,
,,,,,,,,,,,,,,,,,,,,,,,,,,,,,,,,,,,,,,,,,,,
,,,,,,,,,,,,,,,,,,,,,,,,,,,,,,,,,,,,,,,,,,,
,,,,,,,,,,,,,,,,,,,,,,,,,,,,,,,,,,,,,,,,,,,
,,,,,,,,,,,,,,,,,,,,,,,,,,,,,,,,,,,,,,,,,,,
,,,,,,,,,,,,,,,,,,,,,,,,,,,,,,,,,,,,,,,,,,,
,,,,,,,,,,,,,,,,,,,,,,,,,,,,,,,,,,,,,,,,,,,
,,,,,,,,,,,,,,,,,,,,,,,,,,,,,,,,,,,,,,,,,,,
,,,,,,,,,,,,,,,,,,,,,,,,,,,,,,,,,,,,,,,,,,,
,,,,,,,,,,,,,,,,,,,,,,,,,,,,,,,,,,,,,,,,,,,
,,,,,,,,,,,,,,,,,,,,,,,,,,,,,,,,,,,,,,,,,,,
,,,,,,,,,,,,,,,,,,,,,,,,,,,,,,,,,,,,,,,,,,,
,,,,,,,,,,,,,,,,,,,,,,,,,,,,,,,,,,,,,,,,,,,
,,,,,,,,,,,,,,,,,,,,,,,,,,,,,,,,,,,,,,,,,,,
,,,,,,,,,,,,,,,,,,,,,,,,,,,,,,,,,,,,,,,,,,,
,,,,,,,,,,,,,,,,,,,,,,,,,,,,,,,,,,,,,,,,,,,
,,,,,,,,,,,,,,,,,,,,,,,,,,,,,,,,,,,,,,,,,,,
,,,,,,,,,,,,,,,,,,,,,,,,,,,,,,,,,,,,,,,,,,,
,,,,,,,,,,,,,,,,,,,,,,,,,,,,,,,,,,,,,,,,,,,
,,,,,,,,,,,,,,,,,,,,,,,,,,,,,,,,,,,,,,,,,,,
,,,,,,,,,,,,,,,,,,,,,,,,,,,,,,,,,,,,,,,,,,,
,,,,,,,,,,,,,,,,,,,,,,,,,,,,,,,,,,,,,,,,,,,
,,,,,,,,,,,,,,,,,,,,,,,,,,,,,,,,,,,,,,,,,,,
,,,,,,,,,,,,,,,,,,,,,,,,,,,,,,,,,,,,,,,,,,,
,,,,,,,,,,,,,,,,,,,,,,,,,,,,,,,,,,,,,,,,,,,
,,,,,,,,,,,,,,,,,,,,,,,,,,,,,,,,,,,,,,,,,,,
,,,,,,,,,,,,,,,,,,,,,,,,,,,,,,,,,,,,,,,,,,,
,,,,,,,,,,,,,,,,,,,,,,,,,,,,,,,,,,,,,,,,,,,
,,,,,,,,,,,,,,,,,,,,,,,,,,,,,,,,,,,,,,,,,,,
,,,,,,,,,,,,,,,,,,,,,,,,,,,,,,,,,,,,,,,,,,,
,,,,,,,,,,,,,,,,,,,,,,,,,,,,,,,,,,,,,,,,,,,
,,,,,,,,,,,,,,,,,,,,,,,,,,,,,,,,,,,,,,,,,,,
,,,,,,,,,,,,,,,,,,,,,,,,,,,,,,,,,,,,,,,,,,,
,,,,,,,,,,,,,,,,,,,,,,,,,,,,,,,,,,,,,,,,,,,
,,,,,,,,,,,,,,,,,,,,,,,,,,,,,,,,,,,,,,,,,,,
,,,,,,,,,,,,,,,,,,,,,,,,,,,,,,,,,,,,,,,,,,,
,,,,,,,,,,,,,,,,,,,,,,,,,,,,,,,,,,,,,,,,,,,
,,,,,,,,,,,,,,,,,,,,,,,,,,,,,,,,,,,,,,,,,,,
,,,,,,,,,,,,,,,,,,,,,,,,,,,,,,,,,,,,,,,,,,,
,,,,,,,,,,,,,,,,,,,,,,,,,,,,,,,,,,,,,,,,,,,
,,,,,,,,,,,,,,,,,,,,,,,,,,,,,,,,,,,,,,,,,,,
,,,,,,,,,,,,,,,,,,,,,,,,,,,,,,,,,,,,,,,,,,,
,,,,,,,,,,,,,,,,,,,,,,,,,,,,,,,,,,,,,,,,,,,
,,,,,,,,,,,,,,,,,,,,,,,,,,,,,,,,,,,,,,,,,,,
,,,,,,,,,,,,,,,,,,,,,,,,,,,,,,,,,,,,,,,,,,,
,,,,,,,,,,,,,,,,,,,,,,,,,,,,,,,,,,,,,,,,,,,
,,,,,,,,,,,,,,,,,,,,,,,,,,,,,,,,,,,,,,,,,,,
,,,,,,,,,,,,,,,,,,,,,,,,,,,,,,,,,,,,,,,,,,,
,,,,,,,,,,,,,,,,,,,,,,,,,,,,,,,,,,,,,,,,,,,
,,,,,,,,,,,,,,,,,,,,,,,,,,,,,,,,,,,,,,,,,,,
,,,,,,,,,,,,,,,,,,,,,,,,,,,,,,,,,,,,,,,,,,,
,,,,,,,,,,,,,,,,,,,,,,,,,,,,,,,,,,,,,,,,,,,
,,,,,,,,,,,,,,,,,,,,,,,,,,,,,,,,,,,,,,,,,,,
,,,,,,,,,,,,,,,,,,,,,,,,,,,,,,,,,,,,,,,,,,,
,,,,,,,,,,,,,,,,,,,,,,,,,,,,,,,,,,,,,,,,,,,
,,,,,,,,,,,,,,,,,,,,,,,,,,,,,,,,,,,,,,,,,,,
,,,,,,,,,,,,,,,,,,,,,,,,,,,,,,,,,,,,,,,,,,,
,,,,,,,,,,,,,,,,,,,,,,,,,,,,,,,,,,,,,,,,,,,
,,,,,,,,,,,,,,,,,,,,,,,,,,,,,,,,,,,,,,,,,,,
,,,,,,,,,,,,,,,,,,,,,,,,,,,,,,,,,,,,,,,,,,,
,,,,,,,,,,,,,,,,,,,,,,,,,,,,,,,,,,,,,,,,,,,
,,,,,,,,,,,,,,,,,,,,,,,,,,,,,,,,,,,,,,,,,,,
,,,,,,,,,,,,,,,,,,,,,,,,,,,,,,,,,,,,,,,,,,,
,,,,,,,,,,,,,,,,,,,,,,,,,,,,,,,,,,,,,,,,,,,
,,,,,,,,,,,,,,,,,,,,,,,,,,,,,,,,,,,,,,,,,,,
,,,,,,,,,,,,,,,,,,,,,,,,,,,,,,,,,,,,,,,,,,,
,,,,,,,,,,,,,,,,,,,,,,,,,,,,,,,,,,,,,,,,,,,
,,,,,,,,,,,,,,,,,,,,,,,,,,,,,,,,,,,,,,,,,,,
,,,,,,,,,,,,,,,,,,,,,,,,,,,,,,,,,,,,,,,,,,,
,,,,,,,,,,,,,,,,,,,,,,,,,,,,,,,,,,,,,,,,,,,
,,,,,,,,,,,,,,,,,,,,,,,,,,,,,,,,,,,,,,,,,,,
,,,,,,,,,,,,,,,,,,,,,,,,,,,,,,,,,,,,,,,,,,,
,,,,,,,,,,,,,,,,,,,,,,,,,,,,,,,,,,,,,,,,,,,
,,,,,,,,,,,,,,,,,,,,,,,,,,,,,,,,,,,,,,,,,,,
,,,,,,,,,,,,,,,,,,,,,,,,,,,,,,,,,,,,,,,,,,,
,,,,,,,,,,,,,,,,,,,,,,,,,,,,,,,,,,,,,,,,,,,
,,,,,,,,,,,,,,,,,,,,,,,,,,,,,,,,,,,,,,,,,,,
,,,,,,,,,,,,,,,,,,,,,,,,,,,,,,,,,,,,,,,,,,,
,,,,,,,,,,,,,,,,,,,,,,,,,,,,,,,,,,,,,,,,,,,
,,,,,,,,,,,,,,,,,,,,,,,,,,,,,,,,,,,,,,,,,,,
,,,,,,,,,,,,,,,,,,,,,,,,,,,,,,,,,,,,,,,,,,,
,,,,,,,,,,,,,,,,,,,,,,,,,,,,,,,,,,,,,,,,,,,
,,,,,,,,,,,,,,,,,,,,,,,,,,,,,,,,,,,,,,,,,,,
,,,,,,,,,,,,,,,,,,,,,,,,,,,,,,,,,,,,,,,,,,,
,,,,,,,,,,,,,,,,,,,,,,,,,,,,,,,,,,,,,,,,,,,
,,,,,,,,,,,,,,,,,,,,,,,,,,,,,,,,,,,,,,,,,,,
,,,,,,,,,,,,,,,,,,,,,,,,,,,,,,,,,,,,,,,,,,,
,,,,,,,,,,,,,,,,,,,,,,,,,,,,,,,,,,,,,,,,,,,
,,,,,,,,,,,,,,,,,,,,,,,,,,,,,,,,,,,,,,,,,,,
,,,,,,,,,,,,,,,,,,,,,,,,,,,,,,,,,,,,,,,,,,,
,,,,,,,,,,,,,,,,,,,,,,,,,,,,,,,,,,,,,,,,,,,
,,,,,,,,,,,,,,,,,,,,,,,,,,,,,,,,,,,,,,,,,,,
,,,,,,,,,,,,,,,,,,,,,,,,,,,,,,,,,,,,,,,,,,,
,,,,,,,,,,,,,,,,,,,,,,,,,,,,,,,,,,,,,,,,,,,
,,,,,,,,,,,,,,,,,,,,,,,,,,,,,,,,,,,,,,,,,,,
,,,,,,,,,,,,,,,,,,,,,,,,,,,,,,,,,,,,,,,,,,,
,,,,,,,,,,,,,,,,,,,,,,,,,,,,,,,,,,,,,,,,,,,
,,,,,,,,,,,,,,,,,,,,,,,,,,,,,,,,,,,,,,,,,,,
,,,,,,,,,,,,,,,,,,,,,,,,,,,,,,,,,,,,,,,,,,,
,,,,,,,,,,,,,,,,,,,,,,,,,,,,,,,,,,,,,,,,,,,
,,,,,,,,,,,,,,,,,,,,,,,,,,,,,,,,,,,,,,,,,,,
,,,,,,,,,,,,,,,,,,,,,,,,,,,,,,,,,,,,,,,,,,,
,,,,,,,,,,,,,,,,,,,,,,,,,,,,,,,,,,,,,,,,,,,
,,,,,,,,,,,,,,,,,,,,,,,,,,,,,,,,,,,,,,,,,,,
,,,,,,,,,,,,,,,,,,,,,,,,,,,,,,,,,,,,,,,,,,,
,,,,,,,,,,,,,,,,,,,,,,,,,,,,,,,,,,,,,,,,,,,
,,,,,,,,,,,,,,,,,,,,,,,,,,,,,,,,,,,,,,,,,,,
,,,,,,,,,,,,,,,,,,,,,,,,,,,,,,,,,,,,,,,,,,,
,,,,,,,,,,,,,,,,,,,,,,,,,,,,,,,,,,,,,,,,,,,
,,,,,,,,,,,,,,,,,,,,,,,,,,,,,,,,,,,,,,,,,,,
,,,,,,,,,,,,,,,,,,,,,,,,,,,,,,,,,,,,,,,,,,,
,,,,,,,,,,,,,,,,,,,,,,,,,,,,,,,,,,,,,,,,,,,
,,,,,,,,,,,,,,,,,,,,,,,,,,,,,,,,,,,,,,,,,,,
,,,,,,,,,,,,,,,,,,,,,,,,,,,,,,,,,,,,,,,,,,,
,,,,,,,,,,,,,,,,,,,,,,,,,,,,,,,,,,,,,,,,,,,
,,,,,,,,,,,,,,,,,,,,,,,,,,,,,,,,,,,,,,,,,,,
,,,,,,,,,,,,,,,,,,,,,,,,,,,,,,,,,,,,,,,,,,,
,,,,,,,,,,,,,,,,,,,,,,,,,,,,,,,,,,,,,,,,,,,
,,,,,,,,,,,,,,,,,,,,,,,,,,,,,,,,,,,,,,,,,,,
,,,,,,,,,,,,,,,,,,,,,,,,,,,,,,,,,,,,,,,,,,,
,,,,,,,,,,,,,,,,,,,,,,,,,,,,,,,,,,,,,,,,,,,
,,,,,,,,,,,,,,,,,,,,,,,,,,,,,,,,,,,,,,,,,,,
,,,,,,,,,,,,,,,,,,,,,,,,,,,,,,,,,,,,,,,,,,,
,,,,,,,,,,,,,,,,,,,,,,,,,,,,,,,,,,,,,,,,,,,
,,,,,,,,,,,,,,,,,,,,,,,,,,,,,,,,,,,,,,,,,,,
,,,,,,,,,,,,,,,,,,,,,,,,,,,,,,,,,,,,,,,,,,,
,,,,,,,,,,,,,,,,,,,,,,,,,,,,,,,,,,,,,,,,,,,
,,,,,,,,,,,,,,,,,,,,,,,,,,,,,,,,,,,,,,,,,,,
,,,,,,,,,,,,,,,,,,,,,,,,,,,,,,,,,,,,,,,,,,,
,,,,,,,,,,,,,,,,,,,,,,,,,,,,,,,,,,,,,,,,,,,
,,,,,,,,,,,,,,,,,,,,,,,,,,,,,,,,,,,,,,,,,,,
,,,,,,,,,,,,,,,,,,,,,,,,,,,,,,,,,,,,,,,,,,,
,,,,,,,,,,,,,,,,,,,,,,,,,,,,,,,,,,,,,,,,,,,
,,,,,,,,,,,,,,,,,,,,,,,,,,,,,,,,,,,,,,,,,,,
,,,,,,,,,,,,,,,,,,,,,,,,,,,,,,,,,,,,,,,,,,,
,,,,,,,,,,,,,,,,,,,,,,,,,,,,,,,,,,,,,,,,,,,
,,,,,,,,,,,,,,,,,,,,,,,,,,,,,,,,,,,,,,,,,,,
,,,,,,,,,,,,,,,,,,,,,,,,,,,,,,,,,,,,,,,,,,,
,,,,,,,,,,,,,,,,,,,,,,,,,,,,,,,,,,,,,,,,,,,
,,,,,,,,,,,,,,,,,,,,,,,,,,,,,,,,,,,,,,,,,,,
,,,,,,,,,,,,,,,,,,,,,,,,,,,,,,,,,,,,,,,,,,,
,,,,,,,,,,,,,,,,,,,,,,,,,,,,,,,,,,,,,,,,,,,
,,,,,,,,,,,,,,,,,,,,,,,,,,,,,,,,,,,,,,,,,,,
,,,,,,,,,,,,,,,,,,,,,,,,,,,,,,,,,,,,,,,,,,,
,,,,,,,,,,,,,,,,,,,,,,,,,,,,,,,,,,,,,,,,,,,
,,,,,,,,,,,,,,,,,,,,,,,,,,,,,,,,,,,,,,,,,,,
,,,,,,,,,,,,,,,,,,,,,,,,,,,,,,,,,,,,,,,,,,,
,,,,,,,,,,,,,,,,,,,,,,,,,,,,,,,,,,,,,,,,,,,
,,,,,,,,,,,,,,,,,,,,,,,,,,,,,,,,,,,,,,,,,,,
,,,,,,,,,,,,,,,,,,,,,,,,,,,,,,,,,,,,,,,,,,,
,,,,,,,,,,,,,,,,,,,,,,,,,,,,,,,,,,,,,,,,,,,
,,,,,,,,,,,,,,,,,,,,,,,,,,,,,,,,,,,,,,,,,,,
,,,,,,,,,,,,,,,,,,,,,,,,,,,,,,,,,,,,,,,,,,,
,,,,,,,,,,,,,,,,,,,,,,,,,,,,,,,,,,,,,,,,,,,
,,,,,,,,,,,,,,,,,,,,,,,,,,,,,,,,,,,,,,,,,,,
,,,,,,,,,,,,,,,,,,,,,,,,,,,,,,,,,,,,,,,,,,,
,,,,,,,,,,,,,,,,,,,,,,,,,,,,,,,,,,,,,,,,,,,
,,,,,,,,,,,,,,,,,,,,,,,,,,,,,,,,,,,,,,,,,,,
,,,,,,,,,,,,,,,,,,,,,,,,,,,,,,,,,,,,,,,,,,,
,,,,,,,,,,,,,,,,,,,,,,,,,,,,,,,,,,,,,,,,,,,
,,,,,,,,,,,,,,,,,,,,,,,,,,,,,,,,,,,,,,,,,,,
,,,,,,,,,,,,,,,,,,,,,,,,,,,,,,,,,,,,,,,,,,,
,,,,,,,,,,,,,,,,,,,,,,,,,,,,,,,,,,,,,,,,,,,
,,,,,,,,,,,,,,,,,,,,,,,,,,,,,,,,,,,,,,,,,,,
,,,,,,,,,,,,,,,,,,,,,,,,,,,,,,,,,,,,,,,,,,,
,,,,,,,,,,,,,,,,,,,,,,,,,,,,,,,,,,,,,,,,,,,
,,,,,,,,,,,,,,,,,,,,,,,,,,,,,,,,,,,,,,,,,,,
,,,,,,,,,,,,,,,,,,,,,,,,,,,,,,,,,,,,,,,,,,,
,,,,,,,,,,,,,,,,,,,,,,,,,,,,,,,,,,,,,,,,,,,
,,,,,,,,,,,,,,,,,,,,,,,,,,,,,,,,,,,,,,,,,,,
,,,,,,,,,,,,,,,,,,,,,,,,,,,,,,,,,,,,,,,,,,,
,,,,,,,,,,,,,,,,,,,,,,,,,,,,,,,,,,,,,,,,,,,
,,,,,,,,,,,,,,,,,,,,,,,,,,,,,,,,,,,,,,,,,,,
,,,,,,,,,,,,,,,,,,,,,,,,,,,,,,,,,,,,,,,,,,,
,,,,,,,,,,,,,,,,,,,,,,,,,,,,,,,,,,,,,,,,,,,
,,,,,,,,,,,,,,,,,,,,,,,,,,,,,,,,,,,,,,,,,,,
,,,,,,,,,,,,,,,,,,,,,,,,,,,,,,,,,,,,,,,,,,,
,,,,,,,,,,,,,,,,,,,,,,,,,,,,,,,,,,,,,,,,,,,
,,,,,,,,,,,,,,,,,,,,,,,,,,,,,,,,,,,,,,,,,,,
,,,,,,,,,,,,,,,,,,,,,,,,,,,,,,,,,,,,,,,,,,,
,,,,,,,,,,,,,,,,,,,,,,,,,,,,,,,,,,,,,,,,,,,
,,,,,,,,,,,,,,,,,,,,,,,,,,,,,,,,,,,,,,,,,,,
,,,,,,,,,,,,,,,,,,,,,,,,,,,,,,,,,,,,,,,,,,,
,,,,,,,,,,,,,,,,,,,,,,,,,,,,,,,,,,,,,,,,,,,
,,,,,,,,,,,,,,,,,,,,,,,,,,,,,,,,,,,,,,,,,,,
,,,,,,,,,,,,,,,,,,,,,,,,,,,,,,,,,,,,,,,,,,,
,,,,,,,,,,,,,,,,,,,,,,,,,,,,,,,,,,,,,,,,,,,
,,,,,,,,,,,,,,,,,,,,,,,,,,,,,,,,,,,,,,,,,,,
,,,,,,,,,,,,,,,,,,,,,,,,,,,,,,,,,,,,,,,,,,,
,,,,,,,,,,,,,,,,,,,,,,,,,,,,,,,,,,,,,,,,,,,
,,,,,,,,,,,,,,,,,,,,,,,,,,,,,,,,,,,,,,,,,,,
,,,,,,,,,,,,,,,,,,,,,,,,,,,,,,,,,,,,,,,,,,,
,,,,,,,,,,,,,,,,,,,,,,,,,,,,,,,,,,,,,,,,,,,
,,,,,,,,,,,,,,,,,,,,,,,,,,,,,,,,,,,,,,,,,,,
,,,,,,,,,,,,,,,,,,,,,,,,,,,,,,,,,,,,,,,,,,,
,,,,,,,,,,,,,,,,,,,,,,,,,,,,,,,,,,,,,,,,,,,
,,,,,,,,,,,,,,,,,,,,,,,,,,,,,,,,,,,,,,,,,,,
,,,,,,,,,,,,,,,,,,,,,,,,,,,,,,,,,,,,,,,,,,,
,,,,,,,,,,,,,,,,,,,,,,,,,,,,,,,,,,,,,,,,,,,
,,,,,,,,,,,,,,,,,,,,,,,,,,,,,,,,,,,,,,,,,,,
,,,,,,,,,,,,,,,,,,,,,,,,,,,,,,,,,,,,,,,,,,,
,,,,,,,,,,,,,,,,,,,,,,,,,,,,,,,,,,,,,,,,,,,
,,,,,,,,,,,,,,,,,,,,,,,,,,,,,,,,,,,,,,,,,,,
,,,,,,,,,,,,,,,,,,,,,,,,,,,,,,,,,,,,,,,,,,,
,,,,,,,,,,,,,,,,,,,,,,,,,,,,,,,,,,,,,,,,,,,
,,,,,,,,,,,,,,,,,,,,,,,,,,,,,,,,,,,,,,,,,,,
,,,,,,,,,,,,,,,,,,,,,,,,,,,,,,,,,,,,,,,,,,,
,,,,,,,,,,,,,,,,,,,,,,,,,,,,,,,,,,,,,,,,,,,
,,,,,,,,,,,,,,,,,,,,,,,,,,,,,,,,,,,,,,,,,,,
,,,,,,,,,,,,,,,,,,,,,,,,,,,,,,,,,,,,,,,,,,,
,,,,,,,,,,,,,,,,,,,,,,,,,,,,,,,,,,,,,,,,,,,
,,,,,,,,,,,,,,,,,,,,,,,,,,,,,,,,,,,,,,,,,,,
,,,,,,,,,,,,,,,,,,,,,,,,,,,,,,,,,,,,,,,,,,,
,,,,,,,,,,,,,,,,,,,,,,,,,,,,,,,,,,,,,,,,,,,
,,,,,,,,,,,,,,,,,,,,,,,,,,,,,,,,,,,,,,,,,,,
,,,,,,,,,,,,,,,,,,,,,,,,,,,,,,,,,,,,,,,,,,,
,,,,,,,,,,,,,,,,,,,,,,,,,,,,,,,,,,,,,,,,,,,
,,,,,,,,,,,,,,,,,,,,,,,,,,,,,,,,,,,,,,,,,,,
,,,,,,,,,,,,,,,,,,,,,,,,,,,,,,,,,,,,,,,,,,,
,,,,,,,,,,,,,,,,,,,,,,,,,,,,,,,,,,,,,,,,,,,
,,,,,,,,,,,,,,,,,,,,,,,,,,,,,,,,,,,,,,,,,,,
,,,,,,,,,,,,,,,,,,,,,,,,,,,,,,,,,,,,,,,,,,,
,,,,,,,,,,,,,,,,,,,,,,,,,,,,,,,,,,,,,,,,,,,
,,,,,,,,,,,,,,,,,,,,,,,,,,,,,,,,,,,,,,,,,,,
,,,,,,,,,,,,,,,,,,,,,,,,,,,,,,,,,,,,,,,,,,,
,,,,,,,,,,,,,,,,,,,,,,,,,,,,,,,,,,,,,,,,,,,
,,,,,,,,,,,,,,,,,,,,,,,,,,,,,,,,,,,,,,,,,,,
,,,,,,,,,,,,,,,,,,,,,,,,,,,,,,,,,,,,,,,,,,,
,,,,,,,,,,,,,,,,,,,,,,,,,,,,,,,,,,,,,,,,,,,
,,,,,,,,,,,,,,,,,,,,,,,,,,,,,,,,,,,,,,,,,,,
,,,,,,,,,,,,,,,,,,,,,,,,,,,,,,,,,,,,,,,,,,,
,,,,,,,,,,,,,,,,,,,,,,,,,,,,,,,,,,,,,,,,,,,
,,,,,,,,,,,,,,,,,,,,,,,,,,,,,,,,,,,,,,,,,,,
,,,,,,,,,,,,,,,,,,,,,,,,,,,,,,,,,,,,,,,,,,,
,,,,,,,,,,,,,,,,,,,,,,,,,,,,,,,,,,,,,,,,,,,
,,,,,,,,,,,,,,,,,,,,,,,,,,,,,,,,,,,,,,,,,,,
,,,,,,,,,,,,,,,,,,,,,,,,,,,,,,,,,,,,,,,,,,,
,,,,,,,,,,,,,,,,,,,,,,,,,,,,,,,,,,,,,,,,,,,
,,,,,,,,,,,,,,,,,,,,,,,,,,,,,,,,,,,,,,,,,,,
,,,,,,,,,,,,,,,,,,,,,,,,,,,,,,,,,,,,,,,,,,,
,,,,,,,,,,,,,,,,,,,,,,,,,,,,,,,,,,,,,,,,,,,
,,,,,,,,,,,,,,,,,,,,,,,,,,,,,,,,,,,,,,,,,,,
,,,,,,,,,,,,,,,,,,,,,,,,,,,,,,,,,,,,,,,,,,,
,,,,,,,,,,,,,,,,,,,,,,,,,,,,,,,,,,,,,,,,,,,
,,,,,,,,,,,,,,,,,,,,,,,,,,,,,,,,,,,,,,,,,,,
,,,,,,,,,,,,,,,,,,,,,,,,,,,,,,,,,,,,,,,,,,,
,,,,,,,,,,,,,,,,,,,,,,,,,,,,,,,,,,,,,,,,,,,
,,,,,,,,,,,,,,,,,,,,,,,,,,,,,,,,,,,,,,,,,,,
,,,,,,,,,,,,,,,,,,,,,,,,,,,,,,,,,,,,,,,,,,,
,,,,,,,,,,,,,,,,,,,,,,,,,,,,,,,,,,,,,,,,,,,
,,,,,,,,,,,,,,,,,,,,,,,,,,,,,,,,,,,,,,,,,,,
,,,,,,,,,,,,,,,,,,,,,,,,,,,,,,,,,,,,,,,,,,,
,,,,,,,,,,,,,,,,,,,,,,,,,,,,,,,,,,,,,,,,,,,
,,,,,,,,,,,,,,,,,,,,,,,,,,,,,,,,,,,,,,,,,,,
,,,,,,,,,,,,,,,,,,,,,,,,,,,,,,,,,,,,,,,,,,,
,,,,,,,,,,,,,,,,,,,,,,,,,,,,,,,,,,,,,,,,,,,
,,,,,,,,,,,,,,,,,,,,,,,,,,,,,,,,,,,,,,,,,,,
,,,,,,,,,,,,,,,,,,,,,,,,,,,,,,,,,,,,,,,,,,,
,,,,,,,,,,,,,,,,,,,,,,,,,,,,,,,,,,,,,,,,,,,
,,,,,,,,,,,,,,,,,,,,,,,,,,,,,,,,,,,,,,,,,,,
,,,,,,,,,,,,,,,,,,,,,,,,,,,,,,,,,,,,,,,,,,,
,,,,,,,,,,,,,,,,,,,,,,,,,,,,,,,,,,,,,,,,,,,
,,,,,,,,,,,,,,,,,,,,,,,,,,,,,,,,,,,,,,,,,,,
,,,,,,,,,,,,,,,,,,,,,,,,,,,,,,,,,,,,,,,,,,,
,,,,,,,,,,,,,,,,,,,,,,,,,,,,,,,,,,,,,,,,,,,
,,,,,,,,,,,,,,,,,,,,,,,,,,,,,,,,,,,,,,,,,,,
,,,,,,,,,,,,,,,,,,,,,,,,,,,,,,,,,,,,,,,,,,,
,,,,,,,,,,,,,,,,,,,,,,,,,,,,,,,,,,,,,,,,,,,
,,,,,,,,,,,,,,,,,,,,,,,,,,,,,,,,,,,,,,,,,,,
,,,,,,,,,,,,,,,,,,,,,,,,,,,,,,,,,,,,,,,,,,,
,,,,,,,,,,,,,,,,,,,,,,,,,,,,,,,,,,,,,,,,,,,
,,,,,,,,,,,,,,,,,,,,,,,,,,,,,,,,,,,,,,,,,,,
,,,,,,,,,,,,,,,,,,,,,,,,,,,,,,,,,,,,,,,,,,,
,,,,,,,,,,,,,,,,,,,,,,,,,,,,,,,,,,,,,,,,,,,
,,,,,,,,,,,,,,,,,,,,,,,,,,,,,,,,,,,,,,,,,,,
,,,,,,,,,,,,,,,,,,,,,,,,,,,,,,,,,,,,,,,,,,,
,,,,,,,,,,,,,,,,,,,,,,,,,,,,,,,,,,,,,,,,,,,
,,,,,,,,,,,,,,,,,,,,,,,,,,,,,,,,,,,,,,,,,,,
,,,,,,,,,,,,,,,,,,,,,,,,,,,,,,,,,,,,,,,,,,,
,,,,,,,,,,,,,,,,,,,,,,,,,,,,,,,,,,,,,,,,,,,
,,,,,,,,,,,,,,,,,,,,,,,,,,,,,,,,,,,,,,,,,,,
,,,,,,,,,,,,,,,,,,,,,,,,,,,,,,,,,,,,,,,,,,,
,,,,,,,,,,,,,,,,,,,,,,,,,,,,,,,,,,,,,,,,,,,
,,,,,,,,,,,,,,,,,,,,,,,,,,,,,,,,,,,,,,,,,,,
,,,,,,,,,,,,,,,,,,,,,,,,,,,,,,,,,,,,,,,,,,,
,,,,,,,,,,,,,,,,,,,,,,,,,,,,,,,,,,,,,,,,,,,
,,,,,,,,,,,,,,,,,,,,,,,,,,,,,,,,,,,,,,,,,,,
,,,,,,,,,,,,,,,,,,,,,,,,,,,,,,,,,,,,,,,,,,,
,,,,,,,,,,,,,,,,,,,,,,,,,,,,,,,,,,,,,,,,,,,
,,,,,,,,,,,,,,,,,,,,,,,,,,,,,,,,,,,,,,,,,,,
,,,,,,,,,,,,,,,,,,,,,,,,,,,,,,,,,,,,,,,,,,,
,,,,,,,,,,,,,,,,,,,,,,,,,,,,,,,,,,,,,,,,,,,
,,,,,,,,,,,,,,,,,,,,,,,,,,,,,,,,,,,,,,,,,,,
,,,,,,,,,,,,,,,,,,,,,,,,,,,,,,,,,,,,,,,,,,,
,,,,,,,,,,,,,,,,,,,,,,,,,,,,,,,,,,,,,,,,,,,
,,,,,,,,,,,,,,,,,,,,,,,,,,,,,,,,,,,,,,,,,,,
,,,,,,,,,,,,,,,,,,,,,,,,,,,,,,,,,,,,,,,,,,,
,,,,,,,,,,,,,,,,,,,,,,,,,,,,,,,,,,,,,,,,,,,
,,,,,,,,,,,,,,,,,,,,,,,,,,,,,,,,,,,,,,,,,,,
,,,,,,,,,,,,,,,,,,,,,,,,,,,,,,,,,,,,,,,,,,,
,,,,,,,,,,,,,,,,,,,,,,,,,,,,,,,,,,,,,,,,,,,
,,,,,,,,,,,,,,,,,,,,,,,,,,,,,,,,,,,,,,,,,,,
,,,,,,,,,,,,,,,,,,,,,,,,,,,,,,,,,,,,,,,,,,,
,,,,,,,,,,,,,,,,,,,,,,,,,,,,,,,,,,,,,,,,,,,
,,,,,,,,,,,,,,,,,,,,,,,,,,,,,,,,,,,,,,,,,,,
,,,,,,,,,,,,,,,,,,,,,,,,,,,,,,,,,,,,,,,,,,,
,,,,,,,,,,,,,,,,,,,,,,,,,,,,,,,,,,,,,,,,,,,
,,,,,,,,,,,,,,,,,,,,,,,,,,,,,,,,,,,,,,,,,,,
,,,,,,,,,,,,,,,,,,,,,,,,,,,,,,,,,,,,,,,,,,,
,,,,,,,,,,,,,,,,,,,,,,,,,,,,,,,,,,,,,,,,,,,
,,,,,,,,,,,,,,,,,,,,,,,,,,,,,,,,,,,,,,,,,,,
,,,,,,,,,,,,,,,,,,,,,,,,,,,,,,,,,,,,,,,,,,,
,,,,,,,,,,,,,,,,,,,,,,,,,,,,,,,,,,,,,,,,,,,
,,,,,,,,,,,,,,,,,,,,,,,,,,,,,,,,,,,,,,,,,,,
,,,,,,,,,,,,,,,,,,,,,,,,,,,,,,,,,,,,,,,,,,,
,,,,,,,,,,,,,,,,,,,,,,,,,,,,,,,,,,,,,,,,,,,
,,,,,,,,,,,,,,,,,,,,,,,,,,,,,,,,,,,,,,,,,,,
,,,,,,,,,,,,,,,,,,,,,,,,,,,,,,,,,,,,,,,,,,,
,,,,,,,,,,,,,,,,,,,,,,,,,,,,,,,,,,,,,,,,,,,
,,,,,,,,,,,,,,,,,,,,,,,,,,,,,,,,,,,,,,,,,,,
,,,,,,,,,,,,,,,,,,,,,,,,,,,,,,,,,,,,,,,,,,,
,,,,,,,,,,,,,,,,,,,,,,,,,,,,,,,,,,,,,,,,,,,
,,,,,,,,,,,,,,,,,,,,,,,,,,,,,,,,,,,,,,,,,,,
,,,,,,,,,,,,,,,,,,,,,,,,,,,,,,,,,,,,,,,,,,,
,,,,,,,,,,,,,,,,,,,,,,,,,,,,,,,,,,,,,,,,,,,
,,,,,,,,,,,,,,,,,,,,,,,,,,,,,,,,,,,,,,,,,,,
,,,,,,,,,,,,,,,,,,,,,,,,,,,,,,,,,,,,,,,,,,,
,,,,,,,,,,,,,,,,,,,,,,,,,,,,,,,,,,,,,,,,,,,
,,,,,,,,,,,,,,,,,,,,,,,,,,,,,,,,,,,,,,,,,,,
,,,,,,,,,,,,,,,,,,,,,,,,,,,,,,,,,,,,,,,,,,,
,,,,,,,,,,,,,,,,,,,,,,,,,,,,,,,,,,,,,,,,,,,
,,,,,,,,,,,,,,,,,,,,,,,,,,,,,,,,,,,,,,,,,,,
,,,,,,,,,,,,,,,,,,,,,,,,,,,,,,,,,,,,,,,,,,,
,,,,,,,,,,,,,,,,,,,,,,,,,,,,,,,,,,,,,,,,,,,
,,,,,,,,,,,,,,,,,,,,,,,,,,,,,,,,,,,,,,,,,,,
,,,,,,,,,,,,,,,,,,,,,,,,,,,,,,,,,,,,,,,,,,,
,,,,,,,,,,,,,,,,,,,,,,,,,,,,,,,,,,,,,,,,,,,
,,,,,,,,,,,,,,,,,,,,,,,,,,,,,,,,,,,,,,,,,,,
,,,,,,,,,,,,,,,,,,,,,,,,,,,,,,,,,,,,,,,,,,,
,,,,,,,,,,,,,,,,,,,,,,,,,,,,,,,,,,,,,,,,,,,
,,,,,,,,,,,,,,,,,,,,,,,,,,,,,,,,,,,,,,,,,,,
,,,,,,,,,,,,,,,,,,,,,,,,,,,,,,,,,,,,,,,,,,,
,,,,,,,,,,,,,,,,,,,,,,,,,,,,,,,,,,,,,,,,,,,
,,,,,,,,,,,,,,,,,,,,,,,,,,,,,,,,,,,,,,,,,,,
,,,,,,,,,,,,,,,,,,,,,,,,,,,,,,,,,,,,,,,,,,,
,,,,,,,,,,,,,,,,,,,,,,,,,,,,,,,,,,,,,,,,,,,
,,,,,,,,,,,,,,,,,,,,,,,,,,,,,,,,,,,,,,,,,,,
,,,,,,,,,,,,,,,,,,,,,,,,,,,,,,,,,,,,,,,,,,,
,,,,,,,,,,,,,,,,,,,,,,,,,,,,,,,,,,,,,,,,,,,
,,,,,,,,,,,,,,,,,,,,,,,,,,,,,,,,,,,,,,,,,,,
,,,,,,,,,,,,,,,,,,,,,,,,,,,,,,,,,,,,,,,,,,,
,,,,,,,,,,,,,,,,,,,,,,,,,,,,,,,,,,,,,,,,,,,
,,,,,,,,,,,,,,,,,,,,,,,,,,,,,,,,,,,,,,,,,,,
,,,,,,,,,,,,,,,,,,,,,,,,,,,,,,,,,,,,,,,,,,,
,,,,,,,,,,,,,,,,,,,,,,,,,,,,,,,,,,,,,,,,,,,
,,,,,,,,,,,,,,,,,,,,,,,,,,,,,,,,,,,,,,,,,,,
,,,,,,,,,,,,,,,,,,,,,,,,,,,,,,,,,,,,,,,,,,,
,,,,,,,,,,,,,,,,,,,,,,,,,,,,,,,,,,,,,,,,,,,
,,,,,,,,,,,,,,,,,,,,,,,,,,,,,,,,,,,,,,,,,,,
,,,,,,,,,,,,,,,,,,,,,,,,,,,,,,,,,,,,,,,,,,,
,,,,,,,,,,,,,,,,,,,,,,,,,,,,,,,,,,,,,,,,,,,
,,,,,,,,,,,,,,,,,,,,,,,,,,,,,,,,,,,,,,,,,,,
,,,,,,,,,,,,,,,,,,,,,,,,,,,,,,,,,,,,,,,,,,,
,,,,,,,,,,,,,,,,,,,,,,,,,,,,,,,,,,,,,,,,,,,
,,,,,,,,,,,,,,,,,,,,,,,,,,,,,,,,,,,,,,,,,,,
,,,,,,,,,,,,,,,,,,,,,,,,,,,,,,,,,,,,,,,,,,,
,,,,,,,,,,,,,,,,,,,,,,,,,,,,,,,,,,,,,,,,,,,
,,,,,,,,,,,,,,,,,,,,,,,,,,,,,,,,,,,,,,,,,,,
,,,,,,,,,,,,,,,,,,,,,,,,,,,,,,,,,,,,,,,,,,,
,,,,,,,,,,,,,,,,,,,,,,,,,,,,,,,,,,,,,,,,,,,
,,,,,,,,,,,,,,,,,,,,,,,,,,,,,,,,,,,,,,,,,,,
,,,,,,,,,,,,,,,,,,,,,,,,,,,,,,,,,,,,,,,,,,,
,,,,,,,,,,,,,,,,,,,,,,,,,,,,,,,,,,,,,,,,,,,
,,,,,,,,,,,,,,,,,,,,,,,,,,,,,,,,,,,,,,,,,,,
,,,,,,,,,,,,,,,,,,,,,,,,,,,,,,,,,,,,,,,,,,,
,,,,,,,,,,,,,,,,,,,,,,,,,,,,,,,,,,,,,,,,,,,
,,,,,,,,,,,,,,,,,,,,,,,,,,,,,,,,,,,,,,,,,,,
,,,,,,,,,,,,,,,,,,,,,,,,,,,,,,,,,,,,,,,,,,,
,,,,,,,,,,,,,,,,,,,,,,,,,,,,,,,,,,,,,,,,,,,
,,,,,,,,,,,,,,,,,,,,,,,,,,,,,,,,,,,,,,,,,,,
,,,,,,,,,,,,,,,,,,,,,,,,,,,,,,,,,,,,,,,,,,,
,,,,,,,,,,,,,,,,,,,,,,,,,,,,,,,,,,,,,,,,,,,
,,,,,,,,,,,,,,,,,,,,,,,,,,,,,,,,,,,,,,,,,,,
,,,,,,,,,,,,,,,,,,,,,,,,,,,,,,,,,,,,,,,,,,,
,,,,,,,,,,,,,,,,,,,,,,,,,,,,,,,,,,,,,,,,,,,
,,,,,,,,,,,,,,,,,,,,,,,,,,,,,,,,,,,,,,,,,,,
,,,,,,,,,,,,,,,,,,,,,,,,,,,,,,,,,,,,,,,,,,,
,,,,,,,,,,,,,,,,,,,,,,,,,,,,,,,,,,,,,,,,,,,
,,,,,,,,,,,,,,,,,,,,,,,,,,,,,,,,,,,,,,,,,,,
,,,,,,,,,,,,,,,,,,,,,,,,,,,,,,,,,,,,,,,,,,,
,,,,,,,,,,,,,,,,,,,,,,,,,,,,,,,,,,,,,,,,,,,
,,,,,,,,,,,,,,,,,,,,,,,,,,,,,,,,,,,,,,,,,,,
,,,,,,,,,,,,,,,,,,,,,,,,,,,,,,,,,,,,,,,,,,,
,,,,,,,,,,,,,,,,,,,,,,,,,,,,,,,,,,,,,,,,,,,
,,,,,,,,,,,,,,,,,,,,,,,,,,,,,,,,,,,,,,,,,,,
,,,,,,,,,,,,,,,,,,,,,,,,,,,,,,,,,,,,,,,,,,,
,,,,,,,,,,,,,,,,,,,,,,,,,,,,,,,,,,,,,,,,,,,
,,,,,,,,,,,,,,,,,,,,,,,,,,,,,,,,,,,,,,,,,,,
,,,,,,,,,,,,,,,,,,,,,,,,,,,,,,,,,,,,,,,,,,,
,,,,,,,,,,,,,,,,,,,,,,,,,,,,,,,,,,,,,,,,,,,
,,,,,,,,,,,,,,,,,,,,,,,,,,,,,,,,,,,,,,,,,,,
,,,,,,,,,,,,,,,,,,,,,,,,,,,,,,,,,,,,,,,,,,,
,,,,,,,,,,,,,,,,,,,,,,,,,,,,,,,,,,,,,,,,,,,
,,,,,,,,,,,,,,,,,,,,,,,,,,,,,,,,,,,,,,,,,,,
,,,,,,,,,,,,,,,,,,,,,,,,,,,,,,,,,,,,,,,,,,,
,,,,,,,,,,,,,,,,,,,,,,,,,,,,,,,,,,,,,,,,,,,
,,,,,,,,,,,,,,,,,,,,,,,,,,,,,,,,,,,,,,,,,,,
,,,,,,,,,,,,,,,,,,,,,,,,,,,,,,,,,,,,,,,,,,,
,,,,,,,,,,,,,,,,,,,,,,,,,,,,,,,,,,,,,,,,,,,
,,,,,,,,,,,,,,,,,,,,,,,,,,,,,,,,,,,,,,,,,,,
,,,,,,,,,,,,,,,,,,,,,,,,,,,,,,,,,,,,,,,,,,,
,,,,,,,,,,,,,,,,,,,,,,,,,,,,,,,,,,,,,,,,,,,
,,,,,,,,,,,,,,,,,,,,,,,,,,,,,,,,,,,,,,,,,,,
,,,,,,,,,,,,,,,,,,,,,,,,,,,,,,,,,,,,,,,,,,,
,,,,,,,,,,,,,,,,,,,,,,,,,,,,,,,,,,,,,,,,,,,
,,,,,,,,,,,,,,,,,,,,,,,,,,,,,,,,,,,,,,,,,,,
,,,,,,,,,,,,,,,,,,,,,,,,,,,,,,,,,,,,,,,,,,,
,,,,,,,,,,,,,,,,,,,,,,,,,,,,,,,,,,,,,,,,,,,
,,,,,,,,,,,,,,,,,,,,,,,,,,,,,,,,,,,,,,,,,,,
,,,,,,,,,,,,,,,,,,,,,,,,,,,,,,,,,,,,,,,,,,,
,,,,,,,,,,,,,,,,,,,,,,,,,,,,,,,,,,,,,,,,,,,
,,,,,,,,,,,,,,,,,,,,,,,,,,,,,,,,,,,,,,,,,,,
,,,,,,,,,,,,,,,,,,,,,,,,,,,,,,,,,,,,,,,,,,,
,,,,,,,,,,,,,,,,,,,,,,,,,,,,,,,,,,,,,,,,,,,
,,,,,,,,,,,,,,,,,,,,,,,,,,,,,,,,,,,,,,,,,,,
,,,,,,,,,,,,,,,,,,,,,,,,,,,,,,,,,,,,,,,,,,,
,,,,,,,,,,,,,,,,,,,,,,,,,,,,,,,,,,,,,,,,,,,
,,,,,,,,,,,,,,,,,,,,,,,,,,,,,,,,,,,,,,,,,,,
,,,,,,,,,,,,,,,,,,,,,,,,,,,,,,,,,,,,,,,,,,,
,,,,,,,,,,,,,,,,,,,,,,,,,,,,,,,,,,,,,,,,,,,
,,,,,,,,,,,,,,,,,,,,,,,,,,,,,,,,,,,,,,,,,,,
,,,,,,,,,,,,,,,,,,,,,,,,,,,,,,,,,,,,,,,,,,,
,,,,,,,,,,,,,,,,,,,,,,,,,,,,,,,,,,,,,,,,,,,
,,,,,,,,,,,,,,,,,,,,,,,,,,,,,,,,,,,,,,,,,,,
,,,,,,,,,,,,,,,,,,,,,,,,,,,,,,,,,,,,,,,,,,,
,,,,,,,,,,,,,,,,,,,,,,,,,,,,,,,,,,,,,,,,,,,
,,,,,,,,,,,,,,,,,,,,,,,,,,,,,,,,,,,,,,,,,,,
,,,,,,,,,,,,,,,,,,,,,,,,,,,,,,,,,,,,,,,,,,,
,,,,,,,,,,,,,,,,,,,,,,,,,,,,,,,,,,,,,,,,,,,
,,,,,,,,,,,,,,,,,,,,,,,,,,,,,,,,,,,,,,,,,,,
,,,,,,,,,,,,,,,,,,,,,,,,,,,,,,,,,,,,,,,,,,,
,,,,,,,,,,,,,,,,,,,,,,,,,,,,,,,,,,,,,,,,,,,
,,,,,,,,,,,,,,,,,,,,,,,,,,,,,,,,,,,,,,,,,,,
,,,,,,,,,,,,,,,,,,,,,,,,,,,,,,,,,,,,,,,,,,,
,,,,,,,,,,,,,,,,,,,,,,,,,,,,,,,,,,,,,,,,,,,
,,,,,,,,,,,,,,,,,,,,,,,,,,,,,,,,,,,,,,,,,,,
,,,,,,,,,,,,,,,,,,,,,,,,,,,,,,,,,,,,,,,,,,,
,,,,,,,,,,,,,,,,,,,,,,,,,,,,,,,,,,,,,,,,,,,
,,,,,,,,,,,,,,,,,,,,,,,,,,,,,,,,,,,,,,,,,,,
,,,,,,,,,,,,,,,,,,,,,,,,,,,,,,,,,,,,,,,,,,,
,,,,,,,,,,,,,,,,,,,,,,,,,,,,,,,,,,,,,,,,,,,
,,,,,,,,,,,,,,,,,,,,,,,,,,,,,,,,,,,,,,,,,,,
,,,,,,,,,,,,,,,,,,,,,,,,,,,,,,,,,,,,,,,,,,,
,,,,,,,,,,,,,,,,,,,,,,,,,,,,,,,,,,,,,,,,,,,
,,,,,,,,,,,,,,,,,,,,,,,,,,,,,,,,,,,,,,,,,,,
,,,,,,,,,,,,,,,,,,,,,,,,,,,,,,,,,,,,,,,,,,,
,,,,,,,,,,,,,,,,,,,,,,,,,,,,,,,,,,,,,,,,,,,
,,,,,,,,,,,,,,,,,,,,,,,,,,,,,,,,,,,,,,,,,,,
,,,,,,,,,,,,,,,,,,,,,,,,,,,,,,,,,,,,,,,,,,,
,,,,,,,,,,,,,,,,,,,,,,,,,,,,,,,,,,,,,,,,,,,
,,,,,,,,,,,,,,,,,,,,,,,,,,,,,,,,,,,,,,,,,,,
,,,,,,,,,,,,,,,,,,,,,,,,,,,,,,,,,,,,,,,,,,,
,,,,,,,,,,,,,,,,,,,,,,,,,,,,,,,,,,,,,,,,,,,
,,,,,,,,,,,,,,,,,,,,,,,,,,,,,,,,,,,,,,,,,,,
,,,,,,,,,,,,,,,,,,,,,,,,,,,,,,,,,,,,,,,,,,,
,,,,,,,,,,,,,,,,,,,,,,,,,,,,,,,,,,,,,,,,,,,
,,,,,,,,,,,,,,,,,,,,,,,,,,,,,,,,,,,,,,,,,,,
,,,,,,,,,,,,,,,,,,,,,,,,,,,,,,,,,,,,,,,,,,,
,,,,,,,,,,,,,,,,,,,,,,,,,,,,,,,,,,,,,,,,,,,
,,,,,,,,,,,,,,,,,,,,,,,,,,,,,,,,,,,,,,,,,,,
,,,,,,,,,,,,,,,,,,,,,,,,,,,,,,,,,,,,,,,,,,,
,,,,,,,,,,,,,,,,,,,,,,,,,,,,,,,,,,,,,,,,,,,
,,,,,,,,,,,,,,,,,,,,,,,,,,,,,,,,,,,,,,,,,,,
,,,,,,,,,,,,,,,,,,,,,,,,,,,,,,,,,,,,,,,,,,,
,,,,,,,,,,,,,,,,,,,,,,,,,,,,,,,,,,,,,,,,,,,
,,,,,,,,,,,,,,,,,,,,,,,,,,,,,,,,,,,,,,,,,,,
,,,,,,,,,,,,,,,,,,,,,,,,,,,,,,,,,,,,,,,,,,,
,,,,,,,,,,,,,,,,,,,,,,,,,,,,,,,,,,,,,,,,,,,
,,,,,,,,,,,,,,,,,,,,,,,,,,,,,,,,,,,,,,,,,,,
,,,,,,,,,,,,,,,,,,,,,,,,,,,,,,,,,,,,,,,,,,,
,,,,,,,,,,,,,,,,,,,,,,,,,,,,,,,,,,,,,,,,,,,
,,,,,,,,,,,,,,,,,,,,,,,,,,,,,,,,,,,,,,,,,,,
,,,,,,,,,,,,,,,,,,,,,,,,,,,,,,,,,,,,,,,,,,,
,,,,,,,,,,,,,,,,,,,,,,,,,,,,,,,,,,,,,,,,,,,
,,,,,,,,,,,,,,,,,,,,,,,,,,,,,,,,,,,,,,,,,,,
,,,,,,,,,,,,,,,,,,,,,,,,,,,,,,,,,,,,,,,,,,,
,,,,,,,,,,,,,,,,,,,,,,,,,,,,,,,,,,,,,,,,,,,
,,,,,,,,,,,,,,,,,,,,,,,,,,,,,,,,,,,,,,,,,,,
,,,,,,,,,,,,,,,,,,,,,,,,,,,,,,,,,,,,,,,,,,,
,,,,,,,,,,,,,,,,,,,,,,,,,,,,,,,,,,,,,,,,,,,
,,,,,,,,,,,,,,,,,,,,,,,,,,,,,,,,,,,,,,,,,,,
,,,,,,,,,,,,,,,,,,,,,,,,,,,,,,,,,,,,,,,,,,,
,,,,,,,,,,,,,,,,,,,,,,,,,,,,,,,,,,,,,,,,,,,
,,,,,,,,,,,,,,,,,,,,,,,,,,,,,,,,,,,,,,,,,,,
,,,,,,,,,,,,,,,,,,,,,,,,,,,,,,,,,,,,,,,,,,,
,,,,,,,,,,,,,,,,,,,,,,,,,,,,,,,,,,,,,,,,,,,
,,,,,,,,,,,,,,,,,,,,,,,,,,,,,,,,,,,,,,,,,,,
,,,,,,,,,,,,,,,,,,,,,,,,,,,,,,,,,,,,,,,,,,,
,,,,,,,,,,,,,,,,,,,,,,,,,,,,,,,,,,,,,,,,,,,
,,,,,,,,,,,,,,,,,,,,,,,,,,,,,,,,,,,,,,,,,,,
,,,,,,,,,,,,,,,,,,,,,,,,,,,,,,,,,,,,,,,,,,,
,,,,,,,,,,,,,,,,,,,,,,,,,,,,,,,,,,,,,,,,,,,
,,,,,,,,,,,,,,,,,,,,,,,,,,,,,,,,,,,,,,,,,,,
,,,,,,,,,,,,,,,,,,,,,,,,,,,,,,,,,,,,,,,,,,,
,,,,,,,,,,,,,,,,,,,,,,,,,,,,,,,,,,,,,,,,,,,
,,,,,,,,,,,,,,,,,,,,,,,,,,,,,,,,,,,,,,,,,,,
,,,,,,,,,,,,,,,,,,,,,,,,,,,,,,,,,,,,,,,,,,,
,,,,,,,,,,,,,,,,,,,,,,,,,,,,,,,,,,,,,,,,,,,
,,,,,,,,,,,,,,,,,,,,,,,,,,,,,,,,,,,,,,,,,,,
,,,,,,,,,,,,,,,,,,,,,,,,,,,,,,,,,,,,,,,,,,,
,,,,,,,,,,,,,,,,,,,,,,,,,,,,,,,,,,,,,,,,,,,
,,,,,,,,,,,,,,,,,,,,,,,,,,,,,,,,,,,,,,,,,,,
,,,,,,,,,,,,,,,,,,,,,,,,,,,,,,,,,,,,,,,,,,,
,,,,,,,,,,,,,,,,,,,,,,,,,,,,,,,,,,,,,,,,,,,
,,,,,,,,,,,,,,,,,,,,,,,,,,,,,,,,,,,,,,,,,,,
,,,,,,,,,,,,,,,,,,,,,,,,,,,,,,,,,,,,,,,,,,,
,,,,,,,,,,,,,,,,,,,,,,,,,,,,,,,,,,,,,,,,,,,
,,,,,,,,,,,,,,,,,,,,,,,,,,,,,,,,,,,,,,,,,,,
,,,,,,,,,,,,,,,,,,,,,,,,,,,,,,,,,,,,,,,,,,,
,,,,,,,,,,,,,,,,,,,,,,,,,,,,,,,,,,,,,,,,,,,
,,,,,,,,,,,,,,,,,,,,,,,,,,,,,,,,,,,,,,,,,,,
,,,,,,,,,,,,,,,,,,,,,,,,,,,,,,,,,,,,,,,,,,,
,,,,,,,,,,,,,,,,,,,,,,,,,,,,,,,,,,,,,,,,,,,
,,,,,,,,,,,,,,,,,,,,,,,,,,,,,,,,,,,,,,,,,,,
,,,,,,,,,,,,,,,,,,,,,,,,,,,,,,,,,,,,,,,,,,,
,,,,,,,,,,,,,,,,,,,,,,,,,,,,,,,,,,,,,,,,,,,
,,,,,,,,,,,,,,,,,,,,,,,,,,,,,,,,,,,,,,,,,,,
,,,,,,,,,,,,,,,,,,,,,,,,,,,,,,,,,,,,,,,,,,,
,,,,,,,,,,,,,,,,,,,,,,,,,,,,,,,,,,,,,,,,,,,
,,,,,,,,,,,,,,,,,,,,,,,,,,,,,,,,,,,,,,,,,,,
,,,,,,,,,,,,,,,,,,,,,,,,,,,,,,,,,,,,,,,,,,,
,,,,,,,,,,,,,,,,,,,,,,,,,,,,,,,,,,,,,,,,,,,
,,,,,,,,,,,,,,,,,,,,,,,,,,,,,,,,,,,,,,,,,,,
,,,,,,,,,,,,,,,,,,,,,,,,,,,,,,,,,,,,,,,,,,,
,,,,,,,,,,,,,,,,,,,,,,,,,,,,,,,,,,,,,,,,,,,
,,,,,,,,,,,,,,,,,,,,,,,,,,,,,,,,,,,,,,,,,,,
,,,,,,,,,,,,,,,,,,,,,,,,,,,,,,,,,,,,,,,,,,,
,,,,,,,,,,,,,,,,,,,,,,,,,,,,,,,,,,,,,,,,,,,
,,,,,,,,,,,,,,,,,,,,,,,,,,,,,,,,,,,,,,,,,,,
,,,,,,,,,,,,,,,,,,,,,,,,,,,,,,,,,,,,,,,,,,,
,,,,,,,,,,,,,,,,,,,,,,,,,,,,,,,,,,,,,,,,,,,
,,,,,,,,,,,,,,,,,,,,,,,,,,,,,,,,,,,,,,,,,,,
,,,,,,,,,,,,,,,,,,,,,,,,,,,,,,,,,,,,,,,,,,,
,,,,,,,,,,,,,,,,,,,,,,,,,,,,,,,,,,,,,,,,,,,
,,,,,,,,,,,,,,,,,,,,,,,,,,,,,,,,,,,,,,,,,,,
,,,,,,,,,,,,,,,,,,,,,,,,,,,,,,,,,,,,,,,,,,,
,,,,,,,,,,,,,,,,,,,,,,,,,,,,,,,,,,,,,,,,,,,
,,,,,,,,,,,,,,,,,,,,,,,,,,,,,,,,,,,,,,,,,,,
,,,,,,,,,,,,,,,,,,,,,,,,,,,,,,,,,,,,,,,,,,,
,,,,,,,,,,,,,,,,,,,,,,,,,,,,,,,,,,,,,,,,,,,
,,,,,,,,,,,,,,,,,,,,,,,,,,,,,,,,,,,,,,,,,,,
,,,,,,,,,,,,,,,,,,,,,,,,,,,,,,,,,,,,,,,,,,,
,,,,,,,,,,,,,,,,,,,,,,,,,,,,,,,,,,,,,,,,,,,
,,,,,,,,,,,,,,,,,,,,,,,,,,,,,,,,,,,,,,,,,,,
,,,,,,,,,,,,,,,,,,,,,,,,,,,,,,,,,,,,,,,,,,,
,,,,,,,,,,,,,,,,,,,,,,,,,,,,,,,,,,,,,,,,,,,
,,,,,,,,,,,,,,,,,,,,,,,,,,,,,,,,,,,,,,,,,,,
,,,,,,,,,,,,,,,,,,,,,,,,,,,,,,,,,,,,,,,,,,,
,,,,,,,,,,,,,,,,,,,,,,,,,,,,,,,,,,,,,,,,,,,
,,,,,,,,,,,,,,,,,,,,,,,,,,,,,,,,,,,,,,,,,,,
,,,,,,,,,,,,,,,,,,,,,,,,,,,,,,,,,,,,,,,,,,,
,,,,,,,,,,,,,,,,,,,,,,,,,,,,,,,,,,,,,,,,,,,
,,,,,,,,,,,,,,,,,,,,,,,,,,,,,,,,,,,,,,,,,,,
,,,,,,,,,,,,,,,,,,,,,,,,,,,,,,,,,,,,,,,,,,,
,,,,,,,,,,,,,,,,,,,,,,,,,,,,,,,,,,,,,,,,,,,
,,,,,,,,,,,,,,,,,,,,,,,,,,,,,,,,,,,,,,,,,,,
,,,,,,,,,,,,,,,,,,,,,,,,,,,,,,,,,,,,,,,,,,,
,,,,,,,,,,,,,,,,,,,,,,,,,,,,,,,,,,,,,,,,,,,
,,,,,,,,,,,,,,,,,,,,,,,,,,,,,,,,,,,,,,,,,,,
,,,,,,,,,,,,,,,,,,,,,,,,,,,,,,,,,,,,,,,,,,,
,,,,,,,,,,,,,,,,,,,,,,,,,,,,,,,,,,,,,,,,,,,
,,,,,,,,,,,,,,,,,,,,,,,,,,,,,,,,,,,,,,,,,,,
,,,,,,,,,,,,,,,,,,,,,,,,,,,,,,,,,,,,,,,,,,,
,,,,,,,,,,,,,,,,,,,,,,,,,,,,,,,,,,,,,,,,,,,
,,,,,,,,,,,,,,,,,,,,,,,,,,,,,,,,,,,,,,,,,,,
,,,,,,,,,,,,,,,,,,,,,,,,,,,,,,,,,,,,,,,,,,,
,,,,,,,,,,,,,,,,,,,,,,,,,,,,,,,,,,,,,,,,,,,
,,,,,,,,,,,,,,,,,,,,,,,,,,,,,,,,,,,,,,,,,,,
,,,,,,,,,,,,,,,,,,,,,,,,,,,,,,,,,,,,,,,,,,,
,,,,,,,,,,,,,,,,,,,,,,,,,,,,,,,,,,,,,,,,,,,
,,,,,,,,,,,,,,,,,,,,,,,,,,,,,,,,,,,,,,,,,,,
,,,,,,,,,,,,,,,,,,,,,,,,,,,,,,,,,,,,,,,,,,,
,,,,,,,,,,,,,,,,,,,,,,,,,,,,,,,,,,,,,,,,,,,
,,,,,,,,,,,,,,,,,,,,,,,,,,,,,,,,,,,,,,,,,,,
,,,,,,,,,,,,,,,,,,,,,,,,,,,,,,,,,,,,,,,,,,,
,,,,,,,,,,,,,,,,,,,,,,,,,,,,,,,,,,,,,,,,,,,
,,,,,,,,,,,,,,,,,,,,,,,,,,,,,,,,,,,,,,,,,,,
,,,,,,,,,,,,,,,,,,,,,,,,,,,,,,,,,,,,,,,,,,,
,,,,,,,,,,,,,,,,,,,,,,,,,,,,,,,,,,,,,,,,,,,
,,,,,,,,,,,,,,,,,,,,,,,,,,,,,,,,,,,,,,,,,,,
,,,,,,,,,,,,,,,,,,,,,,,,,,,,,,,,,,,,,,,,,,,
,,,,,,,,,,,,,,,,,,,,,,,,,,,,,,,,,,,,,,,,,,,
,,,,,,,,,,,,,,,,,,,,,,,,,,,,,,,,,,,,,,,,,,,
,,,,,,,,,,,,,,,,,,,,,,,,,,,,,,,,,,,,,,,,,,,
,,,,,,,,,,,,,,,,,,,,,,,,,,,,,,,,,,,,,,,,,,,
,,,,,,,,,,,,,,,,,,,,,,,,,,,,,,,,,,,,,,,,,,,
,,,,,,,,,,,,,,,,,,,,,,,,,,,,,,,,,,,,,,,,,,,
,,,,,,,,,,,,,,,,,,,,,,,,,,,,,,,,,,,,,,,,,,,
,,,,,,,,,,,,,,,,,,,,,,,,,,,,,,,,,,,,,,,,,,,
,,,,,,,,,,,,,,,,,,,,,,,,,,,,,,,,,,,,,,,,,,,
,,,,,,,,,,,,,,,,,,,,,,,,,,,,,,,,,,,,,,,,,,,
,,,,,,,,,,,,,,,,,,,,,,,,,,,,,,,,,,,,,,,,,,,
,,,,,,,,,,,,,,,,,,,,,,,,,,,,,,,,,,,,,,,,,,,
,,,,,,,,,,,,,,,,,,,,,,,,,,,,,,,,,,,,,,,,,,,
,,,,,,,,,,,,,,,,,,,,,,,,,,,,,,,,,,,,,,,,,,,
,,,,,,,,,,,,,,,,,,,,,,,,,,,,,,,,,,,,,,,,,,,
,,,,,,,,,,,,,,,,,,,,,,,,,,,,,,,,,,,,,,,,,,,
,,,,,,,,,,,,,,,,,,,,,,,,,,,,,,,,,,,,,,,,,,,
,,,,,,,,,,,,,,,,,,,,,,,,,,,,,,,,,,,,,,,,,,,
,,,,,,,,,,,,,,,,,,,,,,,,,,,,,,,,,,,,,,,,,,,
,,,,,,,,,,,,,,,,,,,,,,,,,,,,,,,,,,,,,,,,,,,
,,,,,,,,,,,,,,,,,,,,,,,,,,,,,,,,,,,,,,,,,,,
,,,,,,,,,,,,,,,,,,,,,,,,,,,,,,,,,,,,,,,,,,,
,,,,,,,,,,,,,,,,,,,,,,,,,,,,,,,,,,,,,,,,,,,
,,,,,,,,,,,,,,,,,,,,,,,,,,,,,,,,,,,,,,,,,,,
,,,,,,,,,,,,,,,,,,,,,,,,,,,,,,,,,,,,,,,,,,,
,,,,,,,,,,,,,,,,,,,,,,,,,,,,,,,,,,,,,,,,,,,
,,,,,,,,,,,,,,,,,,,,,,,,,,,,,,,,,,,,,,,,,,,
,,,,,,,,,,,,,,,,,,,,,,,,,,,,,,,,,,,,,,,,,,,
,,,,,,,,,,,,,,,,,,,,,,,,,,,,,,,,,,,,,,,,,,,
,,,,,,,,,,,,,,,,,,,,,,,,,,,,,,,,,,,,,,,,,,,
,,,,,,,,,,,,,,,,,,,,,,,,,,,,,,,,,,,,,,,,,,,
,,,,,,,,,,,,,,,,,,,,,,,,,,,,,,,,,,,,,,,,,,,
,,,,,,,,,,,,,,,,,,,,,,,,,,,,,,,,,,,,,,,,,,,
,,,,,,,,,,,,,,,,,,,,,,,,,,,,,,,,,,,,,,,,,,,
,,,,,,,,,,,,,,,,,,,,,,,,,,,,,,,,,,,,,,,,,,,
,,,,,,,,,,,,,,,,,,,,,,,,,,,,,,,,,,,,,,,,,,,
,,,,,,,,,,,,,,,,,,,,,,,,,,,,,,,,,,,,,,,,,,,
,,,,,,,,,,,,,,,,,,,,,,,,,,,,,,,,,,,,,,,,,,,
,,,,,,,,,,,,,,,,,,,,,,,,,,,,,,,,,,,,,,,,,,,
,,,,,,,,,,,,,,,,,,,,,,,,,,,,,,,,,,,,,,,,,,,
,,,,,,,,,,,,,,,,,,,,,,,,,,,,,,,,,,,,,,,,,,,
,,,,,,,,,,,,,,,,,,,,,,,,,,,,,,,,,,,,,,,,,,,
,,,,,,,,,,,,,,,,,,,,,,,,,,,,,,,,,,,,,,,,,,,
,,,,,,,,,,,,,,,,,,,,,,,,,,,,,,,,,,,,,,,,,,,
,,,,,,,,,,,,,,,,,,,,,,,,,,,,,,,,,,,,,,,,,,,
,,,,,,,,,,,,,,,,,,,,,,,,,,,,,,,,,,,,,,,,,,,
,,,,,,,,,,,,,,,,,,,,,,,,,,,,,,,,,,,,,,,,,,,
,,,,,,,,,,,,,,,,,,,,,,,,,,,,,,,,,,,,,,,,,,,
,,,,,,,,,,,,,,,,,,,,,,,,,,,,,,,,,,,,,,,,,,,
,,,,,,,,,,,,,,,,,,,,,,,,,,,,,,,,,,,,,,,,,,,
,,,,,,,,,,,,,,,,,,,,,,,,,,,,,,,,,,,,,,,,,,,
,,,,,,,,,,,,,,,,,,,,,,,,,,,,,,,,,,,,,,,,,,,
,,,,,,,,,,,,,,,,,,,,,,,,,,,,,,,,,,,,,,,,,,,
,,,,,,,,,,,,,,,,,,,,,,,,,,,,,,,,,,,,,,,,,,,
,,,,,,,,,,,,,,,,,,,,,,,,,,,,,,,,,,,,,,,,,,,
,,,,,,,,,,,,,,,,,,,,,,,,,,,,,,,,,,,,,,,,,,,
,,,,,,,,,,,,,,,,,,,,,,,,,,,,,,,,,,,,,,,,,,,
,,,,,,,,,,,,,,,,,,,,,,,,,,,,,,,,,,,,,,,,,,,
,,,,,,,,,,,,,,,,,,,,,,,,,,,,,,,,,,,,,,,,,,,
,,,,,,,,,,,,,,,,,,,,,,,,,,,,,,,,,,,,,,,,,,,
,,,,,,,,,,,,,,,,,,,,,,,,,,,,,,,,,,,,,,,,,,,
,,,,,,,,,,,,,,,,,,,,,,,,,,,,,,,,,,,,,,,,,,,
,,,,,,,,,,,,,,,,,,,,,,,,,,,,,,,,,,,,,,,,,,,
,,,,,,,,,,,,,,,,,,,,,,,,,,,,,,,,,,,,,,,,,,,
,,,,,,,,,,,,,,,,,,,,,,,,,,,,,,,,,,,,,,,,,,,
,,,,,,,,,,,,,,,,,,,,,,,,,,,,,,,,,,,,,,,,,,,
,,,,,,,,,,,,,,,,,,,,,,,,,,,,,,,,,,,,,,,,,,,
,,,,,,,,,,,,,,,,,,,,,,,,,,,,,,,,,,,,,,,,,,,
,,,,,,,,,,,,,,,,,,,,,,,,,,,,,,,,,,,,,,,,,,,
,,,,,,,,,,,,,,,,,,,,,,,,,,,,,,,,,,,,,,,,,,,
,,,,,,,,,,,,,,,,,,,,,,,,,,,,,,,,,,,,,,,,,,,
,,,,,,,,,,,,,,,,,,,,,,,,,,,,,,,,,,,,,,,,,,,
,,,,,,,,,,,,,,,,,,,,,,,,,,,,,,,,,,,,,,,,,,,
,,,,,,,,,,,,,,,,,,,,,,,,,,,,,,,,,,,,,,,,,,,
,,,,,,,,,,,,,,,,,,,,,,,,,,,,,,,,,,,,,,,,,,,
,,,,,,,,,,,,,,,,,,,,,,,,,,,,,,,,,,,,,,,,,,,
,,,,,,,,,,,,,,,,,,,,,,,,,,,,,,,,,,,,,,,,,,,
,,,,,,,,,,,,,,,,,,,,,,,,,,,,,,,,,,,,,,,,,,,
,,,,,,,,,,,,,,,,,,,,,,,,,,,,,,,,,,,,,,,,,,,
,,,,,,,,,,,,,,,,,,,,,,,,,,,,,,,,,,,,,,,,,,,
,,,,,,,,,,,,,,,,,,,,,,,,,,,,,,,,,,,,,,,,,,,
,,,,,,,,,,,,,,,,,,,,,,,,,,,,,,,,,,,,,,,,,,,
,,,,,,,,,,,,,,,,,,,,,,,,,,,,,,,,,,,,,,,,,,,
,,,,,,,,,,,,,,,,,,,,,,,,,,,,,,,,,,,,,,,,,,,
,,,,,,,,,,,,,,,,,,,,,,,,,,,,,,,,,,,,,,,,,,,
,,,,,,,,,,,,,,,,,,,,,,,,,,,,,,,,,,,,,,,,,,,
,,,,,,,,,,,,,,,,,,,,,,,,,,,,,,,,,,,,,,,,,,,
,,,,,,,,,,,,,,,,,,,,,,,,,,,,,,,,,,,,,,,,,,,
,,,,,,,,,,,,,,,,,,,,,,,,,,,,,,,,,,,,,,,,,,,
,,,,,,,,,,,,,,,,,,,,,,,,,,,,,,,,,,,,,,,,,,,
,,,,,,,,,,,,,,,,,,,,,,,,,,,,,,,,,,,,,,,,,,,
,,,,,,,,,,,,,,,,,,,,,,,,,,,,,,,,,,,,,,,,,,,
,,,,,,,,,,,,,,,,,,,,,,,,,,,,,,,,,,,,,,,,,,,
,,,,,,,,,,,,,,,,,,,,,,,,,,,,,,,,,,,,,,,,,,,
,,,,,,,,,,,,,,,,,,,,,,,,,,,,,,,,,,,,,,,,,,,
,,,,,,,,,,,,,,,,,,,,,,,,,,,,,,,,,,,,,,,,,,,
,,,,,,,,,,,,,,,,,,,,,,,,,,,,,,,,,,,,,,,,,,,
,,,,,,,,,,,,,,,,,,,,,,,,,,,,,,,,,,,,,,,,,,,
,,,,,,,,,,,,,,,,,,,,,,,,,,,,,,,,,,,,,,,,,,,
,,,,,,,,,,,,,,,,,,,,,,,,,,,,,,,,,,,,,,,,,,,
,,,,,,,,,,,,,,,,,,,,,,,,,,,,,,,,,,,,,,,,,,,
,,,,,,,,,,,,,,,,,,,,,,,,,,,,,,,,,,,,,,,,,,,
,,,,,,,,,,,,,,,,,,,,,,,,,,,,,,,,,,,,,,,,,,,
,,,,,,,,,,,,,,,,,,,,,,,,,,,,,,,,,,,,,,,,,,,
,,,,,,,,,,,,,,,,,,,,,,,,,,,,,,,,,,,,,,,,,,,
,,,,,,,,,,,,,,,,,,,,,,,,,,,,,,,,,,,,,,,,,,,
,,,,,,,,,,,,,,,,,,,,,,,,,,,,,,,,,,,,,,,,,,,
,,,,,,,,,,,,,,,,,,,,,,,,,,,,,,,,,,,,,,,,,,,
,,,,,,,,,,,,,,,,,,,,,,,,,,,,,,,,,,,,,,,,,,,
,,,,,,,,,,,,,,,,,,,,,,,,,,,,,,,,,,,,,,,,,,,
,,,,,,,,,,,,,,,,,,,,,,,,,,,,,,,,,,,,,,,,,,,
,,,,,,,,,,,,,,,,,,,,,,,,,,,,,,,,,,,,,,,,,,,
,,,,,,,,,,,,,,,,,,,,,,,,,,,,,,,,,,,,,,,,,,,
,,,,,,,,,,,,,,,,,,,,,,,,,,,,,,,,,,,,,,,,,,,
,,,,,,,,,,,,,,,,,,,,,,,,,,,,,,,,,,,,,,,,,,,
,,,,,,,,,,,,,,,,,,,,,,,,,,,,,,,,,,,,,,,,,,,
,,,,,,,,,,,,,,,,,,,,,,,,,,,,,,,,,,,,,,,,,,,
,,,,,,,,,,,,,,,,,,,,,,,,,,,,,,,,,,,,,,,,,,,
,,,,,,,,,,,,,,,,,,,,,,,,,,,,,,,,,,,,,,,,,,,
,,,,,,,,,,,,,,,,,,,,,,,,,,,,,,,,,,,,,,,,,,,
,,,,,,,,,,,,,,,,,,,,,,,,,,,,,,,,,,,,,,,,,,,
,,,,,,,,,,,,,,,,,,,,,,,,,,,,,,,,,,,,,,,,,,,
,,,,,,,,,,,,,,,,,,,,,,,,,,,,,,,,,,,,,,,,,,,
,,,,,,,,,,,,,,,,,,,,,,,,,,,,,,,,,,,,,,,,,,,
,,,,,,,,,,,,,,,,,,,,,,,,,,,,,,,,,,,,,,,,,,,
,,,,,,,,,,,,,,,,,,,,,,,,,,,,,,,,,,,,,,,,,,,
,,,,,,,,,,,,,,,,,,,,,,,,,,,,,,,,,,,,,,,,,,,
,,,,,,,,,,,,,,,,,,,,,,,,,,,,,,,,,,,,,,,,,,,
,,,,,,,,,,,,,,,,,,,,,,,,,,,,,,,,,,,,,,,,,,,
,,,,,,,,,,,,,,,,,,,,,,,,,,,,,,,,,,,,,,,,,,,
,,,,,,,,,,,,,,,,,,,,,,,,,,,,,,,,,,,,,,,,,,,
,,,,,,,,,,,,,,,,,,,,,,,,,,,,,,,,,,,,,,,,,,,
,,,,,,,,,,,,,,,,,,,,,,,,,,,,,,,,,,,,,,,,,,,
,,,,,,,,,,,,,,,,,,,,,,,,,,,,,,,,,,,,,,,,,,,
,,,,,,,,,,,,,,,,,,,,,,,,,,,,,,,,,,,,,,,,,,,
,,,,,,,,,,,,,,,,,,,,,,,,,,,,,,,,,,,,,,,,,,,
,,,,,,,,,,,,,,,,,,,,,,,,,,,,,,,,,,,,,,,,,,,
,,,,,,,,,,,,,,,,,,,,,,,,,,,,,,,,,,,,,,,,,,,
,,,,,,,,,,,,,,,,,,,,,,,,,,,,,,,,,,,,,,,,,,,
,,,,,,,,,,,,,,,,,,,,,,,,,,,,,,,,,,,,,,,,,,,
,,,,,,,,,,,,,,,,,,,,,,,,,,,,,,,,,,,,,,,,,,,
,,,,,,,,,,,,,,,,,,,,,,,,,,,,,,,,,,,,,,,,,,,
,,,,,,,,,,,,,,,,,,,,,,,,,,,,,,,,,,,,,,,,,,,
,,,,,,,,,,,,,,,,,,,,,,,,,,,,,,,,,,,,,,,,,,,
,,,,,,,,,,,,,,,,,,,,,,,,,,,,,,,,,,,,,,,,,,,
,,,,,,,,,,,,,,,,,,,,,,,,,,,,,,,,,,,,,,,,,,,
,,,,,,,,,,,,,,,,,,,,,,,,,,,,,,,,,,,,,,,,,,,
,,,,,,,,,,,,,,,,,,,,,,,,,,,,,,,,,,,,,,,,,,,
,,,,,,,,,,,,,,,,,,,,,,,,,,,,,,,,,,,,,,,,,,,
,,,,,,,,,,,,,,,,,,,,,,,,,,,,,,,,,,,,,,,,,,,
,,,,,,,,,,,,,,,,,,,,,,,,,,,,,,,,,,,,,,,,,,,
,,,,,,,,,,,,,,,,,,,,,,,,,,,,,,,,,,,,,,,,,,,
,,,,,,,,,,,,,,,,,,,,,,,,,,,,,,,,,,,,,,,,,,,
,,,,,,,,,,,,,,,,,,,,,,,,,,,,,,,,,,,,,,,,,,,
,,,,,,,,,,,,,,,,,,,,,,,,,,,,,,,,,,,,,,,,,,,
,,,,,,,,,,,,,,,,,,,,,,,,,,,,,,,,,,,,,,,,,,,
,,,,,,,,,,,,,,,,,,,,,,,,,,,,,,,,,,,,,,,,,,,
,,,,,,,,,,,,,,,,,,,,,,,,,,,,,,,,,,,,,,,,,,,
,,,,,,,,,,,,,,,,,,,,,,,,,,,,,,,,,,,,,,,,,,,
,,,,,,,,,,,,,,,,,,,,,,,,,,,,,,,,,,,,,,,,,,,
,,,,,,,,,,,,,,,,,,,,,,,,,,,,,,,,,,,,,,,,,,,
,,,,,,,,,,,,,,,,,,,,,,,,,,,,,,,,,,,,,,,,,,,
,,,,,,,,,,,,,,,,,,,,,,,,,,,,,,,,,,,,,,,,,,,
,,,,,,,,,,,,,,,,,,,,,,,,,,,,,,,,,,,,,,,,,,,
,,,,,,,,,,,,,,,,,,,,,,,,,,,,,,,,,,,,,,,,,,,
,,,,,,,,,,,,,,,,,,,,,,,,,,,,,,,,,,,,,,,,,,,
,,,,,,,,,,,,,,,,,,,,,,,,,,,,,,,,,,,,,,,,,,,
,,,,,,,,,,,,,,,,,,,,,,,,,,,,,,,,,,,,,,,,,,,
,,,,,,,,,,,,,,,,,,,,,,,,,,,,,,,,,,,,,,,,,,,
,,,,,,,,,,,,,,,,,,,,,,,,,,,,,,,,,,,,,,,,,,,
,,,,,,,,,,,,,,,,,,,,,,,,,,,,,,,,,,,,,,,,,,,
,,,,,,,,,,,,,,,,,,,,,,,,,,,,,,,,,,,,,,,,,,,
,,,,,,,,,,,,,,,,,,,,,,,,,,,,,,,,,,,,,,,,,,,
,,,,,,,,,,,,,,,,,,,,,,,,,,,,,,,,,,,,,,,,,,,
,,,,,,,,,,,,,,,,,,,,,,,,,,,,,,,,,,,,,,,,,,,
,,,,,,,,,,,,,,,,,,,,,,,,,,,,,,,,,,,,,,,,,,,
,,,,,,,,,,,,,,,,,,,,,,,,,,,,,,,,,,,,,,,,,,,
,,,,,,,,,,,,,,,,,,,,,,,,,,,,,,,,,,,,,,,,,,,
,,,,,,,,,,,,,,,,,,,,,,,,,,,,,,,,,,,,,,,,,,,
,,,,,,,,,,,,,,,,,,,,,,,,,,,,,,,,,,,,,,,,,,,
,,,,,,,,,,,,,,,,,,,,,,,,,,,,,,,,,,,,,,,,,,,
,,,,,,,,,,,,,,,,,,,,,,,,,,,,,,,,,,,,,,,,,,,
,,,,,,,,,,,,,,,,,,,,,,,,,,,,,,,,,,,,,,,,,,,
,,,,,,,,,,,,,,,,,,,,,,,,,,,,,,,,,,,,,,,,,,,
,,,,,,,,,,,,,,,,,,,,,,,,,,,,,,,,,,,,,,,,,,,
,,,,,,,,,,,,,,,,,,,,,,,,,,,,,,,,,,,,,,,,,,,
,,,,,,,,,,,,,,,,,,,,,,,,,,,,,,,,,,,,,,,,,,,
,,,,,,,,,,,,,,,,,,,,,,,,,,,,,,,,,,,,,,,,,,,
,,,,,,,,,,,,,,,,,,,,,,,,,,,,,,,,,,,,,,,,,,,
,,,,,,,,,,,,,,,,,,,,,,,,,,,,,,,,,,,,,,,,,,,
,,,,,,,,,,,,,,,,,,,,,,,,,,,,,,,,,,,,,,,,,,,
,,,,,,,,,,,,,,,,,,,,,,,,,,,,,,,,,,,,,,,,,,,
,,,,,,,,,,,,,,,,,,,,,,,,,,,,,,,,,,,,,,,,,,,
,,,,,,,,,,,,,,,,,,,,,,,,,,,,,,,,,,,,,,,,,,,
,,,,,,,,,,,,,,,,,,,,,,,,,,,,,,,,,,,,,,,,,,,
,,,,,,,,,,,,,,,,,,,,,,,,,,,,,,,,,,,,,,,,,,,
,,,,,,,,,,,,,,,,,,,,,,,,,,,,,,,,,,,,,,,,,,,
,,,,,,,,,,,,,,,,,,,,,,,,,,,,,,,,,,,,,,,,,,,
,,,,,,,,,,,,,,,,,,,,,,,,,,,,,,,,,,,,,,,,,,,
,,,,,,,,,,,,,,,,,,,,,,,,,,,,,,,,,,,,,,,,,,,
,,,,,,,,,,,,,,,,,,,,,,,,,,,,,,,,,,,,,,,,,,,
,,,,,,,,,,,,,,,,,,,,,,,,,,,,,,,,,,,,,,,,,,,
,,,,,,,,,,,,,,,,,,,,,,,,,,,,,,,,,,,,,,,,,,,
,,,,,,,,,,,,,,,,,,,,,,,,,,,,,,,,,,,,,,,,,,,
,,,,,,,,,,,,,,,,,,,,,,,,,,,,,,,,,,,,,,,,,,,
,,,,,,,,,,,,,,,,,,,,,,,,,,,,,,,,,,,,,,,,,,,
,,,,,,,,,,,,,,,,,,,,,,,,,,,,,,,,,,,,,,,,,,,
,,,,,,,,,,,,,,,,,,,,,,,,,,,,,,,,,,,,,,,,,,,
,,,,,,,,,,,,,,,,,,,,,,,,,,,,,,,,,,,,,,,,,,,
,,,,,,,,,,,,,,,,,,,,,,,,,,,,,,,,,,,,,,,,,,,
,,,,,,,,,,,,,,,,,,,,,,,,,,,,,,,,,,,,,,,,,,,
,,,,,,,,,,,,,,,,,,,,,,,,,,,,,,,,,,,,,,,,,,,
,,,,,,,,,,,,,,,,,,,,,,,,,,,,,,,,,,,,,,,,,,,
,,,,,,,,,,,,,,,,,,,,,,,,,,,,,,,,,,,,,,,,,,,
,,,,,,,,,,,,,,,,,,,,,,,,,,,,,,,,,,,,,,,,,,,
,,,,,,,,,,,,,,,,,,,,,,,,,,,,,,,,,,,,,,,,,,,
,,,,,,,,,,,,,,,,,,,,,,,,,,,,,,,,,,,,,,,,,,,
,,,,,,,,,,,,,,,,,,,,,,,,,,,,,,,,,,,,,,,,,,,
,,,,,,,,,,,,,,,,,,,,,,,,,,,,,,,,,,,,,,,,,,,
,,,,,,,,,,,,,,,,,,,,,,,,,,,,,,,,,,,,,,,,,,,
,,,,,,,,,,,,,,,,,,,,,,,,,,,,,,,,,,,,,,,,,,,
,,,,,,,,,,,,,,,,,,,,,,,,,,,,,,,,,,,,,,,,,,,
,,,,,,,,,,,,,,,,,,,,,,,,,,,,,,,,,,,,,,,,,,,
,,,,,,,,,,,,,,,,,,,,,,,,,,,,,,,,,,,,,,,,,,,
,,,,,,,,,,,,,,,,,,,,,,,,,,,,,,,,,,,,,,,,,,,
,,,,,,,,,,,,,,,,,,,,,,,,,,,,,,,,,,,,,,,,,,,
,,,,,,,,,,,,,,,,,,,,,,,,,,,,,,,,,,,,,,,,,,,
,,,,,,,,,,,,,,,,,,,,,,,,,,,,,,,,,,,,,,,,,,,
,,,,,,,,,,,,,,,,,,,,,,,,,,,,,,,,,,,,,,,,,,,
,,,,,,,,,,,,,,,,,,,,,,,,,,,,,,,,,,,,,,,,,,,
,,,,,,,,,,,,,,,,,,,,,,,,,,,,,,,,,,,,,,,,,,,
,,,,,,,,,,,,,,,,,,,,,,,,,,,,,,,,,,,,,,,,,,,
,,,,,,,,,,,,,,,,,,,,,,,,,,,,,,,,,,,,,,,,,,,
,,,,,,,,,,,,,,,,,,,,,,,,,,,,,,,,,,,,,,,,,,,
,,,,,,,,,,,,,,,,,,,,,,,,,,,,,,,,,,,,,,,,,,,
,,,,,,,,,,,,,,,,,,,,,,,,,,,,,,,,,,,,,,,,,,,
,,,,,,,,,,,,,,,,,,,,,,,,,,,,,,,,,,,,,,,,,,,
,,,,,,,,,,,,,,,,,,,,,,,,,,,,,,,,,,,,,,,,,,,
,,,,,,,,,,,,,,,,,,,,,,,,,,,,,,,,,,,,,,,,,,,
,,,,,,,,,,,,,,,,,,,,,,,,,,,,,,,,,,,,,,,,,,,
,,,,,,,,,,,,,,,,,,,,,,,,,,,,,,,,,,,,,,,,,,,
,,,,,,,,,,,,,,,,,,,,,,,,,,,,,,,,,,,,,,,,,,,
,,,,,,,,,,,,,,,,,,,,,,,,,,,,,,,,,,,,,,,,,,,
,,,,,,,,,,,,,,,,,,,,,,,,,,,,,,,,,,,,,,,,,,,
,,,,,,,,,,,,,,,,,,,,,,,,,,,,,,,,,,,,,,,,,,,
,,,,,,,,,,,,,,,,,,,,,,,,,,,,,,,,,,,,,,,,,,,
,,,,,,,,,,,,,,,,,,,,,,,,,,,,,,,,,,,,,,,,,,,
,,,,,,,,,,,,,,,,,,,,,,,,,,,,,,,,,,,,,,,,,,,
,,,,,,,,,,,,,,,,,,,,,,,,,,,,,,,,,,,,,,,,,,,
,,,,,,,,,,,,,,,,,,,,,,,,,,,,,,,,,,,,,,,,,,,
,,,,,,,,,,,,,,,,,,,,,,,,,,,,,,,,,,,,,,,,,,,
,,,,,,,,,,,,,,,,,,,,,,,,,,,,,,,,,,,,,,,,,,,
,,,,,,,,,,,,,,,,,,,,,,,,,,,,,,,,,,,,,,,,,,,
,,,,,,,,,,,,,,,,,,,,,,,,,,,,,,,,,,,,,,,,,,,
,,,,,,,,,,,,,,,,,,,,,,,,,,,,,,,,,,,,,,,,,,,
,,,,,,,,,,,,,,,,,,,,,,,,,,,,,,,,,,,,,,,,,,,
,,,,,,,,,,,,,,,,,,,,,,,,,,,,,,,,,,,,,,,,,,,
,,,,,,,,,,,,,,,,,,,,,,,,,,,,,,,,,,,,,,,,,,,
,,,,,,,,,,,,,,,,,,,,,,,,,,,,,,,,,,,,,,,,,,,
,,,,,,,,,,,,,,,,,,,,,,,,,,,,,,,,,,,,,,,,,,,
,,,,,,,,,,,,,,,,,,,,,,,,,,,,,,,,,,,,,,,,,,,
,,,,,,,,,,,,,,,,,,,,,,,,,,,,,,,,,,,,,,,,,,,
,,,,,,,,,,,,,,,,,,,,,,,,,,,,,,,,,,,,,,,,,,,
,,,,,,,,,,,,,,,,,,,,,,,,,,,,,,,,,,,,,,,,,,,
,,,,,,,,,,,,,,,,,,,,,,,,,,,,,,,,,,,,,,,,,,,
,,,,,,,,,,,,,,,,,,,,,,,,,,,,,,,,,,,,,,,,,,,
,,,,,,,,,,,,,,,,,,,,,,,,,,,,,,,,,,,,,,,,,,,
,,,,,,,,,,,,,,,,,,,,,,,,,,,,,,,,,,,,,,,,,,,
,,,,,,,,,,,,,,,,,,,,,,,,,,,,,,,,,,,,,,,,,,,
,,,,,,,,,,,,,,,,,,,,,,,,,,,,,,,,,,,,,,,,,,,
,,,,,,,,,,,,,,,,,,,,,,,,,,,,,,,,,,,,,,,,,,,
,,,,,,,,,,,,,,,,,,,,,,,,,,,,,,,,,,,,,,,,,,,
,,,,,,,,,,,,,,,,,,,,,,,,,,,,,,,,,,,,,,,,,,,
,,,,,,,,,,,,,,,,,,,,,,,,,,,,,,,,,,,,,,,,,,,
,,,,,,,,,,,,,,,,,,,,,,,,,,,,,,,,,,,,,,,,,,,
,,,,,,,,,,,,,,,,,,,,,,,,,,,,,,,,,,,,,,,,,,,
,,,,,,,,,,,,,,,,,,,,,,,,,,,,,,,,,,,,,,,,,,,
,,,,,,,,,,,,,,,,,,,,,,,,,,,,,,,,,,,,,,,,,,,
,,,,,,,,,,,,,,,,,,,,,,,,,,,,,,,,,,,,,,,,,,,
,,,,,,,,,,,,,,,,,,,,,,,,,,,,,,,,,,,,,,,,,,,
,,,,,,,,,,,,,,,,,,,,,,,,,,,,,,,,,,,,,,,,,,,
,,,,,,,,,,,,,,,,,,,,,,,,,,,,,,,,,,,,,,,,,,,
,,,,,,,,,,,,,,,,,,,,,,,,,,,,,,,,,,,,,,,,,,,
,,,,,,,,,,,,,,,,,,,,,,,,,,,,,,,,,,,,,,,,,,,
,,,,,,,,,,,,,,,,,,,,,,,,,,,,,,,,,,,,,,,,,,,
,,,,,,,,,,,,,,,,,,,,,,,,,,,,,,,,,,,,,,,,,,,
,,,,,,,,,,,,,,,,,,,,,,,,,,,,,,,,,,,,,,,,,,,
,,,,,,,,,,,,,,,,,,,,,,,,,,,,,,,,,,,,,,,,,,,
,,,,,,,,,,,,,,,,,,,,,,,,,,,,,,,,,,,,,,,,,,,
,,,,,,,,,,,,,,,,,,,,,,,,,,,,,,,,,,,,,,,,,,,
,,,,,,,,,,,,,,,,,,,,,,,,,,,,,,,,,,,,,,,,,,,
,,,,,,,,,,,,,,,,,,,,,,,,,,,,,,,,,,,,,,,,,,,
,,,,,,,,,,,,,,,,,,,,,,,,,,,,,,,,,,,,,,,,,,,
,,,,,,,,,,,,,,,,,,,,,,,,,,,,,,,,,,,,,,,,,,,
,,,,,,,,,,,,,,,,,,,,,,,,,,,,,,,,,,,,,,,,,,,
,,,,,,,,,,,,,,,,,,,,,,,,,,,,,,,,,,,,,,,,,,,
,,,,,,,,,,,,,,,,,,,,,,,,,,,,,,,,,,,,,,,,,,,
,,,,,,,,,,,,,,,,,,,,,,,,,,,,,,,,,,,,,,,,,,,
,,,,,,,,,,,,,,,,,,,,,,,,,,,,,,,,,,,,,,,,,,,
,,,,,,,,,,,,,,,,,,,,,,,,,,,,,,,,,,,,,,,,,,,
,,,,,,,,,,,,,,,,,,,,,,,,,,,,,,,,,,,,,,,,,,,
,,,,,,,,,,,,,,,,,,,,,,,,,,,,,,,,,,,,,,,,,,,
,,,,,,,,,,,,,,,,,,,,,,,,,,,,,,,,,,,,,,,,,,,
,,,,,,,,,,,,,,,,,,,,,,,,,,,,,,,,,,,,,,,,,,,
,,,,,,,,,,,,,,,,,,,,,,,,,,,,,,,,,,,,,,,,,,,
,,,,,,,,,,,,,,,,,,,,,,,,,,,,,,,,,,,,,,,,,,,
,,,,,,,,,,,,,,,,,,,,,,,,,,,,,,,,,,,,,,,,,,,
,,,,,,,,,,,,,,,,,,,,,,,,,,,,,,,,,,,,,,,,,,,
,,,,,,,,,,,,,,,,,,,,,,,,,,,,,,,,,,,,,,,,,,,
,,,,,,,,,,,,,,,,,,,,,,,,,,,,,,,,,,,,,,,,,,,
,,,,,,,,,,,,,,,,,,,,,,,,,,,,,,,,,,,,,,,,,,,
,,,,,,,,,,,,,,,,,,,,,,,,,,,,,,,,,,,,,,,,,,,
,,,,,,,,,,,,,,,,,,,,,,,,,,,,,,,,,,,,,,,,,,,
,,,,,,,,,,,,,,,,,,,,,,,,,,,,,,,,,,,,,,,,,,,
,,,,,,,,,,,,,,,,,,,,,,,,,,,,,,,,,,,,,,,,,,,
,,,,,,,,,,,,,,,,,,,,,,,,,,,,,,,,,,,,,,,,,,,
,,,,,,,,,,,,,,,,,,,,,,,,,,,,,,,,,,,,,,,,,,,
,,,,,,,,,,,,,,,,,,,,,,,,,,,,,,,,,,,,,,,,,,,
,,,,,,,,,,,,,,,,,,,,,,,,,,,,,,,,,,,,,,,,,,,
,,,,,,,,,,,,,,,,,,,,,,,,,,,,,,,,,,,,,,,,,,,
,,,,,,,,,,,,,,,,,,,,,,,,,,,,,,,,,,,,,,,,,,,
,,,,,,,,,,,,,,,,,,,,,,,,,,,,,,,,,,,,,,,,,,,
,,,,,,,,,,,,,,,,,,,,,,,,,,,,,,,,,,,,,,,,,,,
,,,,,,,,,,,,,,,,,,,,,,,,,,,,,,,,,,,,,,,,,,,
,,,,,,,,,,,,,,,,,,,,,,,,,,,,,,,,,,,,,,,,,,,
,,,,,,,,,,,,,,,,,,,,,,,,,,,,,,,,,,,,,,,,,,,
,,,,,,,,,,,,,,,,,,,,,,,,,,,,,,,,,,,,,,,,,,,
,,,,,,,,,,,,,,,,,,,,,,,,,,,,,,,,,,,,,,,,,,,
,,,,,,,,,,,,,,,,,,,,,,,,,,,,,,,,,,,,,,,,,,,
,,,,,,,,,,,,,,,,,,,,,,,,,,,,,,,,,,,,,,,,,,,
,,,,,,,,,,,,,,,,,,,,,,,,,,,,,,,,,,,,,,,,,,,
,,,,,,,,,,,,,,,,,,,,,,,,,,,,,,,,,,,,,,,,,,,
,,,,,,,,,,,,,,,,,,,,,,,,,,,,,,,,,,,,,,,,,,,
,,,,,,,,,,,,,,,,,,,,,,,,,,,,,,,,,,,,,,,,,,,
,,,,,,,,,,,,,,,,,,,,,,,,,,,,,,,,,,,,,,,,,,,
,,,,,,,,,,,,,,,,,,,,,,,,,,,,,,,,,,,,,,,,,,,
,,,,,,,,,,,,,,,,,,,,,,,,,,,,,,,,,,,,,,,,,,,
,,,,,,,,,,,,,,,,,,,,,,,,,,,,,,,,,,,,,,,,,,,
,,,,,,,,,,,,,,,,,,,,,,,,,,,,,,,,,,,,,,,,,,,
,,,,,,,,,,,,,,,,,,,,,,,,,,,,,,,,,,,,,,,,,,,
,,,,,,,,,,,,,,,,,,,,,,,,,,,,,,,,,,,,,,,,,,,
,,,,,,,,,,,,,,,,,,,,,,,,,,,,,,,,,,,,,,,,,,,
,,,,,,,,,,,,,,,,,,,,,,,,,,,,,,,,,,,,,,,,,,,
,,,,,,,,,,,,,,,,,,,,,,,,,,,,,,,,,,,,,,,,,,,
,,,,,,,,,,,,,,,,,,,,,,,,,,,,,,,,,,,,,,,,,,,
,,,,,,,,,,,,,,,,,,,,,,,,,,,,,,,,,,,,,,,,,,,
,,,,,,,,,,,,,,,,,,,,,,,,,,,,,,,,,,,,,,,,,,,
,,,,,,,,,,,,,,,,,,,,,,,,,,,,,,,,,,,,,,,,,,,
,,,,,,,,,,,,,,,,,,,,,,,,,,,,,,,,,,,,,,,,,,,
,,,,,,,,,,,,,,,,,,,,,,,,,,,,,,,,,,,,,,,,,,,
,,,,,,,,,,,,,,,,,,,,,,,,,,,,,,,,,,,,,,,,,,,
,,,,,,,,,,,,,,,,,,,,,,,,,,,,,,,,,,,,,,,,,,,
,,,,,,,,,,,,,,,,,,,,,,,,,,,,,,,,,,,,,,,,,,,
,,,,,,,,,,,,,,,,,,,,,,,,,,,,,,,,,,,,,,,,,,,
,,,,,,,,,,,,,,,,,,,,,,,,,,,,,,,,,,,,,,,,,,,
,,,,,,,,,,,,,,,,,,,,,,,,,,,,,,,,,,,,,,,,,,,
,,,,,,,,,,,,,,,,,,,,,,,,,,,,,,,,,,,,,,,,,,,
,,,,,,,,,,,,,,,,,,,,,,,,,,,,,,,,,,,,,,,,,,,
,,,,,,,,,,,,,,,,,,,,,,,,,,,,,,,,,,,,,,,,,,,
,,,,,,,,,,,,,,,,,,,,,,,,,,,,,,,,,,,,,,,,,,,
,,,,,,,,,,,,,,,,,,,,,,,,,,,,,,,,,,,,,,,,,,,
,,,,,,,,,,,,,,,,,,,,,,,,,,,,,,,,,,,,,,,,,,,
,,,,,,,,,,,,,,,,,,,,,,,,,,,,,,,,,,,,,,,,,,,
,,,,,,,,,,,,,,,,,,,,,,,,,,,,,,,,,,,,,,,,,,,
,,,,,,,,,,,,,,,,,,,,,,,,,,,,,,,,,,,,,,,,,,,
,,,,,,,,,,,,,,,,,,,,,,,,,,,,,,,,,,,,,,,,,,,
,,,,,,,,,,,,,,,,,,,,,,,,,,,,,,,,,,,,,,,,,,,
,,,,,,,,,,,,,,,,,,,,,,,,,,,,,,,,,,,,,,,,,,,
,,,,,,,,,,,,,,,,,,,,,,,,,,,,,,,,,,,,,,,,,,,
,,,,,,,,,,,,,,,,,,,,,,,,,,,,,,,,,,,,,,,,,,,
,,,,,,,,,,,,,,,,,,,,,,,,,,,,,,,,,,,,,,,,,,,
,,,,,,,,,,,,,,,,,,,,,,,,,,,,,,,,,,,,,,,,,,,
,,,,,,,,,,,,,,,,,,,,,,,,,,,,,,,,,,,,,,,,,,,
,,,,,,,,,,,,,,,,,,,,,,,,,,,,,,,,,,,,,,,,,,,
,,,,,,,,,,,,,,,,,,,,,,,,,,,,,,,,,,,,,,,,,,,
,,,,,,,,,,,,,,,,,,,,,,,,,,,,,,,,,,,,,,,,,,,
,,,,,,,,,,,,,,,,,,,,,,,,,,,,,,,,,,,,,,,,,,,
,,,,,,,,,,,,,,,,,,,,,,,,,,,,,,,,,,,,,,,,,,,
,,,,,,,,,,,,,,,,,,,,,,,,,,,,,,,,,,,,,,,,,,,
,,,,,,,,,,,,,,,,,,,,,,,,,,,,,,,,,,,,,,,,,,,
,,,,,,,,,,,,,,,,,,,,,,,,,,,,,,,,,,,,,,,,,,,
,,,,,,,,,,,,,,,,,,,,,,,,,,,,,,,,,,,,,,,,,,,
,,,,,,,,,,,,,,,,,,,,,,,,,,,,,,,,,,,,,,,,,,,
,,,,,,,,,,,,,,,,,,,,,,,,,,,,,,,,,,,,,,,,,,,
,,,,,,,,,,,,,,,,,,,,,,,,,,,,,,,,,,,,,,,,,,,
,,,,,,,,,,,,,,,,,,,,,,,,,,,,,,,,,,,,,,,,,,,
,,,,,,,,,,,,,,,,,,,,,,,,,,,,,,,,,,,,,,,,,,,
,,,,,,,,,,,,,,,,,,,,,,,,,,,,,,,,,,,,,,,,,,,
,,,,,,,,,,,,,,,,,,,,,,,,,,,,,,,,,,,,,,,,,,,
,,,,,,,,,,,,,,,,,,,,,,,,,,,,,,,,,,,,,,,,,,,
,,,,,,,,,,,,,,,,,,,,,,,,,,,,,,,,,,,,,,,,,,,
,,,,,,,,,,,,,,,,,,,,,,,,,,,,,,,,,,,,,,,,,,,
,,,,,,,,,,,,,,,,,,,,,,,,,,,,,,,,,,,,,,,,,,,
,,,,,,,,,,,,,,,,,,,,,,,,,,,,,,,,,,,,,,,,,,,
,,,,,,,,,,,,,,,,,,,,,,,,,,,,,,,,,,,,,,,,,,,
,,,,,,,,,,,,,,,,,,,,,,,,,,,,,,,,,,,,,,,,,,,
,,,,,,,,,,,,,,,,,,,,,,,,,,,,,,,,,,,,,,,,,,,
,,,,,,,,,,,,,,,,,,,,,,,,,,,,,,,,,,,,,,,,,,,
,,,,,,,,,,,,,,,,,,,,,,,,,,,,,,,,,,,,,,,,,,,
,,,,,,,,,,,,,,,,,,,,,,,,,,,,,,,,,,,,,,,,,,,
,,,,,,,,,,,,,,,,,,,,,,,,,,,,,,,,,,,,,,,,,,,
,,,,,,,,,,,,,,,,,,,,,,,,,,,,,,,,,,,,,,,,,,,
,,,,,,,,,,,,,,,,,,,,,,,,,,,,,,,,,,,,,,,,,,,
,,,,,,,,,,,,,,,,,,,,,,,,,,,,,,,,,,,,,,,,,,,
,,,,,,,,,,,,,,,,,,,,,,,,,,,,,,,,,,,,,,,,,,,
,,,,,,,,,,,,,,,,,,,,,,,,,,,,,,,,,,,,,,,,,,,
,,,,,,,,,,,,,,,,,,,,,,,,,,,,,,,,,,,,,,,,,,,
,,,,,,,,,,,,,,,,,,,,,,,,,,,,,,,,,,,,,,,,,,,
,,,,,,,,,,,,,,,,,,,,,,,,,,,,,,,,,,,,,,,,,,,
,,,,,,,,,,,,,,,,,,,,,,,,,,,,,,,,,,,,,,,,,,,
,,,,,,,,,,,,,,,,,,,,,,,,,,,,,,,,,,,,,,,,,,,
,,,,,,,,,,,,,,,,,,,,,,,,,,,,,,,,,,,,,,,,,,,
,,,,,,,,,,,,,,,,,,,,,,,,,,,,,,,,,,,,,,,,,,,
,,,,,,,,,,,,,,,,,,,,,,,,,,,,,,,,,,,,,,,,,,,
,,,,,,,,,,,,,,,,,,,,,,,,,,,,,,,,,,,,,,,,,,,
,,,,,,,,,,,,,,,,,,,,,,,,,,,,,,,,,,,,,,,,,,,
,,,,,,,,,,,,,,,,,,,,,,,,,,,,,,,,,,,,,,,,,,,
,,,,,,,,,,,,,,,,,,,,,,,,,,,,,,,,,,,,,,,,,,,
,,,,,,,,,,,,,,,,,,,,,,,,,,,,,,,,,,,,,,,,,,,
,,,,,,,,,,,,,,,,,,,,,,,,,,,,,,,,,,,,,,,,,,,
,,,,,,,,,,,,,,,,,,,,,,,,,,,,,,,,,,,,,,,,,,,
,,,,,,,,,,,,,,,,,,,,,,,,,,,,,,,,,,,,,,,,,,,
,,,,,,,,,,,,,,,,,,,,,,,,,,,,,,,,,,,,,,,,,,,
,,,,,,,,,,,,,,,,,,,,,,,,,,,,,,,,,,,,,,,,,,,
,,,,,,,,,,,,,,,,,,,,,,,,,,,,,,,,,,,,,,,,,,,
,,,,,,,,,,,,,,,,,,,,,,,,,,,,,,,,,,,,,,,,,,,
,,,,,,,,,,,,,,,,,,,,,,,,,,,,,,,,,,,,,,,,,,,
,,,,,,,,,,,,,,,,,,,,,,,,,,,,,,,,,,,,,,,,,,,
,,,,,,,,,,,,,,,,,,,,,,,,,,,,,,,,,,,,,,,,,,,
,,,,,,,,,,,,,,,,,,,,,,,,,,,,,,,,,,,,,,,,,,,
,,,,,,,,,,,,,,,,,,,,,,,,,,,,,,,,,,,,,,,,,,,
,,,,,,,,,,,,,,,,,,,,,,,,,,,,,,,,,,,,,,,,,,,
,,,,,,,,,,,,,,,,,,,,,,,,,,,,,,,,,,,,,,,,,,,
,,,,,,,,,,,,,,,,,,,,,,,,,,,,,,,,,,,,,,,,,,,
,,,,,,,,,,,,,,,,,,,,,,,,,,,,,,,,,,,,,,,,,,,
,,,,,,,,,,,,,,,,,,,,,,,,,,,,,,,,,,,,,,,,,,,
,,,,,,,,,,,,,,,,,,,,,,,,,,,,,,,,,,,,,,,,,,,
,,,,,,,,,,,,,,,,,,,,,,,,,,,,,,,,,,,,,,,,,,,
,,,,,,,,,,,,,,,,,,,,,,,,,,,,,,,,,,,,,,,,,,,
,,,,,,,,,,,,,,,,,,,,,,,,,,,,,,,,,,,,,,,,,,,
,,,,,,,,,,,,,,,,,,,,,,,,,,,,,,,,,,,,,,,,,,,
,,,,,,,,,,,,,,,,,,,,,,,,,,,,,,,,,,,,,,,,,,,
,,,,,,,,,,,,,,,,,,,,,,,,,,,,,,,,,,,,,,,,,,,
,,,,,,,,,,,,,,,,,,,,,,,,,,,,,,,,,,,,,,,,,,,
,,,,,,,,,,,,,,,,,,,,,,,,,,,,,,,,,,,,,,,,,,,
,,,,,,,,,,,,,,,,,,,,,,,,,,,,,,,,,,,,,,,,,,,
,,,,,,,,,,,,,,,,,,,,,,,,,,,,,,,,,,,,,,,,,,,
,,,,,,,,,,,,,,,,,,,,,,,,,,,,,,,,,,,,,,,,,,,
,,,,,,,,,,,,,,,,,,,,,,,,,,,,,,,,,,,,,,,,,,,
,,,,,,,,,,,,,,,,,,,,,,,,,,,,,,,,,,,,,,,,,,,
,,,,,,,,,,,,,,,,,,,,,,,,,,,,,,,,,,,,,,,,,,,
,,,,,,,,,,,,,,,,,,,,,,,,,,,,,,,,,,,,,,,,,,,
,,,,,,,,,,,,,,,,,,,,,,,,,,,,,,,,,,,,,,,,,,,
,,,,,,,,,,,,,,,,,,,,,,,,,,,,,,,,,,,,,,,,,,,
,,,,,,,,,,,,,,,,,,,,,,,,,,,,,,,,,,,,,,,,,,,
,,,,,,,,,,,,,,,,,,,,,,,,,,,,,,,,,,,,,,,,,,,
,,,,,,,,,,,,,,,,,,,,,,,,,,,,,,,,,,,,,,,,,,,
,,,,,,,,,,,,,,,,,,,,,,,,,,,,,,,,,,,,,,,,,,,
,,,,,,,,,,,,,,,,,,,,,,,,,,,,,,,,,,,,,,,,,,,
,,,,,,,,,,,,,,,,,,,,,,,,,,,,,,,,,,,,,,,,,,,
,,,,,,,,,,,,,,,,,,,,,,,,,,,,,,,,,,,,,,,,,,,
,,,,,,,,,,,,,,,,,,,,,,,,,,,,,,,,,,,,,,,,,,,
,,,,,,,,,,,,,,,,,,,,,,,,,,,,,,,,,,,,,,,,,,,
,,,,,,,,,,,,,,,,,,,,,,,,,,,,,,,,,,,,,,,,,,,
,,,,,,,,,,,,,,,,,,,,,,,,,,,,,,,,,,,,,,,,,,,
,,,,,,,,,,,,,,,,,,,,,,,,,,,,,,,,,,,,,,,,,,,
,,,,,,,,,,,,,,,,,,,,,,,,,,,,,,,,,,,,,,,,,,,
,,,,,,,,,,,,,,,,,,,,,,,,,,,,,,,,,,,,,,,,,,,
,,,,,,,,,,,,,,,,,,,,,,,,,,,,,,,,,,,,,,,,,,,
,,,,,,,,,,,,,,,,,,,,,,,,,,,,,,,,,,,,,,,,,,,
,,,,,,,,,,,,,,,,,,,,,,,,,,,,,,,,,,,,,,,,,,,
,,,,,,,,,,,,,,,,,,,,,,,,,,,,,,,,,,,,,,,,,,,
,,,,,,,,,,,,,,,,,,,,,,,,,,,,,,,,,,,,,,,,,,,
,,,,,,,,,,,,,,,,,,,,,,,,,,,,,,,,,,,,,,,,,,,
,,,,,,,,,,,,,,,,,,,,,,,,,,,,,,,,,,,,,,,,,,,
,,,,,,,,,,,,,,,,,,,,,,,,,,,,,,,,,,,,,,,,,,,
,,,,,,,,,,,,,,,,,,,,,,,,,,,,,,,,,,,,,,,,,,,
,,,,,,,,,,,,,,,,,,,,,,,,,,,,,,,,,,,,,,,,,,,
,,,,,,,,,,,,,,,,,,,,,,,,,,,,,,,,,,,,,,,,,,,
,,,,,,,,,,,,,,,,,,,,,,,,,,,,,,,,,,,,,,,,,,,
,,,,,,,,,,,,,,,,,,,,,,,,,,,,,,,,,,,,,,,,,,,
,,,,,,,,,,,,,,,,,,,,,,,,,,,,,,,,,,,,,,,,,,,
,,,,,,,,,,,,,,,,,,,,,,,,,,,,,,,,,,,,,,,,,,,
,,,,,,,,,,,,,,,,,,,,,,,,,,,,,,,,,,,,,,,,,,,
,,,,,,,,,,,,,,,,,,,,,,,,,,,,,,,,,,,,,,,,,,,
,,,,,,,,,,,,,,,,,,,,,,,,,,,,,,,,,,,,,,,,,,,
,,,,,,,,,,,,,,,,,,,,,,,,,,,,,,,,,,,,,,,,,,,
,,,,,,,,,,,,,,,,,,,,,,,,,,,,,,,,,,,,,,,,,,,
,,,,,,,,,,,,,,,,,,,,,,,,,,,,,,,,,,,,,,,,,,,
,,,,,,,,,,,,,,,,,,,,,,,,,,,,,,,,,,,,,,,,,,,
,,,,,,,,,,,,,,,,,,,,,,,,,,,,,,,,,,,,,,,,,,,
,,,,,,,,,,,,,,,,,,,,,,,,,,,,,,,,,,,,,,,,,,,
,,,,,,,,,,,,,,,,,,,,,,,,,,,,,,,,,,,,,,,,,,,
,,,,,,,,,,,,,,,,,,,,,,,,,,,,,,,,,,,,,,,,,,,
,,,,,,,,,,,,,,,,,,,,,,,,,,,,,,,,,,,,,,,,,,,
,,,,,,,,,,,,,,,,,,,,,,,,,,,,,,,,,,,,,,,,,,,
,,,,,,,,,,,,,,,,,,,,,,,,,,,,,,,,,,,,,,,,,,,
,,,,,,,,,,,,,,,,,,,,,,,,,,,,,,,,,,,,,,,,,,,
,,,,,,,,,,,,,,,,,,,,,,,,,,,,,,,,,,,,,,,,,,,
,,,,,,,,,,,,,,,,,,,,,,,,,,,,,,,,,,,,,,,,,,,
,,,,,,,,,,,,,,,,,,,,,,,,,,,,,,,,,,,,,,,,,,,
,,,,,,,,,,,,,,,,,,,,,,,,,,,,,,,,,,,,,,,,,,,
,,,,,,,,,,,,,,,,,,,,,,,,,,,,,,,,,,,,,,,,,,,
,,,,,,,,,,,,,,,,,,,,,,,,,,,,,,,,,,,,,,,,,,,
,,,,,,,,,,,,,,,,,,,,,,,,,,,,,,,,,,,,,,,,,,,
,,,,,,,,,,,,,,,,,,,,,,,,,,,,,,,,,,,,,,,,,,,
,,,,,,,,,,,,,,,,,,,,,,,,,,,,,,,,,,,,,,,,,,,
,,,,,,,,,,,,,,,,,,,,,,,,,,,,,,,,,,,,,,,,,,,
,,,,,,,,,,,,,,,,,,,,,,,,,,,,,,,,,,,,,,,,,,,
,,,,,,,,,,,,,,,,,,,,,,,,,,,,,,,,,,,,,,,,,,,
,,,,,,,,,,,,,,,,,,,,,,,,,,,,,,,,,,,,,,,,,,,
,,,,,,,,,,,,,,,,,,,,,,,,,,,,,,,,,,,,,,,,,,,
,,,,,,,,,,,,,,,,,,,,,,,,,,,,,,,,,,,,,,,,,,,
,,,,,,,,,,,,,,,,,,,,,,,,,,,,,,,,,,,,,,,,,,,
,,,,,,,,,,,,,,,,,,,,,,,,,,,,,,,,,,,,,,,,,,,
,,,,,,,,,,,,,,,,,,,,,,,,,,,,,,,,,,,,,,,,,,,
,,,,,,,,,,,,,,,,,,,,,,,,,,,,,,,,,,,,,,,,,,,
,,,,,,,,,,,,,,,,,,,,,,,,,,,,,,,,,,,,,,,,,,,
,,,,,,,,,,,,,,,,,,,,,,,,,,,,,,,,,,,,,,,,,,,
,,,,,,,,,,,,,,,,,,,,,,,,,,,,,,,,,,,,,,,,,,,
,,,,,,,,,,,,,,,,,,,,,,,,,,,,,,,,,,,,,,,,,,,
,,,,,,,,,,,,,,,,,,,,,,,,,,,,,,,,,,,,,,,,,,,
,,,,,,,,,,,,,,,,,,,,,,,,,,,,,,,,,,,,,,,,,,,
,,,,,,,,,,,,,,,,,,,,,,,,,,,,,,,,,,,,,,,,,,,
,,,,,,,,,,,,,,,,,,,,,,,,,,,,,,,,,,,,,,,,,,,
,,,,,,,,,,,,,,,,,,,,,,,,,,,,,,,,,,,,,,,,,,,
,,,,,,,,,,,,,,,,,,,,,,,,,,,,,,,,,,,,,,,,,,,
,,,,,,,,,,,,,,,,,,,,,,,,,,,,,,,,,,,,,,,,,,,
,,,,,,,,,,,,,,,,,,,,,,,,,,,,,,,,,,,,,,,,,,,
,,,,,,,,,,,,,,,,,,,,,,,,,,,,,,,,,,,,,,,,,,,
,,,,,,,,,,,,,,,,,,,,,,,,,,,,,,,,,,,,,,,,,,,
,,,,,,,,,,,,,,,,,,,,,,,,,,,,,,,,,,,,,,,,,,,
,,,,,,,,,,,,,,,,,,,,,,,,,,,,,,,,,,,,,,,,,,,
,,,,,,,,,,,,,,,,,,,,,,,,,,,,,,,,,,,,,,,,,,,
,,,,,,,,,,,,,,,,,,,,,,,,,,,,,,,,,,,,,,,,,,,
,,,,,,,,,,,,,,,,,,,,,,,,,,,,,,,,,,,,,,,,,,,
,,,,,,,,,,,,,,,,,,,,,,,,,,,,,,,,,,,,,,,,,,,
,,,,,,,,,,,,,,,,,,,,,,,,,,,,,,,,,,,,,,,,,,,
,,,,,,,,,,,,,,,,,,,,,,,,,,,,,,,,,,,,,,,,,,,
,,,,,,,,,,,,,,,,,,,,,,,,,,,,,,,,,,,,,,,,,,,
,,,,,,,,,,,,,,,,,,,,,,,,,,,,,,,,,,,,,,,,,,,
,,,,,,,,,,,,,,,,,,,,,,,,,,,,,,,,,,,,,,,,,,,
,,,,,,,,,,,,,,,,,,,,,,,,,,,,,,,,,,,,,,,,,,,
,,,,,,,,,,,,,,,,,,,,,,,,,,,,,,,,,,,,,,,,,,,
,,,,,,,,,,,,,,,,,,,,,,,,,,,,,,,,,,,,,,,,,,,
,,,,,,,,,,,,,,,,,,,,,,,,,,,,,,,,,,,,,,,,,,,
,,,,,,,,,,,,,,,,,,,,,,,,,,,,,,,,,,,,,,,,,,,
,,,,,,,,,,,,,,,,,,,,,,,,,,,,,,,,,,,,,,,,,,,
,,,,,,,,,,,,,,,,,,,,,,,,,,,,,,,,,,,,,,,,,,,
,,,,,,,,,,,,,,,,,,,,,,,,,,,,,,,,,,,,,,,,,,,
,,,,,,,,,,,,,,,,,,,,,,,,,,,,,,,,,,,,,,,,,,,
,,,,,,,,,,,,,,,,,,,,,,,,,,,,,,,,,,,,,,,,,,,
,,,,,,,,,,,,,,,,,,,,,,,,,,,,,,,,,,,,,,,,,,,
,,,,,,,,,,,,,,,,,,,,,,,,,,,,,,,,,,,,,,,,,,,
,,,,,,,,,,,,,,,,,,,,,,,,,,,,,,,,,,,,,,,,,,,
,,,,,,,,,,,,,,,,,,,,,,,,,,,,,,,,,,,,,,,,,,,
,,,,,,,,,,,,,,,,,,,,,,,,,,,,,,,,,,,,,,,,,,,
,,,,,,,,,,,,,,,,,,,,,,,,,,,,,,,,,,,,,,,,,,,
,,,,,,,,,,,,,,,,,,,,,,,,,,,,,,,,,,,,,,,,,,,
,,,,,,,,,,,,,,,,,,,,,,,,,,,,,,,,,,,,,,,,,,,
,,,,,,,,,,,,,,,,,,,,,,,,,,,,,,,,,,,,,,,,,,,
,,,,,,,,,,,,,,,,,,,,,,,,,,,,,,,,,,,,,,,,,,,
,,,,,,,,,,,,,,,,,,,,,,,,,,,,,,,,,,,,,,,,,,,
,,,,,,,,,,,,,,,,,,,,,,,,,,,,,,,,,,,,,,,,,,,
,,,,,,,,,,,,,,,,,,,,,,,,,,,,,,,,,,,,,,,,,,,
,,,,,,,,,,,,,,,,,,,,,,,,,,,,,,,,,,,,,,,,,,,
,,,,,,,,,,,,,,,,,,,,,,,,,,,,,,,,,,,,,,,,,,,
,,,,,,,,,,,,,,,,,,,,,,,,,,,,,,,,,,,,,,,,,,,
,,,,,,,,,,,,,,,,,,,,,,,,,,,,,,,,,,,,,,,,,,,
,,,,,,,,,,,,,,,,,,,,,,,,,,,,,,,,,,,,,,,,,,,
,,,,,,,,,,,,,,,,,,,,,,,,,,,,,,,,,,,,,,,,,,,
,,,,,,,,,,,,,,,,,,,,,,,,,,,,,,,,,,,,,,,,,,,
,,,,,,,,,,,,,,,,,,,,,,,,,,,,,,,,,,,,,,,,,,,
,,,,,,,,,,,,,,,,,,,,,,,,,,,,,,,,,,,,,,,,,,,
,,,,,,,,,,,,,,,,,,,,,,,,,,,,,,,,,,,,,,,,,,,
,,,,,,,,,,,,,,,,,,,,,,,,,,,,,,,,,,,,,,,,,,,
,,,,,,,,,,,,,,,,,,,,,,,,,,,,,,,,,,,,,,,,,,,
,,,,,,,,,,,,,,,,,,,,,,,,,,,,,,,,,,,,,,,,,,,
,,,,,,,,,,,,,,,,,,,,,,,,,,,,,,,,,,,,,,,,,,,
,,,,,,,,,,,,,,,,,,,,,,,,,,,,,,,,,,,,,,,,,,,
,,,,,,,,,,,,,,,,,,,,,,,,,,,,,,,,,,,,,,,,,,,
,,,,,,,,,,,,,,,,,,,,,,,,,,,,,,,,,,,,,,,,,,,
,,,,,,,,,,,,,,,,,,,,,,,,,,,,,,,,,,,,,,,,,,,
,,,,,,,,,,,,,,,,,,,,,,,,,,,,,,,,,,,,,,,,,,,
,,,,,,,,,,,,,,,,,,,,,,,,,,,,,,,,,,,,,,,,,,,
,,,,,,,,,,,,,,,,,,,,,,,,,,,,,,,,,,,,,,,,,,,
,,,,,,,,,,,,,,,,,,,,,,,,,,,,,,,,,,,,,,,,,,,
,,,,,,,,,,,,,,,,,,,,,,,,,,,,,,,,,,,,,,,,,,,
,,,,,,,,,,,,,,,,,,,,,,,,,,,,,,,,,,,,,,,,,,,
,,,,,,,,,,,,,,,,,,,,,,,,,,,,,,,,,,,,,,,,,,,
,,,,,,,,,,,,,,,,,,,,,,,,,,,,,,,,,,,,,,,,,,,
,,,,,,,,,,,,,,,,,,,,,,,,,,,,,,,,,,,,,,,,,,,
,,,,,,,,,,,,,,,,,,,,,,,,,,,,,,,,,,,,,,,,,,,
,,,,,,,,,,,,,,,,,,,,,,,,,,,,,,,,,,,,,,,,,,,
,,,,,,,,,,,,,,,,,,,,,,,,,,,,,,,,,,,,,,,,,,,
,,,,,,,,,,,,,,,,,,,,,,,,,,,,,,,,,,,,,,,,,,,
,,,,,,,,,,,,,,,,,,,,,,,,,,,,,,,,,,,,,,,,,,,
,,,,,,,,,,,,,,,,,,,,,,,,,,,,,,,,,,,,,,,,,,,
,,,,,,,,,,,,,,,,,,,,,,,,,,,,,,,,,,,,,,,,,,,
,,,,,,,,,,,,,,,,,,,,,,,,,,,,,,,,,,,,,,,,,,,
,,,,,,,,,,,,,,,,,,,,,,,,,,,,,,,,,,,,,,,,,,,
,,,,,,,,,,,,,,,,,,,,,,,,,,,,,,,,,,,,,,,,,,,
,,,,,,,,,,,,,,,,,,,,,,,,,,,,,,,,,,,,,,,,,,,
,,,,,,,,,,,,,,,,,,,,,,,,,,,,,,,,,,,,,,,,,,,
,,,,,,,,,,,,,,,,,,,,,,,,,,,,,,,,,,,,,,,,,,,
,,,,,,,,,,,,,,,,,,,,,,,,,,,,,,,,,,,,,,,,,,,
,,,,,,,,,,,,,,,,,,,,,,,,,,,,,,,,,,,,,,,,,,,
,,,,,,,,,,,,,,,,,,,,,,,,,,,,,,,,,,,,,,,,,,,
,,,,,,,,,,,,,,,,,,,,,,,,,,,,,,,,,,,,,,,,,,,
,,,,,,,,,,,,,,,,,,,,,,,,,,,,,,,,,,,,,,,,,,,
,,,,,,,,,,,,,,,,,,,,,,,,,,,,,,,,,,,,,,,,,,,
,,,,,,,,,,,,,,,,,,,,,,,,,,,,,,,,,,,,,,,,,,,
,,,,,,,,,,,,,,,,,,,,,,,,,,,,,,,,,,,,,,,,,,,
,,,,,,,,,,,,,,,,,,,,,,,,,,,,,,,,,,,,,,,,,,,
,,,,,,,,,,,,,,,,,,,,,,,,,,,,,,,,,,,,,,,,,,,
,,,,,,,,,,,,,,,,,,,,,,,,,,,,,,,,,,,,,,,,,,,
,,,,,,,,,,,,,,,,,,,,,,,,,,,,,,,,,,,,,,,,,,,
,,,,,,,,,,,,,,,,,,,,,,,,,,,,,,,,,,,,,,,,,,,
,,,,,,,,,,,,,,,,,,,,,,,,,,,,,,,,,,,,,,,,,,,
,,,,,,,,,,,,,,,,,,,,,,,,,,,,,,,,,,,,,,,,,,,
,,,,,,,,,,,,,,,,,,,,,,,,,,,,,,,,,,,,,,,,,,,
,,,,,,,,,,,,,,,,,,,,,,,,,,,,,,,,,,,,,,,,,,,
,,,,,,,,,,,,,,,,,,,,,,,,,,,,,,,,,,,,,,,,,,,
,,,,,,,,,,,,,,,,,,,,,,,,,,,,,,,,,,,,,,,,,,,
,,,,,,,,,,,,,,,,,,,,,,,,,,,,,,,,,,,,,,,,,,,
,,,,,,,,,,,,,,,,,,,,,,,,,,,,,,,,,,,,,,,,,,,
,,,,,,,,,,,,,,,,,,,,,,,,,,,,,,,,,,,,,,,,,,,
,,,,,,,,,,,,,,,,,,,,,,,,,,,,,,,,,,,,,,,,,,,
,,,,,,,,,,,,,,,,,,,,,,,,,,,,,,,,,,,,,,,,,,,
,,,,,,,,,,,,,,,,,,,,,,,,,,,,,,,,,,,,,,,,,,,
,,,,,,,,,,,,,,,,,,,,,,,,,,,,,,,,,,,,,,,,,,,
,,,,,,,,,,,,,,,,,,,,,,,,,,,,,,,,,,,,,,,,,,,
,,,,,,,,,,,,,,,,,,,,,,,,,,,,,,,,,,,,,,,,,,,
,,,,,,,,,,,,,,,,,,,,,,,,,,,,,,,,,,,,,,,,,,,
,,,,,,,,,,,,,,,,,,,,,,,,,,,,,,,,,,,,,,,,,,,
,,,,,,,,,,,,,,,,,,,,,,,,,,,,,,,,,,,,,,,,,,,
,,,,,,,,,,,,,,,,,,,,,,,,,,,,,,,,,,,,,,,,,,,
,,,,,,,,,,,,,,,,,,,,,,,,,,,,,,,,,,,,,,,,,,,
,,,,,,,,,,,,,,,,,,,,,,,,,,,,,,,,,,,,,,,,,,,
,,,,,,,,,,,,,,,,,,,,,,,,,,,,,,,,,,,,,,,,,,,
,,,,,,,,,,,,,,,,,,,,,,,,,,,,,,,,,,,,,,,,,,,
,,,,,,,,,,,,,,,,,,,,,,,,,,,,,,,,,,,,,,,,,,,
,,,,,,,,,,,,,,,,,,,,,,,,,,,,,,,,,,,,,,,,,,,
,,,,,,,,,,,,,,,,,,,,,,,,,,,,,,,,,,,,,,,,,,,
,,,,,,,,,,,,,,,,,,,,,,,,,,,,,,,,,,,,,,,,,,,
,,,,,,,,,,,,,,,,,,,,,,,,,,,,,,,,,,,,,,,,,,,
,,,,,,,,,,,,,,,,,,,,,,,,,,,,,,,,,,,,,,,,,,,
,,,,,,,,,,,,,,,,,,,,,,,,,,,,,,,,,,,,,,,,,,,
,,,,,,,,,,,,,,,,,,,,,,,,,,,,,,,,,,,,,,,,,,,
,,,,,,,,,,,,,,,,,,,,,,,,,,,,,,,,,,,,,,,,,,,
,,,,,,,,,,,,,,,,,,,,,,,,,,,,,,,,,,,,,,,,,,,
,,,,,,,,,,,,,,,,,,,,,,,,,,,,,,,,,,,,,,,,,,,
,,,,,,,,,,,,,,,,,,,,,,,,,,,,,,,,,,,,,,,,,,,
,,,,,,,,,,,,,,,,,,,,,,,,,,,,,,,,,,,,,,,,,,,
,,,,,,,,,,,,,,,,,,,,,,,,,,,,,,,,,,,,,,,,,,,
,,,,,,,,,,,,,,,,,,,,,,,,,,,,,,,,,,,,,,,,,,,
,,,,,,,,,,,,,,,,,,,,,,,,,,,,,,,,,,,,,,,,,,,
,,,,,,,,,,,,,,,,,,,,,,,,,,,,,,,,,,,,,,,,,,,
,,,,,,,,,,,,,,,,,,,,,,,,,,,,,,,,,,,,,,,,,,,
,,,,,,,,,,,,,,,,,,,,,,,,,,,,,,,,,,,,,,,,,,,
,,,,,,,,,,,,,,,,,,,,,,,,,,,,,,,,,,,,,,,,,,,
,,,,,,,,,,,,,,,,,,,,,,,,,,,,,,,,,,,,,,,,,,,
,,,,,,,,,,,,,,,,,,,,,,,,,,,,,,,,,,,,,,,,,,,
,,,,,,,,,,,,,,,,,,,,,,,,,,,,,,,,,,,,,,,,,,,
,,,,,,,,,,,,,,,,,,,,,,,,,,,,,,,,,,,,,,,,,,,
,,,,,,,,,,,,,,,,,,,,,,,,,,,,,,,,,,,,,,,,,,,
,,,,,,,,,,,,,,,,,,,,,,,,,,,,,,,,,,,,,,,,,,,
,,,,,,,,,,,,,,,,,,,,,,,,,,,,,,,,,,,,,,,,,,,
,,,,,,,,,,,,,,,,,,,,,,,,,,,,,,,,,,,,,,,,,,,
,,,,,,,,,,,,,,,,,,,,,,,,,,,,,,,,,,,,,,,,,,,
,,,,,,,,,,,,,,,,,,,,,,,,,,,,,,,,,,,,,,,,,,,
,,,,,,,,,,,,,,,,,,,,,,,,,,,,,,,,,,,,,,,,,,,
,,,,,,,,,,,,,,,,,,,,,,,,,,,,,,,,,,,,,,,,,,,
,,,,,,,,,,,,,,,,,,,,,,,,,,,,,,,,,,,,,,,,,,,
,,,,,,,,,,,,,,,,,,,,,,,,,,,,,,,,,,,,,,,,,,,
,,,,,,,,,,,,,,,,,,,,,,,,,,,,,,,,,,,,,,,,,,,
,,,,,,,,,,,,,,,,,,,,,,,,,,,,,,,,,,,,,,,,,,,
,,,,,,,,,,,,,,,,,,,,,,,,,,,,,,,,,,,,,,,,,,,
,,,,,,,,,,,,,,,,,,,,,,,,,,,,,,,,,,,,,,,,,,,
,,,,,,,,,,,,,,,,,,,,,,,,,,,,,,,,,,,,,,,,,,,
,,,,,,,,,,,,,,,,,,,,,,,,,,,,,,,,,,,,,,,,,,,
,,,,,,,,,,,,,,,,,,,,,,,,,,,,,,,,,,,,,,,,,,,
,,,,,,,,,,,,,,,,,,,,,,,,,,,,,,,,,,,,,,,,,,,
,,,,,,,,,,,,,,,,,,,,,,,,,,,,,,,,,,,,,,,,,,,
,,,,,,,,,,,,,,,,,,,,,,,,,,,,,,,,,,,,,,,,,,,
,,,,,,,,,,,,,,,,,,,,,,,,,,,,,,,,,,,,,,,,,,,
,,,,,,,,,,,,,,,,,,,,,,,,,,,,,,,,,,,,,,,,,,,
,,,,,,,,,,,,,,,,,,,,,,,,,,,,,,,,,,,,,,,,,,,
,,,,,,,,,,,,,,,,,,,,,,,,,,,,,,,,,,,,,,,,,,,
,,,,,,,,,,,,,,,,,,,,,,,,,,,,,,,,,,,,,,,,,,,
,,,,,,,,,,,,,,,,,,,,,,,,,,,,,,,,,,,,,,,,,,,
,,,,,,,,,,,,,,,,,,,,,,,,,,,,,,,,,,,,,,,,,,,
,,,,,,,,,,,,,,,,,,,,,,,,,,,,,,,,,,,,,,,,,,,
,,,,,,,,,,,,,,,,,,,,,,,,,,,,,,,,,,,,,,,,,,,
,,,,,,,,,,,,,,,,,,,,,,,,,,,,,,,,,,,,,,,,,,,
,,,,,,,,,,,,,,,,,,,,,,,,,,,,,,,,,,,,,,,,,,,
,,,,,,,,,,,,,,,,,,,,,,,,,,,,,,,,,,,,,,,,,,,
,,,,,,,,,,,,,,,,,,,,,,,,,,,,,,,,,,,,,,,,,,,
,,,,,,,,,,,,,,,,,,,,,,,,,,,,,,,,,,,,,,,,,,,
,,,,,,,,,,,,,,,,,,,,,,,,,,,,,,,,,,,,,,,,,,,
,,,,,,,,,,,,,,,,,,,,,,,,,,,,,,,,,,,,,,,,,,,
,,,,,,,,,,,,,,,,,,,,,,,,,,,,,,,,,,,,,,,,,,,
,,,,,,,,,,,,,,,,,,,,,,,,,,,,,,,,,,,,,,,,,,,
,,,,,,,,,,,,,,,,,,,,,,,,,,,,,,,,,,,,,,,,,,,
,,,,,,,,,,,,,,,,,,,,,,,,,,,,,,,,,,,,,,,,,,,
,,,,,,,,,,,,,,,,,,,,,,,,,,,,,,,,,,,,,,,,,,,
,,,,,,,,,,,,,,,,,,,,,,,,,,,,,,,,,,,,,,,,,,,
,,,,,,,,,,,,,,,,,,,,,,,,,,,,,,,,,,,,,,,,,,,
,,,,,,,,,,,,,,,,,,,,,,,,,,,,,,,,,,,,,,,,,,,
,,,,,,,,,,,,,,,,,,,,,,,,,,,,,,,,,,,,,,,,,,,
,,,,,,,,,,,,,,,,,,,,,,,,,,,,,,,,,,,,,,,,,,,
,,,,,,,,,,,,,,,,,,,,,,,,,,,,,,,,,,,,,,,,,,,
,,,,,,,,,,,,,,,,,,,,,,,,,,,,,,,,,,,,,,,,,,,
,,,,,,,,,,,,,,,,,,,,,,,,,,,,,,,,,,,,,,,,,,,
,,,,,,,,,,,,,,,,,,,,,,,,,,,,,,,,,,,,,,,,,,,
,,,,,,,,,,,,,,,,,,,,,,,,,,,,,,,,,,,,,,,,,,,
,,,,,,,,,,,,,,,,,,,,,,,,,,,,,,,,,,,,,,,,,,,
,,,,,,,,,,,,,,,,,,,,,,,,,,,,,,,,,,,,,,,,,,,
,,,,,,,,,,,,,,,,,,,,,,,,,,,,,,,,,,,,,,,,,,,
,,,,,,,,,,,,,,,,,,,,,,,,,,,,,,,,,,,,,,,,,,,
,,,,,,,,,,,,,,,,,,,,,,,,,,,,,,,,,,,,,,,,,,,
,,,,,,,,,,,,,,,,,,,,,,,,,,,,,,,,,,,,,,,,,,,
,,,,,,,,,,,,,,,,,,,,,,,,,,,,,,,,,,,,,,,,,,,
,,,,,,,,,,,,,,,,,,,,,,,,,,,,,,,,,,,,,,,,,,,
,,,,,,,,,,,,,,,,,,,,,,,,,,,,,,,,,,,,,,,,,,,
,,,,,,,,,,,,,,,,,,,,,,,,,,,,,,,,,,,,,,,,,,,
,,,,,,,,,,,,,,,,,,,,,,,,,,,,,,,,,,,,,,,,,,,
,,,,,,,,,,,,,,,,,,,,,,,,,,,,,,,,,,,,,,,,,,,
,,,,,,,,,,,,,,,,,,,,,,,,,,,,,,,,,,,,,,,,,,,
,,,,,,,,,,,,,,,,,,,,,,,,,,,,,,,,,,,,,,,,,,,
,,,,,,,,,,,,,,,,,,,,,,,,,,,,,,,,,,,,,,,,,,,
,,,,,,,,,,,,,,,,,,,,,,,,,,,,,,,,,,,,,,,,,,,
,,,,,,,,,,,,,,,,,,,,,,,,,,,,,,,,,,,,,,,,,,,
,,,,,,,,,,,,,,,,,,,,,,,,,,,,,,,,,,,,,,,,,,,
,,,,,,,,,,,,,,,,,,,,,,,,,,,,,,,,,,,,,,,,,,,
,,,,,,,,,,,,,,,,,,,,,,,,,,,,,,,,,,,,,,,,,,,
,,,,,,,,,,,,,,,,,,,,,,,,,,,,,,,,,,,,,,,,,,,
,,,,,,,,,,,,,,,,,,,,,,,,,,,,,,,,,,,,,,,,,,,
,,,,,,,,,,,,,,,,,,,,,,,,,,,,,,,,,,,,,,,,,,,
,,,,,,,,,,,,,,,,,,,,,,,,,,,,,,,,,,,,,,,,,,,
,,,,,,,,,,,,,,,,,,,,,,,,,,,,,,,,,,,,,,,,,,,
,,,,,,,,,,,,,,,,,,,,,,,,,,,,,,,,,,,,,,,,,,,
,,,,,,,,,,,,,,,,,,,,,,,,,,,,,,,,,,,,,,,,,,,
,,,,,,,,,,,,,,,,,,,,,,,,,,,,,,,,,,,,,,,,,,,
,,,,,,,,,,,,,,,,,,,,,,,,,,,,,,,,,,,,,,,,,,,
,,,,,,,,,,,,,,,,,,,,,,,,,,,,,,,,,,,,,,,,,,,
,,,,,,,,,,,,,,,,,,,,,,,,,,,,,,,,,,,,,,,,,,,
,,,,,,,,,,,,,,,,,,,,,,,,,,,,,,,,,,,,,,,,,,,
,,,,,,,,,,,,,,,,,,,,,,,,,,,,,,,,,,,,,,,,,,,
,,,,,,,,,,,,,,,,,,,,,,,,,,,,,,,,,,,,,,,,,,,
,,,,,,,,,,,,,,,,,,,,,,,,,,,,,,,,,,,,,,,,,,,
,,,,,,,,,,,,,,,,,,,,,,,,,,,,,,,,,,,,,,,,,,,
,,,,,,,,,,,,,,,,,,,,,,,,,,,,,,,,,,,,,,,,,,,
,,,,,,,,,,,,,,,,,,,,,,,,,,,,,,,,,,,,,,,,,,,
,,,,,,,,,,,,,,,,,,,,,,,,,,,,,,,,,,,,,,,,,,,
,,,,,,,,,,,,,,,,,,,,,,,,,,,,,,,,,,,,,,,,,,,
,,,,,,,,,,,,,,,,,,,,,,,,,,,,,,,,,,,,,,,,,,,
,,,,,,,,,,,,,,,,,,,,,,,,,,,,,,,,,,,,,,,,,,,
,,,,,,,,,,,,,,,,,,,,,,,,,,,,,,,,,,,,,,,,,,,
,,,,,,,,,,,,,,,,,,,,,,,,,,,,,,,,,,,,,,,,,,,
,,,,,,,,,,,,,,,,,,,,,,,,,,,,,,,,,,,,,,,,,,,
,,,,,,,,,,,,,,,,,,,,,,,,,,,,,,,,,,,,,,,,,,,
,,,,,,,,,,,,,,,,,,,,,,,,,,,,,,,,,,,,,,,,,,,
,,,,,,,,,,,,,,,,,,,,,,,,,,,,,,,,,,,,,,,,,,,
,,,,,,,,,,,,,,,,,,,,,,,,,,,,,,,,,,,,,,,,,,,
,,,,,,,,,,,,,,,,,,,,,,,,,,,,,,,,,,,,,,,,,,,
,,,,,,,,,,,,,,,,,,,,,,,,,,,,,,,,,,,,,,,,,,,
,,,,,,,,,,,,,,,,,,,,,,,,,,,,,,,,,,,,,,,,,,,
,,,,,,,,,,,,,,,,,,,,,,,,,,,,,,,,,,,,,,,,,,,
,,,,,,,,,,,,,,,,,,,,,,,,,,,,,,,,,,,,,,,,,,,
,,,,,,,,,,,,,,,,,,,,,,,,,,,,,,,,,,,,,,,,,,,
,,,,,,,,,,,,,,,,,,,,,,,,,,,,,,,,,,,,,,,,,,,
,,,,,,,,,,,,,,,,,,,,,,,,,,,,,,,,,,,,,,,,,,,
,,,,,,,,,,,,,,,,,,,,,,,,,,,,,,,,,,,,,,,,,,,
,,,,,,,,,,,,,,,,,,,,,,,,,,,,,,,,,,,,,,,,,,,
,,,,,,,,,,,,,,,,,,,,,,,,,,,,,,,,,,,,,,,,,,,
,,,,,,,,,,,,,,,,,,,,,,,,,,,,,,,,,,,,,,,,,,,
,,,,,,,,,,,,,,,,,,,,,,,,,,,,,,,,,,,,,,,,,,,
,,,,,,,,,,,,,,,,,,,,,,,,,,,,,,,,,,,,,,,,,,,
,,,,,,,,,,,,,,,,,,,,,,,,,,,,,,,,,,,,,,,,,,,
,,,,,,,,,,,,,,,,,,,,,,,,,,,,,,,,,,,,,,,,,,,
,,,,,,,,,,,,,,,,,,,,,,,,,,,,,,,,,,,,,,,,,,,
,,,,,,,,,,,,,,,,,,,,,,,,,,,,,,,,,,,,,,,,,,,
,,,,,,,,,,,,,,,,,,,,,,,,,,,,,,,,,,,,,,,,,,,
,,,,,,,,,,,,,,,,,,,,,,,,,,,,,,,,,,,,,,,,,,,
,,,,,,,,,,,,,,,,,,,,,,,,,,,,,,,,,,,,,,,,,,,
,,,,,,,,,,,,,,,,,,,,,,,,,,,,,,,,,,,,,,,,,,,
,,,,,,,,,,,,,,,,,,,,,,,,,,,,,,,,,,,,,,,,,,,
,,,,,,,,,,,,,,,,,,,,,,,,,,,,,,,,,,,,,,,,,,,
,,,,,,,,,,,,,,,,,,,,,,,,,,,,,,,,,,,,,,,,,,,
,,,,,,,,,,,,,,,,,,,,,,,,,,,,,,,,,,,,,,,,,,,
,,,,,,,,,,,,,,,,,,,,,,,,,,,,,,,,,,,,,,,,,,,
,,,,,,,,,,,,,,,,,,,,,,,,,,,,,,,,,,,,,,,,,,,
,,,,,,,,,,,,,,,,,,,,,,,,,,,,,,,,,,,,,,,,,,,
,,,,,,,,,,,,,,,,,,,,,,,,,,,,,,,,,,,,,,,,,,,
,,,,,,,,,,,,,,,,,,,,,,,,,,,,,,,,,,,,,,,,,,,
,,,,,,,,,,,,,,,,,,,,,,,,,,,,,,,,,,,,,,,,,,,
,,,,,,,,,,,,,,,,,,,,,,,,,,,,,,,,,,,,,,,,,,,
,,,,,,,,,,,,,,,,,,,,,,,,,,,,,,,,,,,,,,,,,,,
,,,,,,,,,,,,,,,,,,,,,,,,,,,,,,,,,,,,,,,,,,,
,,,,,,,,,,,,,,,,,,,,,,,,,,,,,,,,,,,,,,,,,,,
,,,,,,,,,,,,,,,,,,,,,,,,,,,,,,,,,,,,,,,,,,,
,,,,,,,,,,,,,,,,,,,,,,,,,,,,,,,,,,,,,,,,,,,
,,,,,,,,,,,,,,,,,,,,,,,,,,,,,,,,,,,,,,,,,,,
,,,,,,,,,,,,,,,,,,,,,,,,,,,,,,,,,,,,,,,,,,,
,,,,,,,,,,,,,,,,,,,,,,,,,,,,,,,,,,,,,,,,,,,
,,,,,,,,,,,,,,,,,,,,,,,,,,,,,,,,,,,,,,,,,,,
,,,,,,,,,,,,,,,,,,,,,,,,,,,,,,,,,,,,,,,,,,,
,,,,,,,,,,,,,,,,,,,,,,,,,,,,,,,,,,,,,,,,,,,
,,,,,,,,,,,,,,,,,,,,,,,,,,,,,,,,,,,,,,,,,,,
,,,,,,,,,,,,,,,,,,,,,,,,,,,,,,,,,,,,,,,,,,,
,,,,,,,,,,,,,,,,,,,,,,,,,,,,,,,,,,,,,,,,,,,
,,,,,,,,,,,,,,,,,,,,,,,,,,,,,,,,,,,,,,,,,,,
,,,,,,,,,,,,,,,,,,,,,,,,,,,,,,,,,,,,,,,,,,,
,,,,,,,,,,,,,,,,,,,,,,,,,,,,,,,,,,,,,,,,,,,
,,,,,,,,,,,,,,,,,,,,,,,,,,,,,,,,,,,,,,,,,,,
,,,,,,,,,,,,,,,,,,,,,,,,,,,,,,,,,,,,,,,,,,,
,,,,,,,,,,,,,,,,,,,,,,,,,,,,,,,,,,,,,,,,,,,
,,,,,,,,,,,,,,,,,,,,,,,,,,,,,,,,,,,,,,,,,,,
,,,,,,,,,,,,,,,,,,,,,,,,,,,,,,,,,,,,,,,,,,,
,,,,,,,,,,,,,,,,,,,,,,,,,,,,,,,,,,,,,,,,,,,
,,,,,,,,,,,,,,,,,,,,,,,,,,,,,,,,,,,,,,,,,,,
,,,,,,,,,,,,,,,,,,,,,,,,,,,,,,,,,,,,,,,,,,,
,,,,,,,,,,,,,,,,,,,,,,,,,,,,,,,,,,,,,,,,,,,
,,,,,,,,,,,,,,,,,,,,,,,,,,,,,,,,,,,,,,,,,,,
,,,,,,,,,,,,,,,,,,,,,,,,,,,,,,,,,,,,,,,,,,,
,,,,,,,,,,,,,,,,,,,,,,,,,,,,,,,,,,,,,,,,,,,
,,,,,,,,,,,,,,,,,,,,,,,,,,,,,,,,,,,,,,,,,,,
,,,,,,,,,,,,,,,,,,,,,,,,,,,,,,,,,,,,,,,,,,,
,,,,,,,,,,,,,,,,,,,,,,,,,,,,,,,,,,,,,,,,,,,
,,,,,,,,,,,,,,,,,,,,,,,,,,,,,,,,,,,,,,,,,,,
,,,,,,,,,,,,,,,,,,,,,,,,,,,,,,,,,,,,,,,,,,,
,,,,,,,,,,,,,,,,,,,,,,,,,,,,,,,,,,,,,,,,,,,
,,,,,,,,,,,,,,,,,,,,,,,,,,,,,,,,,,,,,,,,,,,
,,,,,,,,,,,,,,,,,,,,,,,,,,,,,,,,,,,,,,,,,,,
,,,,,,,,,,,,,,,,,,,,,,,,,,,,,,,,,,,,,,,,,,,
,,,,,,,,,,,,,,,,,,,,,,,,,,,,,,,,,,,,,,,,,,,
,,,,,,,,,,,,,,,,,,,,,,,,,,,,,,,,,,,,,,,,,,,
,,,,,,,,,,,,,,,,,,,,,,,,,,,,,,,,,,,,,,,,,,,
,,,,,,,,,,,,,,,,,,,,,,,,,,,,,,,,,,,,,,,,,,,
,,,,,,,,,,,,,,,,,,,,,,,,,,,,,,,,,,,,,,,,,,,
,,,,,,,,,,,,,,,,,,,,,,,,,,,,,,,,,,,,,,,,,,,
,,,,,,,,,,,,,,,,,,,,,,,,,,,,,,,,,,,,,,,,,,,
,,,,,,,,,,,,,,,,,,,,,,,,,,,,,,,,,,,,,,,,,,,
,,,,,,,,,,,,,,,,,,,,,,,,,,,,,,,,,,,,,,,,,,,
,,,,,,,,,,,,,,,,,,,,,,,,,,,,,,,,,,,,,,,,,,,
,,,,,,,,,,,,,,,,,,,,,,,,,,,,,,,,,,,,,,,,,,,
,,,,,,,,,,,,,,,,,,,,,,,,,,,,,,,,,,,,,,,,,,,
,,,,,,,,,,,,,,,,,,,,,,,,,,,,,,,,,,,,,,,,,,,
,,,,,,,,,,,,,,,,,,,,,,,,,,,,,,,,,,,,,,,,,,,
,,,,,,,,,,,,,,,,,,,,,,,,,,,,,,,,,,,,,,,,,,,
,,,,,,,,,,,,,,,,,,,,,,,,,,,,,,,,,,,,,,,,,,,
,,,,,,,,,,,,,,,,,,,,,,,,,,,,,,,,,,,,,,,,,,,
,,,,,,,,,,,,,,,,,,,,,,,,,,,,,,,,,,,,,,,,,,,
,,,,,,,,,,,,,,,,,,,,,,,,,,,,,,,,,,,,,,,,,,,
,,,,,,,,,,,,,,,,,,,,,,,,,,,,,,,,,,,,,,,,,,,
,,,,,,,,,,,,,,,,,,,,,,,,,,,,,,,,,,,,,,,,,,,
,,,,,,,,,,,,,,,,,,,,,,,,,,,,,,,,,,,,,,,,,,,
,,,,,,,,,,,,,,,,,,,,,,,,,,,,,,,,,,,,,,,,,,,
,,,,,,,,,,,,,,,,,,,,,,,,,,,,,,,,,,,,,,,,,,,
,,,,,,,,,,,,,,,,,,,,,,,,,,,,,,,,,,,,,,,,,,,
,,,,,,,,,,,,,,,,,,,,,,,,,,,,,,,,,,,,,,,,,,,
,,,,,,,,,,,,,,,,,,,,,,,,,,,,,,,,,,,,,,,,,,,
,,,,,,,,,,,,,,,,,,,,,,,,,,,,,,,,,,,,,,,,,,,
,,,,,,,,,,,,,,,,,,,,,,,,,,,,,,,,,,,,,,,,,,,
,,,,,,,,,,,,,,,,,,,,,,,,,,,,,,,,,,,,,,,,,,,
,,,,,,,,,,,,,,,,,,,,,,,,,,,,,,,,,,,,,,,,,,,
,,,,,,,,,,,,,,,,,,,,,,,,,,,,,,,,,,,,,,,,,,,
,,,,,,,,,,,,,,,,,,,,,,,,,,,,,,,,,,,,,,,,,,,
,,,,,,,,,,,,,,,,,,,,,,,,,,,,,,,,,,,,,,,,,,,
,,,,,,,,,,,,,,,,,,,,,,,,,,,,,,,,,,,,,,,,,,,
,,,,,,,,,,,,,,,,,,,,,,,,,,,,,,,,,,,,,,,,,,,
,,,,,,,,,,,,,,,,,,,,,,,,,,,,,,,,,,,,,,,,,,,
,,,,,,,,,,,,,,,,,,,,,,,,,,,,,,,,,,,,,,,,,,,
,,,,,,,,,,,,,,,,,,,,,,,,,,,,,,,,,,,,,,,,,,,
,,,,,,,,,,,,,,,,,,,,,,,,,,,,,,,,,,,,,,,,,,,
,,,,,,,,,,,,,,,,,,,,,,,,,,,,,,,,,,,,,,,,,,,
,,,,,,,,,,,,,,,,,,,,,,,,,,,,,,,,,,,,,,,,,,,
,,,,,,,,,,,,,,,,,,,,,,,,,,,,,,,,,,,,,,,,,,,
,,,,,,,,,,,,,,,,,,,,,,,,,,,,,,,,,,,,,,,,,,,
,,,,,,,,,,,,,,,,,,,,,,,,,,,,,,,,,,,,,,,,,,,
,,,,,,,,,,,,,,,,,,,,,,,,,,,,,,,,,,,,,,,,,,,
,,,,,,,,,,,,,,,,,,,,,,,,,,,,,,,,,,,,,,,,,,,
,,,,,,,,,,,,,,,,,,,,,,,,,,,,,,,,,,,,,,,,,,,
,,,,,,,,,,,,,,,,,,,,,,,,,,,,,,,,,,,,,,,,,,,
,,,,,,,,,,,,,,,,,,,,,,,,,,,,,,,,,,,,,,,,,,,
,,,,,,,,,,,,,,,,,,,,,,,,,,,,,,,,,,,,,,,,,,,
,,,,,,,,,,,,,,,,,,,,,,,,,,,,,,,,,,,,,,,,,,,
,,,,,,,,,,,,,,,,,,,,,,,,,,,,,,,,,,,,,,,,,,,
,,,,,,,,,,,,,,,,,,,,,,,,,,,,,,,,,,,,,,,,,,,
,,,,,,,,,,,,,,,,,,,,,,,,,,,,,,,,,,,,,,,,,,,
,,,,,,,,,,,,,,,,,,,,,,,,,,,,,,,,,,,,,,,,,,,
,,,,,,,,,,,,,,,,,,,,,,,,,,,,,,,,,,,,,,,,,,,
,,,,,,,,,,,,,,,,,,,,,,,,,,,,,,,,,,,,,,,,,,,
,,,,,,,,,,,,,,,,,,,,,,,,,,,,,,,,,,,,,,,,,,,
,,,,,,,,,,,,,,,,,,,,,,,,,,,,,,,,,,,,,,,,,,,
,,,,,,,,,,,,,,,,,,,,,,,,,,,,,,,,,,,,,,,,,,,
,,,,,,,,,,,,,,,,,,,,,,,,,,,,,,,,,,,,,,,,,,,
,,,,,,,,,,,,,,,,,,,,,,,,,,,,,,,,,,,,,,,,,,,
,,,,,,,,,,,,,,,,,,,,,,,,,,,,,,,,,,,,,,,,,,,
,,,,,,,,,,,,,,,,,,,,,,,,,,,,,,,,,,,,,,,,,,,
,,,,,,,,,,,,,,,,,,,,,,,,,,,,,,,,,,,,,,,,,,,
,,,,,,,,,,,,,,,,,,,,,,,,,,,,,,,,,,,,,,,,,,,
,,,,,,,,,,,,,,,,,,,,,,,,,,,,,,,,,,,,,,,,,,,
,,,,,,,,,,,,,,,,,,,,,,,,,,,,,,,,,,,,,,,,,,,
,,,,,,,,,,,,,,,,,,,,,,,,,,,,,,,,,,,,,,,,,,,
,,,,,,,,,,,,,,,,,,,,,,,,,,,,,,,,,,,,,,,,,,,
,,,,,,,,,,,,,,,,,,,,,,,,,,,,,,,,,,,,,,,,,,,
,,,,,,,,,,,,,,,,,,,,,,,,,,,,,,,,,,,,,,,,,,,
,,,,,,,,,,,,,,,,,,,,,,,,,,,,,,,,,,,,,,,,,,,
,,,,,,,,,,,,,,,,,,,,,,,,,,,,,,,,,,,,,,,,,,,
,,,,,,,,,,,,,,,,,,,,,,,,,,,,,,,,,,,,,,,,,,,
,,,,,,,,,,,,,,,,,,,,,,,,,,,,,,,,,,,,,,,,,,,
,,,,,,,,,,,,,,,,,,,,,,,,,,,,,,,,,,,,,,,,,,,
,,,,,,,,,,,,,,,,,,,,,,,,,,,,,,,,,,,,,,,,,,,
,,,,,,,,,,,,,,,,,,,,,,,,,,,,,,,,,,,,,,,,,,,
,,,,,,,,,,,,,,,,,,,,,,,,,,,,,,,,,,,,,,,,,,,
,,,,,,,,,,,,,,,,,,,,,,,,,,,,,,,,,,,,,,,,,,,
,,,,,,,,,,,,,,,,,,,,,,,,,,,,,,,,,,,,,,,,,,,
,,,,,,,,,,,,,,,,,,,,,,,,,,,,,,,,,,,,,,,,,,,
,,,,,,,,,,,,,,,,,,,,,,,,,,,,,,,,,,,,,,,,,,,
,,,,,,,,,,,,,,,,,,,,,,,,,,,,,,,,,,,,,,,,,,,
,,,,,,,,,,,,,,,,,,,,,,,,,,,,,,,,,,,,,,,,,,,
,,,,,,,,,,,,,,,,,,,,,,,,,,,,,,,,,,,,,,,,,,,
,,,,,,,,,,,,,,,,,,,,,,,,,,,,,,,,,,,,,,,,,,,
,,,,,,,,,,,,,,,,,,,,,,,,,,,,,,,,,,,,,,,,,,,
,,,,,,,,,,,,,,,,,,,,,,,,,,,,,,,,,,,,,,,,,,,
,,,,,,,,,,,,,,,,,,,,,,,,,,,,,,,,,,,,,,,,,,,
,,,,,,,,,,,,,,,,,,,,,,,,,,,,,,,,,,,,,,,,,,,
,,,,,,,,,,,,,,,,,,,,,,,,,,,,,,,,,,,,,,,,,,,
,,,,,,,,,,,,,,,,,,,,,,,,,,,,,,,,,,,,,,,,,,,
,,,,,,,,,,,,,,,,,,,,,,,,,,,,,,,,,,,,,,,,,,,
,,,,,,,,,,,,,,,,,,,,,,,,,,,,,,,,,,,,,,,,,,,
,,,,,,,,,,,,,,,,,,,,,,,,,,,,,,,,,,,,,,,,,,,
,,,,,,,,,,,,,,,,,,,,,,,,,,,,,,,,,,,,,,,,,,,
,,,,,,,,,,,,,,,,,,,,,,,,,,,,,,,,,,,,,,,,,,,
,,,,,,,,,,,,,,,,,,,,,,,,,,,,,,,,,,,,,,,,,,,
,,,,,,,,,,,,,,,,,,,,,,,,,,,,,,,,,,,,,,,,,,,
,,,,,,,,,,,,,,,,,,,,,,,,,,,,,,,,,,,,,,,,,,,
,,,,,,,,,,,,,,,,,,,,,,,,,,,,,,,,,,,,,,,,,,,
,,,,,,,,,,,,,,,,,,,,,,,,,,,,,,,,,,,,,,,,,,,
,,,,,,,,,,,,,,,,,,,,,,,,,,,,,,,,,,,,,,,,,,,
,,,,,,,,,,,,,,,,,,,,,,,,,,,,,,,,,,,,,,,,,,,
,,,,,,,,,,,,,,,,,,,,,,,,,,,,,,,,,,,,,,,,,,,
,,,,,,,,,,,,,,,,,,,,,,,,,,,,,,,,,,,,,,,,,,,
,,,,,,,,,,,,,,,,,,,,,,,,,,,,,,,,,,,,,,,,,,,
,,,,,,,,,,,,,,,,,,,,,,,,,,,,,,,,,,,,,,,,,,,
,,,,,,,,,,,,,,,,,,,,,,,,,,,,,,,,,,,,,,,,,,,
,,,,,,,,,,,,,,,,,,,,,,,,,,,,,,,,,,,,,,,,,,,
,,,,,,,,,,,,,,,,,,,,,,,,,,,,,,,,,,,,,,,,,,,
,,,,,,,,,,,,,,,,,,,,,,,,,,,,,,,,,,,,,,,,,,,
,,,,,,,,,,,,,,,,,,,,,,,,,,,,,,,,,,,,,,,,,,,
,,,,,,,,,,,,,,,,,,,,,,,,,,,,,,,,,,,,,,,,,,,
,,,,,,,,,,,,,,,,,,,,,,,,,,,,,,,,,,,,,,,,,,,
,,,,,,,,,,,,,,,,,,,,,,,,,,,,,,,,,,,,,,,,,,,
,,,,,,,,,,,,,,,,,,,,,,,,,,,,,,,,,,,,,,,,,,,
,,,,,,,,,,,,,,,,,,,,,,,,,,,,,,,,,,,,,,,,,,,
,,,,,,,,,,,,,,,,,,,,,,,,,,,,,,,,,,,,,,,,,,,
,,,,,,,,,,,,,,,,,,,,,,,,,,,,,,,,,,,,,,,,,,,
,,,,,,,,,,,,,,,,,,,,,,,,,,,,,,,,,,,,,,,,,,,
,,,,,,,,,,,,,,,,,,,,,,,,,,,,,,,,,,,,,,,,,,,
,,,,,,,,,,,,,,,,,,,,,,,,,,,,,,,,,,,,,,,,,,,
,,,,,,,,,,,,,,,,,,,,,,,,,,,,,,,,,,,,,,,,,,,
,,,,,,,,,,,,,,,,,,,,,,,,,,,,,,,,,,,,,,,,,,,
,,,,,,,,,,,,,,,,,,,,,,,,,,,,,,,,,,,,,,,,,,,
,,,,,,,,,,,,,,,,,,,,,,,,,,,,,,,,,,,,,,,,,,,
,,,,,,,,,,,,,,,,,,,,,,,,,,,,,,,,,,,,,,,,,,,
,,,,,,,,,,,,,,,,,,,,,,,,,,,,,,,,,,,,,,,,,,,
,,,,,,,,,,,,,,,,,,,,,,,,,,,,,,,,,,,,,,,,,,,
,,,,,,,,,,,,,,,,,,,,,,,,,,,,,,,,,,,,,,,,,,,
,,,,,,,,,,,,,,,,,,,,,,,,,,,,,,,,,,,,,,,,,,,
,,,,,,,,,,,,,,,,,,,,,,,,,,,,,,,,,,,,,,,,,,,
,,,,,,,,,,,,,,,,,,,,,,,,,,,,,,,,,,,,,,,,,,,
,,,,,,,,,,,,,,,,,,,,,,,,,,,,,,,,,,,,,,,,,,,
,,,,,,,,,,,,,,,,,,,,,,,,,,,,,,,,,,,,,,,,,,,
,,,,,,,,,,,,,,,,,,,,,,,,,,,,,,,,,,,,,,,,,,,
,,,,,,,,,,,,,,,,,,,,,,,,,,,,,,,,,,,,,,,,,,,
,,,,,,,,,,,,,,,,,,,,,,,,,,,,,,,,,,,,,,,,,,,
,,,,,,,,,,,,,,,,,,,,,,,,,,,,,,,,,,,,,,,,,,,
,,,,,,,,,,,,,,,,,,,,,,,,,,,,,,,,,,,,,,,,,,,
,,,,,,,,,,,,,,,,,,,,,,,,,,,,,,,,,,,,,,,,,,,
,,,,,,,,,,,,,,,,,,,,,,,,,,,,,,,,,,,,,,,,,,,
,,,,,,,,,,,,,,,,,,,,,,,,,,,,,,,,,,,,,,,,,,,
,,,,,,,,,,,,,,,,,,,,,,,,,,,,,,,,,,,,,,,,,,,
,,,,,,,,,,,,,,,,,,,,,,,,,,,,,,,,,,,,,,,,,,,
,,,,,,,,,,,,,,,,,,,,,,,,,,,,,,,,,,,,,,,,,,,
,,,,,,,,,,,,,,,,,,,,,,,,,,,,,,,,,,,,,,,,,,,
,,,,,,,,,,,,,,,,,,,,,,,,,,,,,,,,,,,,,,,,,,,
,,,,,,,,,,,,,,,,,,,,,,,,,,,,,,,,,,,,,,,,,,,
,,,,,,,,,,,,,,,,,,,,,,,,,,,,,,,,,,,,,,,,,,,
,,,,,,,,,,,,,,,,,,,,,,,,,,,,,,,,,,,,,,,,,,,
,,,,,,,,,,,,,,,,,,,,,,,,,,,,,,,,,,,,,,,,,,,
,,,,,,,,,,,,,,,,,,,,,,,,,,,,,,,,,,,,,,,,,,,
,,,,,,,,,,,,,,,,,,,,,,,,,,,,,,,,,,,,,,,,,,,
,,,,,,,,,,,,,,,,,,,,,,,,,,,,,,,,,,,,,,,,,,,
,,,,,,,,,,,,,,,,,,,,,,,,,,,,,,,,,,,,,,,,,,,
,,,,,,,,,,,,,,,,,,,,,,,,,,,,,,,,,,,,,,,,,,,
,,,,,,,,,,,,,,,,,,,,,,,,,,,,,,,,,,,,,,,,,,,
,,,,,,,,,,,,,,,,,,,,,,,,,,,,,,,,,,,,,,,,,,,
,,,,,,,,,,,,,,,,,,,,,,,,,,,,,,,,,,,,,,,,,,,
,,,,,,,,,,,,,,,,,,,,,,,,,,,,,,,,,,,,,,,,,,,
,,,,,,,,,,,,,,,,,,,,,,,,,,,,,,,,,,,,,,,,,,,
,,,,,,,,,,,,,,,,,,,,,,,,,,,,,,,,,,,,,,,,,,,
,,,,,,,,,,,,,,,,,,,,,,,,,,,,,,,,,,,,,,,,,,,
,,,,,,,,,,,,,,,,,,,,,,,,,,,,,,,,,,,,,,,,,,,
,,,,,,,,,,,,,,,,,,,,,,,,,,,,,,,,,,,,,,,,,,,
,,,,,,,,,,,,,,,,,,,,,,,,,,,,,,,,,,,,,,,,,,,
,,,,,,,,,,,,,,,,,,,,,,,,,,,,,,,,,,,,,,,,,,,
,,,,,,,,,,,,,,,,,,,,,,,,,,,,,,,,,,,,,,,,,,,
,,,,,,,,,,,,,,,,,,,,,,,,,,,,,,,,,,,,,,,,,,,
,,,,,,,,,,,,,,,,,,,,,,,,,,,,,,,,,,,,,,,,,,,
,,,,,,,,,,,,,,,,,,,,,,,,,,,,,,,,,,,,,,,,,,,
,,,,,,,,,,,,,,,,,,,,,,,,,,,,,,,,,,,,,,,,,,,
,,,,,,,,,,,,,,,,,,,,,,,,,,,,,,,,,,,,,,,,,,,
,,,,,,,,,,,,,,,,,,,,,,,,,,,,,,,,,,,,,,,,,,,
,,,,,,,,,,,,,,,,,,,,,,,,,,,,,,,,,,,,,,,,,,,
,,,,,,,,,,,,,,,,,,,,,,,,,,,,,,,,,,,,,,,,,,,
,,,,,,,,,,,,,,,,,,,,,,,,,,,,,,,,,,,,,,,,,,,
,,,,,,,,,,,,,,,,,,,,,,,,,,,,,,,,,,,,,,,,,,,
,,,,,,,,,,,,,,,,,,,,,,,,,,,,,,,,,,,,,,,,,,,
,,,,,,,,,,,,,,,,,,,,,,,,,,,,,,,,,,,,,,,,,,,
,,,,,,,,,,,,,,,,,,,,,,,,,,,,,,,,,,,,,,,,,,,
,,,,,,,,,,,,,,,,,,,,,,,,,,,,,,,,,,,,,,,,,,,
,,,,,,,,,,,,,,,,,,,,,,,,,,,,,,,,,,,,,,,,,,,
,,,,,,,,,,,,,,,,,,,,,,,,,,,,,,,,,,,,,,,,,,,
,,,,,,,,,,,,,,,,,,,,,,,,,,,,,,,,,,,,,,,,,,,
,,,,,,,,,,,,,,,,,,,,,,,,,,,,,,,,,,,,,,,,,,,
,,,,,,,,,,,,,,,,,,,,,,,,,,,,,,,,,,,,,,,,,,,
,,,,,,,,,,,,,,,,,,,,,,,,,,,,,,,,,,,,,,,,,,,
,,,,,,,,,,,,,,,,,,,,,,,,,,,,,,,,,,,,,,,,,,,
,,,,,,,,,,,,,,,,,,,,,,,,,,,,,,,,,,,,,,,,,,,
,,,,,,,,,,,,,,,,,,,,,,,,,,,,,,,,,,,,,,,,,,,
,,,,,,,,,,,,,,,,,,,,,,,,,,,,,,,,,,,,,,,,,,,
,,,,,,,,,,,,,,,,,,,,,,,,,,,,,,,,,,,,,,,,,,,
,,,,,,,,,,,,,,,,,,,,,,,,,,,,,,,,,,,,,,,,,,,
,,,,,,,,,,,,,,,,,,,,,,,,,,,,,,,,,,,,,,,,,,,
,,,,,,,,,,,,,,,,,,,,,,,,,,,,,,,,,,,,,,,,,,,
,,,,,,,,,,,,,,,,,,,,,,,,,,,,,,,,,,,,,,,,,,,
,,,,,,,,,,,,,,,,,,,,,,,,,,,,,,,,,,,,,,,,,,,
,,,,,,,,,,,,,,,,,,,,,,,,,,,,,,,,,,,,,,,,,,,
,,,,,,,,,,,,,,,,,,,,,,,,,,,,,,,,,,,,,,,,,,,
,,,,,,,,,,,,,,,,,,,,,,,,,,,,,,,,,,,,,,,,,,,
,,,,,,,,,,,,,,,,,,,,,,,,,,,,,,,,,,,,,,,,,,,
,,,,,,,,,,,,,,,,,,,,,,,,,,,,,,,,,,,,,,,,,,,
,,,,,,,,,,,,,,,,,,,,,,,,,,,,,,,,,,,,,,,,,,,
,,,,,,,,,,,,,,,,,,,,,,,,,,,,,,,,,,,,,,,,,,,
,,,,,,,,,,,,,,,,,,,,,,,,,,,,,,,,,,,,,,,,,,,
,,,,,,,,,,,,,,,,,,,,,,,,,,,,,,,,,,,,,,,,,,,
,,,,,,,,,,,,,,,,,,,,,,,,,,,,,,,,,,,,,,,,,,,
,,,,,,,,,,,,,,,,,,,,,,,,,,,,,,,,,,,,,,,,,,,
,,,,,,,,,,,,,,,,,,,,,,,,,,,,,,,,,,,,,,,,,,,
,,,,,,,,,,,,,,,,,,,,,,,,,,,,,,,,,,,,,,,,,,,
,,,,,,,,,,,,,,,,,,,,,,,,,,,,,,,,,,,,,,,,,,,
,,,,,,,,,,,,,,,,,,,,,,,,,,,,,,,,,,,,,,,,,,,
,,,,,,,,,,,,,,,,,,,,,,,,,,,,,,,,,,,,,,,,,,,
,,,,,,,,,,,,,,,,,,,,,,,,,,,,,,,,,,,,,,,,,,,
,,,,,,,,,,,,,,,,,,,,,,,,,,,,,,,,,,,,,,,,,,,
,,,,,,,,,,,,,,,,,,,,,,,,,,,,,,,,,,,,,,,,,,,
,,,,,,,,,,,,,,,,,,,,,,,,,,,,,,,,,,,,,,,,,,,
,,,,,,,,,,,,,,,,,,,,,,,,,,,,,,,,,,,,,,,,,,,
,,,,,,,,,,,,,,,,,,,,,,,,,,,,,,,,,,,,,,,,,,,
,,,,,,,,,,,,,,,,,,,,,,,,,,,,,,,,,,,,,,,,,,,
,,,,,,,,,,,,,,,,,,,,,,,,,,,,,,,,,,,,,,,,,,,
,,,,,,,,,,,,,,,,,,,,,,,,,,,,,,,,,,,,,,,,,,,
,,,,,,,,,,,,,,,,,,,,,,,,,,,,,,,,,,,,,,,,,,,
,,,,,,,,,,,,,,,,,,,,,,,,,,,,,,,,,,,,,,,,,,,
,,,,,,,,,,,,,,,,,,,,,,,,,,,,,,,,,,,,,,,,,,,
,,,,,,,,,,,,,,,,,,,,,,,,,,,,,,,,,,,,,,,,,,,
,,,,,,,,,,,,,,,,,,,,,,,,,,,,,,,,,,,,,,,,,,,
,,,,,,,,,,,,,,,,,,,,,,,,,,,,,,,,,,,,,,,,,,,
,,,,,,,,,,,,,,,,,,,,,,,,,,,,,,,,,,,,,,,,,,,
,,,,,,,,,,,,,,,,,,,,,,,,,,,,,,,,,,,,,,,,,,,
,,,,,,,,,,,,,,,,,,,,,,,,,,,,,,,,,,,,,,,,,,,
,,,,,,,,,,,,,,,,,,,,,,,,,,,,,,,,,,,,,,,,,,,
,,,,,,,,,,,,,,,,,,,,,,,,,,,,,,,,,,,,,,,,,,,
,,,,,,,,,,,,,,,,,,,,,,,,,,,,,,,,,,,,,,,,,,,
,,,,,,,,,,,,,,,,,,,,,,,,,,,,,,,,,,,,,,,,,,,
,,,,,,,,,,,,,,,,,,,,,,,,,,,,,,,,,,,,,,,,,,,
,,,,,,,,,,,,,,,,,,,,,,,,,,,,,,,,,,,,,,,,,,,
,,,,,,,,,,,,,,,,,,,,,,,,,,,,,,,,,,,,,,,,,,,
,,,,,,,,,,,,,,,,,,,,,,,,,,,,,,,,,,,,,,,,,,,
,,,,,,,,,,,,,,,,,,,,,,,,,,,,,,,,,,,,,,,,,,,
,,,,,,,,,,,,,,,,,,,,,,,,,,,,,,,,,,,,,,,,,,,
,,,,,,,,,,,,,,,,,,,,,,,,,,,,,,,,,,,,,,,,,,,
,,,,,,,,,,,,,,,,,,,,,,,,,,,,,,,,,,,,,,,,,,,
,,,,,,,,,,,,,,,,,,,,,,,,,,,,,,,,,,,,,,,,,,,
,,,,,,,,,,,,,,,,,,,,,,,,,,,,,,,,,,,,,,,,,,,
,,,,,,,,,,,,,,,,,,,,,,,,,,,,,,,,,,,,,,,,,,,
,,,,,,,,,,,,,,,,,,,,,,,,,,,,,,,,,,,,,,,,,,,
,,,,,,,,,,,,,,,,,,,,,,,,,,,,,,,,,,,,,,,,,,,
,,,,,,,,,,,,,,,,,,,,,,,,,,,,,,,,,,,,,,,,,,,
,,,,,,,,,,,,,,,,,,,,,,,,,,,,,,,,,,,,,,,,,,,
,,,,,,,,,,,,,,,,,,,,,,,,,,,,,,,,,,,,,,,,,,,
,,,,,,,,,,,,,,,,,,,,,,,,,,,,,,,,,,,,,,,,,,,
,,,,,,,,,,,,,,,,,,,,,,,,,,,,,,,,,,,,,,,,,,,
,,,,,,,,,,,,,,,,,,,,,,,,,,,,,,,,,,,,,,,,,,,
,,,,,,,,,,,,,,,,,,,,,,,,,,,,,,,,,,,,,,,,,,,
,,,,,,,,,,,,,,,,,,,,,,,,,,,,,,,,,,,,,,,,,,,
,,,,,,,,,,,,,,,,,,,,,,,,,,,,,,,,,,,,,,,,,,,
,,,,,,,,,,,,,,,,,,,,,,,,,,,,,,,,,,,,,,,,,,,
,,,,,,,,,,,,,,,,,,,,,,,,,,,,,,,,,,,,,,,,,,,
,,,,,,,,,,,,,,,,,,,,,,,,,,,,,,,,,,,,,,,,,,,
,,,,,,,,,,,,,,,,,,,,,,,,,,,,,,,,,,,,,,,,,,,
,,,,,,,,,,,,,,,,,,,,,,,,,,,,,,,,,,,,,,,,,,,
,,,,,,,,,,,,,,,,,,,,,,,,,,,,,,,,,,,,,,,,,,,
,,,,,,,,,,,,,,,,,,,,,,,,,,,,,,,,,,,,,,,,,,,
,,,,,,,,,,,,,,,,,,,,,,,,,,,,,,,,,,,,,,,,,,,
,,,,,,,,,,,,,,,,,,,,,,,,,,,,,,,,,,,,,,,,,,,
,,,,,,,,,,,,,,,,,,,,,,,,,,,,,,,,,,,,,,,,,,,
,,,,,,,,,,,,,,,,,,,,,,,,,,,,,,,,,,,,,,,,,,,
,,,,,,,,,,,,,,,,,,,,,,,,,,,,,,,,,,,,,,,,,,,
,,,,,,,,,,,,,,,,,,,,,,,,,,,,,,,,,,,,,,,,,,,
,,,,,,,,,,,,,,,,,,,,,,,,,,,,,,,,,,,,,,,,,,,
,,,,,,,,,,,,,,,,,,,,,,,,,,,,,,,,,,,,,,,,,,,
,,,,,,,,,,,,,,,,,,,,,,,,,,,,,,,,,,,,,,,,,,,
,,,,,,,,,,,,,,,,,,,,,,,,,,,,,,,,,,,,,,,,,,,
,,,,,,,,,,,,,,,,,,,,,,,,,,,,,,,,,,,,,,,,,,,
,,,,,,,,,,,,,,,,,,,,,,,,,,,,,,,,,,,,,,,,,,,
,,,,,,,,,,,,,,,,,,,,,,,,,,,,,,,,,,,,,,,,,,,
,,,,,,,,,,,,,,,,,,,,,,,,,,,,,,,,,,,,,,,,,,,
,,,,,,,,,,,,,,,,,,,,,,,,,,,,,,,,,,,,,,,,,,,
,,,,,,,,,,,,,,,,,,,,,,,,,,,,,,,,,,,,,,,,,,,
,,,,,,,,,,,,,,,,,,,,,,,,,,,,,,,,,,,,,,,,,,,
,,,,,,,,,,,,,,,,,,,,,,,,,,,,,,,,,,,,,,,,,,,
,,,,,,,,,,,,,,,,,,,,,,,,,,,,,,,,,,,,,,,,,,,
,,,,,,,,,,,,,,,,,,,,,,,,,,,,,,,,,,,,,,,,,,,
,,,,,,,,,,,,,,,,,,,,,,,,,,,,,,,,,,,,,,,,,,,
,,,,,,,,,,,,,,,,,,,,,,,,,,,,,,,,,,,,,,,,,,,
,,,,,,,,,,,,,,,,,,,,,,,,,,,,,,,,,,,,,,,,,,,
,,,,,,,,,,,,,,,,,,,,,,,,,,,,,,,,,,,,,,,,,,,
,,,,,,,,,,,,,,,,,,,,,,,,,,,,,,,,,,,,,,,,,,,
,,,,,,,,,,,,,,,,,,,,,,,,,,,,,,,,,,,,,,,,,,,
,,,,,,,,,,,,,,,,,,,,,,,,,,,,,,,,,,,,,,,,,,,
,,,,,,,,,,,,,,,,,,,,,,,,,,,,,,,,,,,,,,,,,,,
,,,,,,,,,,,,,,,,,,,,,,,,,,,,,,,,,,,,,,,,,,,
,,,,,,,,,,,,,,,,,,,,,,,,,,,,,,,,,,,,,,,,,,,
,,,,,,,,,,,,,,,,,,,,,,,,,,,,,,,,,,,,,,,,,,,
,,,,,,,,,,,,,,,,,,,,,,,,,,,,,,,,,,,,,,,,,,,
,,,,,,,,,,,,,,,,,,,,,,,,,,,,,,,,,,,,,,,,,,,
,,,,,,,,,,,,,,,,,,,,,,,,,,,,,,,,,,,,,,,,,,,
,,,,,,,,,,,,,,,,,,,,,,,,,,,,,,,,,,,,,,,,,,,
,,,,,,,,,,,,,,,,,,,,,,,,,,,,,,,,,,,,,,,,,,,
,,,,,,,,,,,,,,,,,,,,,,,,,,,,,,,,,,,,,,,,,,,
,,,,,,,,,,,,,,,,,,,,,,,,,,,,,,,,,,,,,,,,,,,
,,,,,,,,,,,,,,,,,,,,,,,,,,,,,,,,,,,,,,,,,,,
,,,,,,,,,,,,,,,,,,,,,,,,,,,,,,,,,,,,,,,,,,,
,,,,,,,,,,,,,,,,,,,,,,,,,,,,,,,,,,,,,,,,,,,
,,,,,,,,,,,,,,,,,,,,,,,,,,,,,,,,,,,,,,,,,,,
,,,,,,,,,,,,,,,,,,,,,,,,,,,,,,,,,,,,,,,,,,,
,,,,,,,,,,,,,,,,,,,,,,,,,,,,,,,,,,,,,,,,,,,
,,,,,,,,,,,,,,,,,,,,,,,,,,,,,,,,,,,,,,,,,,,
,,,,,,,,,,,,,,,,,,,,,,,,,,,,,,,,,,,,,,,,,,,
,,,,,,,,,,,,,,,,,,,,,,,,,,,,,,,,,,,,,,,,,,,
,,,,,,,,,,,,,,,,,,,,,,,,,,,,,,,,,,,,,,,,,,,
,,,,,,,,,,,,,,,,,,,,,,,,,,,,,,,,,,,,,,,,,,,
,,,,,,,,,,,,,,,,,,,,,,,,,,,,,,,,,,,,,,,,,,,
,,,,,,,,,,,,,,,,,,,,,,,,,,,,,,,,,,,,,,,,,,,
,,,,,,,,,,,,,,,,,,,,,,,,,,,,,,,,,,,,,,,,,,,
,,,,,,,,,,,,,,,,,,,,,,,,,,,,,,,,,,,,,,,,,,,
,,,,,,,,,,,,,,,,,,,,,,,,,,,,,,,,,,,,,,,,,,,
,,,,,,,,,,,,,,,,,,,,,,,,,,,,,,,,,,,,,,,,,,,
,,,,,,,,,,,,,,,,,,,,,,,,,,,,,,,,,,,,,,,,,,,
,,,,,,,,,,,,,,,,,,,,,,,,,,,,,,,,,,,,,,,,,,,
,,,,,,,,,,,,,,,,,,,,,,,,,,,,,,,,,,,,,,,,,,,
,,,,,,,,,,,,,,,,,,,,,,,,,,,,,,,,,,,,,,,,,,,
,,,,,,,,,,,,,,,,,,,,,,,,,,,,,,,,,,,,,,,,,,,
,,,,,,,,,,,,,,,,,,,,,,,,,,,,,,,,,,,,,,,,,,,
,,,,,,,,,,,,,,,,,,,,,,,,,,,,,,,,,,,,,,,,,,,
,,,,,,,,,,,,,,,,,,,,,,,,,,,,,,,,,,,,,,,,,,,
,,,,,,,,,,,,,,,,,,,,,,,,,,,,,,,,,,,,,,,,,,,
,,,,,,,,,,,,,,,,,,,,,,,,,,,,,,,,,,,,,,,,,,,
,,,,,,,,,,,,,,,,,,,,,,,,,,,,,,,,,,,,,,,,,,,
,,,,,,,,,,,,,,,,,,,,,,,,,,,,,,,,,,,,,,,,,,,
,,,,,,,,,,,,,,,,,,,,,,,,,,,,,,,,,,,,,,,,,,,
,,,,,,,,,,,,,,,,,,,,,,,,,,,,,,,,,,,,,,,,,,,
,,,,,,,,,,,,,,,,,,,,,,,,,,,,,,,,,,,,,,,,,,,
,,,,,,,,,,,,,,,,,,,,,,,,,,,,,,,,,,,,,,,,,,,
,,,,,,,,,,,,,,,,,,,,,,,,,,,,,,,,,,,,,,,,,,,
,,,,,,,,,,,,,,,,,,,,,,,,,,,,,,,,,,,,,,,,,,,
,,,,,,,,,,,,,,,,,,,,,,,,,,,,,,,,,,,,,,,,,,,
,,,,,,,,,,,,,,,,,,,,,,,,,,,,,,,,,,,,,,,,,,,
,,,,,,,,,,,,,,,,,,,,,,,,,,,,,,,,,,,,,,,,,,,
,,,,,,,,,,,,,,,,,,,,,,,,,,,,,,,,,,,,,,,,,,,
,,,,,,,,,,,,,,,,,,,,,,,,,,,,,,,,,,,,,,,,,,,
,,,,,,,,,,,,,,,,,,,,,,,,,,,,,,,,,,,,,,,,,,,
,,,,,,,,,,,,,,,,,,,,,,,,,,,,,,,,,,,,,,,,,,,
,,,,,,,,,,,,,,,,,,,,,,,,,,,,,,,,,,,,,,,,,,,
,,,,,,,,,,,,,,,,,,,,,,,,,,,,,,,,,,,,,,,,,,,
,,,,,,,,,,,,,,,,,,,,,,,,,,,,,,,,,,,,,,,,,,,
,,,,,,,,,,,,,,,,,,,,,,,,,,,,,,,,,,,,,,,,,,,
,,,,,,,,,,,,,,,,,,,,,,,,,,,,,,,,,,,,,,,,,,,
,,,,,,,,,,,,,,,,,,,,,,,,,,,,,,,,,,,,,,,,,,,
,,,,,,,,,,,,,,,,,,,,,,,,,,,,,,,,,,,,,,,,,,,
,,,,,,,,,,,,,,,,,,,,,,,,,,,,,,,,,,,,,,,,,,,
,,,,,,,,,,,,,,,,,,,,,,,,,,,,,,,,,,,,,,,,,,,
,,,,,,,,,,,,,,,,,,,,,,,,,,,,,,,,,,,,,,,,,,,
,,,,,,,,,,,,,,,,,,,,,,,,,,,,,,,,,,,,,,,,,,,
,,,,,,,,,,,,,,,,,,,,,,,,,,,,,,,,,,,,,,,,,,,
,,,,,,,,,,,,,,,,,,,,,,,,,,,,,,,,,,,,,,,,,,,
,,,,,,,,,,,,,,,,,,,,,,,,,,,,,,,,,,,,,,,,,,,
,,,,,,,,,,,,,,,,,,,,,,,,,,,,,,,,,,,,,,,,,,,
,,,,,,,,,,,,,,,,,,,,,,,,,,,,,,,,,,,,,,,,,,,
,,,,,,,,,,,,,,,,,,,,,,,,,,,,,,,,,,,,,,,,,,,
,,,,,,,,,,,,,,,,,,,,,,,,,,,,,,,,,,,,,,,,,,,
,,,,,,,,,,,,,,,,,,,,,,,,,,,,,,,,,,,,,,,,,,,
,,,,,,,,,,,,,,,,,,,,,,,,,,,,,,,,,,,,,,,,,,,
,,,,,,,,,,,,,,,,,,,,,,,,,,,,,,,,,,,,,,,,,,,
,,,,,,,,,,,,,,,,,,,,,,,,,,,,,,,,,,,,,,,,,,,
,,,,,,,,,,,,,,,,,,,,,,,,,,,,,,,,,,,,,,,,,,,
,,,,,,,,,,,,,,,,,,,,,,,,,,,,,,,,,,,,,,,,,,,
,,,,,,,,,,,,,,,,,,,,,,,,,,,,,,,,,,,,,,,,,,,
,,,,,,,,,,,,,,,,,,,,,,,,,,,,,,,,,,,,,,,,,,,
,,,,,,,,,,,,,,,,,,,,,,,,,,,,,,,,,,,,,,,,,,,
,,,,,,,,,,,,,,,,,,,,,,,,,,,,,,,,,,,,,,,,,,,
,,,,,,,,,,,,,,,,,,,,,,,,,,,,,,,,,,,,,,,,,,,
,,,,,,,,,,,,,,,,,,,,,,,,,,,,,,,,,,,,,,,,,,,
,,,,,,,,,,,,,,,,,,,,,,,,,,,,,,,,,,,,,,,,,,,
,,,,,,,,,,,,,,,,,,,,,,,,,,,,,,,,,,,,,,,,,,,
,,,,,,,,,,,,,,,,,,,,,,,,,,,,,,,,,,,,,,,,,,,
,,,,,,,,,,,,,,,,,,,,,,,,,,,,,,,,,,,,,,,,,,,
,,,,,,,,,,,,,,,,,,,,,,,,,,,,,,,,,,,,,,,,,,,
,,,,,,,,,,,,,,,,,,,,,,,,,,,,,,,,,,,,,,,,,,,
,,,,,,,,,,,,,,,,,,,,,,,,,,,,,,,,,,,,,,,,,,,
,,,,,,,,,,,,,,,,,,,,,,,,,,,,,,,,,,,,,,,,,,,
,,,,,,,,,,,,,,,,,,,,,,,,,,,,,,,,,,,,,,,,,,,
,,,,,,,,,,,,,,,,,,,,,,,,,,,,,,,,,,,,,,,,,,,
,,,,,,,,,,,,,,,,,,,,,,,,,,,,,,,,,,,,,,,,,,,
,,,,,,,,,,,,,,,,,,,,,,,,,,,,,,,,,,,,,,,,,,,
,,,,,,,,,,,,,,,,,,,,,,,,,,,,,,,,,,,,,,,,,,,
,,,,,,,,,,,,,,,,,,,,,,,,,,,,,,,,,,,,,,,,,,,
,,,,,,,,,,,,,,,,,,,,,,,,,,,,,,,,,,,,,,,,,,,
,,,,,,,,,,,,,,,,,,,,,,,,,,,,,,,,,,,,,,,,,,,
,,,,,,,,,,,,,,,,,,,,,,,,,,,,,,,,,,,,,,,,,,,
,,,,,,,,,,,,,,,,,,,,,,,,,,,,,,,,,,,,,,,,,,,
,,,,,,,,,,,,,,,,,,,,,,,,,,,,,,,,,,,,,,,,,,,
,,,,,,,,,,,,,,,,,,,,,,,,,,,,,,,,,,,,,,,,,,,
,,,,,,,,,,,,,,,,,,,,,,,,,,,,,,,,,,,,,,,,,,,
,,,,,,,,,,,,,,,,,,,,,,,,,,,,,,,,,,,,,,,,,,,
,,,,,,,,,,,,,,,,,,,,,,,,,,,,,,,,,,,,,,,,,,,
,,,,,,,,,,,,,,,,,,,,,,,,,,,,,,,,,,,,,,,,,,,
,,,,,,,,,,,,,,,,,,,,,,,,,,,,,,,,,,,,,,,,,,,
,,,,,,,,,,,,,,,,,,,,,,,,,,,,,,,,,,,,,,,,,,,
,,,,,,,,,,,,,,,,,,,,,,,,,,,,,,,,,,,,,,,,,,,
,,,,,,,,,,,,,,,,,,,,,,,,,,,,,,,,,,,,,,,,,,,
,,,,,,,,,,,,,,,,,,,,,,,,,,,,,,,,,,,,,,,,,,,
,,,,,,,,,,,,,,,,,,,,,,,,,,,,,,,,,,,,,,,,,,,
,,,,,,,,,,,,,,,,,,,,,,,,,,,,,,,,,,,,,,,,,,,
,,,,,,,,,,,,,,,,,,,,,,,,,,,,,,,,,,,,,,,,,,,
,,,,,,,,,,,,,,,,,,,,,,,,,,,,,,,,,,,,,,,,,,,
,,,,,,,,,,,,,,,,,,,,,,,,,,,,,,,,,,,,,,,,,,,
,,,,,,,,,,,,,,,,,,,,,,,,,,,,,,,,,,,,,,,,,,,
,,,,,,,,,,,,,,,,,,,,,,,,,,,,,,,,,,,,,,,,,,,
,,,,,,,,,,,,,,,,,,,,,,,,,,,,,,,,,,,,,,,,,,,
,,,,,,,,,,,,,,,,,,,,,,,,,,,,,,,,,,,,,,,,,,,
,,,,,,,,,,,,,,,,,,,,,,,,,,,,,,,,,,,,,,,,,,,
,,,,,,,,,,,,,,,,,,,,,,,,,,,,,,,,,,,,,,,,,,,
,,,,,,,,,,,,,,,,,,,,,,,,,,,,,,,,,,,,,,,,,,,
,,,,,,,,,,,,,,,,,,,,,,,,,,,,,,,,,,,,,,,,,,,
,,,,,,,,,,,,,,,,,,,,,,,,,,,,,,,,,,,,,,,,,,,
,,,,,,,,,,,,,,,,,,,,,,,,,,,,,,,,,,,,,,,,,,,
,,,,,,,,,,,,,,,,,,,,,,,,,,,,,,,,,,,,,,,,,,,
,,,,,,,,,,,,,,,,,,,,,,,,,,,,,,,,,,,,,,,,,,,
,,,,,,,,,,,,,,,,,,,,,,,,,,,,,,,,,,,,,,,,,,,
,,,,,,,,,,,,,,,,,,,,,,,,,,,,,,,,,,,,,,,,,,,
,,,,,,,,,,,,,,,,,,,,,,,,,,,,,,,,,,,,,,,,,,,
,,,,,,,,,,,,,,,,,,,,,,,,,,,,,,,,,,,,,,,,,,,
,,,,,,,,,,,,,,,,,,,,,,,,,,,,,,,,,,,,,,,,,,,
,,,,,,,,,,,,,,,,,,,,,,,,,,,,,,,,,,,,,,,,,,,
,,,,,,,,,,,,,,,,,,,,,,,,,,,,,,,,,,,,,,,,,,,
,,,,,,,,,,,,,,,,,,,,,,,,,,,,,,,,,,,,,,,,,,,
,,,,,,,,,,,,,,,,,,,,,,,,,,,,,,,,,,,,,,,,,,,
,,,,,,,,,,,,,,,,,,,,,,,,,,,,,,,,,,,,,,,,,,,
,,,,,,,,,,,,,,,,,,,,,,,,,,,,,,,,,,,,,,,,,,,
,,,,,,,,,,,,,,,,,,,,,,,,,,,,,,,,,,,,,,,,,,,
,,,,,,,,,,,,,,,,,,,,,,,,,,,,,,,,,,,,,,,,,,,
,,,,,,,,,,,,,,,,,,,,,,,,,,,,,,,,,,,,,,,,,,,
,,,,,,,,,,,,,,,,,,,,,,,,,,,,,,,,,,,,,,,,,,,
,,,,,,,,,,,,,,,,,,,,,,,,,,,,,,,,,,,,,,,,,,,
,,,,,,,,,,,,,,,,,,,,,,,,,,,,,,,,,,,,,,,,,,,
,,,,,,,,,,,,,,,,,,,,,,,,,,,,,,,,,,,,,,,,,,,
,,,,,,,,,,,,,,,,,,,,,,,,,,,,,,,,,,,,,,,,,,,
,,,,,,,,,,,,,,,,,,,,,,,,,,,,,,,,,,,,,,,,,,,
,,,,,,,,,,,,,,,,,,,,,,,,,,,,,,,,,,,,,,,,,,,
,,,,,,,,,,,,,,,,,,,,,,,,,,,,,,,,,,,,,,,,,,,
,,,,,,,,,,,,,,,,,,,,,,,,,,,,,,,,,,,,,,,,,,,
,,,,,,,,,,,,,,,,,,,,,,,,,,,,,,,,,,,,,,,,,,,
,,,,,,,,,,,,,,,,,,,,,,,,,,,,,,,,,,,,,,,,,,,
,,,,,,,,,,,,,,,,,,,,,,,,,,,,,,,,,,,,,,,,,,,
,,,,,,,,,,,,,,,,,,,,,,,,,,,,,,,,,,,,,,,,,,,
,,,,,,,,,,,,,,,,,,,,,,,,,,,,,,,,,,,,,,,,,,,
,,,,,,,,,,,,,,,,,,,,,,,,,,,,,,,,,,,,,,,,,,,
,,,,,,,,,,,,,,,,,,,,,,,,,,,,,,,,,,,,,,,,,,,
,,,,,,,,,,,,,,,,,,,,,,,,,,,,,,,,,,,,,,,,,,,
,,,,,,,,,,,,,,,,,,,,,,,,,,,,,,,,,,,,,,,,,,,
,,,,,,,,,,,,,,,,,,,,,,,,,,,,,,,,,,,,,,,,,,,
,,,,,,,,,,,,,,,,,,,,,,,,,,,,,,,,,,,,,,,,,,,
,,,,,,,,,,,,,,,,,,,,,,,,,,,,,,,,,,,,,,,,,,,
,,,,,,,,,,,,,,,,,,,,,,,,,,,,,,,,,,,,,,,,,,,
,,,,,,,,,,,,,,,,,,,,,,,,,,,,,,,,,,,,,,,,,,,
,,,,,,,,,,,,,,,,,,,,,,,,,,,,,,,,,,,,,,,,,,,
,,,,,,,,,,,,,,,,,,,,,,,,,,,,,,,,,,,,,,,,,,,
,,,,,,,,,,,,,,,,,,,,,,,,,,,,,,,,,,,,,,,,,,,
,,,,,,,,,,,,,,,,,,,,,,,,,,,,,,,,,,,,,,,,,,,
,,,,,,,,,,,,,,,,,,,,,,,,,,,,,,,,,,,,,,,,,,,
,,,,,,,,,,,,,,,,,,,,,,,,,,,,,,,,,,,,,,,,,,,
,,,,,,,,,,,,,,,,,,,,,,,,,,,,,,,,,,,,,,,,,,,
,,,,,,,,,,,,,,,,,,,,,,,,,,,,,,,,,,,,,,,,,,,
,,,,,,,,,,,,,,,,,,,,,,,,,,,,,,,,,,,,,,,,,,,
,,,,,,,,,,,,,,,,,,,,,,,,,,,,,,,,,,,,,,,,,,,
,,,,,,,,,,,,,,,,,,,,,,,,,,,,,,,,,,,,,,,,,,,
,,,,,,,,,,,,,,,,,,,,,,,,,,,,,,,,,,,,,,,,,,,
,,,,,,,,,,,,,,,,,,,,,,,,,,,,,,,,,,,,,,,,,,,
,,,,,,,,,,,,,,,,,,,,,,,,,,,,,,,,,,,,,,,,,,,
,,,,,,,,,,,,,,,,,,,,,,,,,,,,,,,,,,,,,,,,,,,
,,,,,,,,,,,,,,,,,,,,,,,,,,,,,,,,,,,,,,,,,,,
,,,,,,,,,,,,,,,,,,,,,,,,,,,,,,,,,,,,,,,,,,,
,,,,,,,,,,,,,,,,,,,,,,,,,,,,,,,,,,,,,,,,,,,
,,,,,,,,,,,,,,,,,,,,,,,,,,,,,,,,,,,,,,,,,,,
,,,,,,,,,,,,,,,,,,,,,,,,,,,,,,,,,,,,,,,,,,,
,,,,,,,,,,,,,,,,,,,,,,,,,,,,,,,,,,,,,,,,,,,
,,,,,,,,,,,,,,,,,,,,,,,,,,,,,,,,,,,,,,,,,,,
,,,,,,,,,,,,,,,,,,,,,,,,,,,,,,,,,,,,,,,,,,,
,,,,,,,,,,,,,,,,,,,,,,,,,,,,,,,,,,,,,,,,,,,
,,,,,,,,,,,,,,,,,,,,,,,,,,,,,,,,,,,,,,,,,,,
,,,,,,,,,,,,,,,,,,,,,,,,,,,,,,,,,,,,,,,,,,,
,,,,,,,,,,,,,,,,,,,,,,,,,,,,,,,,,,,,,,,,,,,
,,,,,,,,,,,,,,,,,,,,,,,,,,,,,,,,,,,,,,,,,,,
,,,,,,,,,,,,,,,,,,,,,,,,,,,,,,,,,,,,,,,,,,,
,,,,,,,,,,,,,,,,,,,,,,,,,,,,,,,,,,,,,,,,,,,
,,,,,,,,,,,,,,,,,,,,,,,,,,,,,,,,,,,,,,,,,,,
,,,,,,,,,,,,,,,,,,,,,,,,,,,,,,,,,,,,,,,,,,,
,,,,,,,,,,,,,,,,,,,,,,,,,,,,,,,,,,,,,,,,,,,
,,,,,,,,,,,,,,,,,,,,,,,,,,,,,,,,,,,,,,,,,,,
,,,,,,,,,,,,,,,,,,,,,,,,,,,,,,,,,,,,,,,,,,,
,,,,,,,,,,,,,,,,,,,,,,,,,,,,,,,,,,,,,,,,,,,
,,,,,,,,,,,,,,,,,,,,,,,,,,,,,,,,,,,,,,,,,,,
,,,,,,,,,,,,,,,,,,,,,,,,,,,,,,,,,,,,,,,,,,,
,,,,,,,,,,,,,,,,,,,,,,,,,,,,,,,,,,,,,,,,,,,
,,,,,,,,,,,,,,,,,,,,,,,,,,,,,,,,,,,,,,,,,,,
,,,,,,,,,,,,,,,,,,,,,,,,,,,,,,,,,,,,,,,,,,,
,,,,,,,,,,,,,,,,,,,,,,,,,,,,,,,,,,,,,,,,,,,
,,,,,,,,,,,,,,,,,,,,,,,,,,,,,,,,,,,,,,,,,,,
,,,,,,,,,,,,,,,,,,,,,,,,,,,,,,,,,,,,,,,,,,,
,,,,,,,,,,,,,,,,,,,,,,,,,,,,,,,,,,,,,,,,,,,
,,,,,,,,,,,,,,,,,,,,,,,,,,,,,,,,,,,,,,,,,,,
,,,,,,,,,,,,,,,,,,,,,,,,,,,,,,,,,,,,,,,,,,,
,,,,,,,,,,,,,,,,,,,,,,,,,,,,,,,,,,,,,,,,,,,
,,,,,,,,,,,,,,,,,,,,,,,,,,,,,,,,,,,,,,,,,,,
,,,,,,,,,,,,,,,,,,,,,,,,,,,,,,,,,,,,,,,,,,,
,,,,,,,,,,,,,,,,,,,,,,,,,,,,,,,,,,,,,,,,,,,
,,,,,,,,,,,,,,,,,,,,,,,,,,,,,,,,,,,,,,,,,,,
,,,,,,,,,,,,,,,,,,,,,,,,,,,,,,,,,,,,,,,,,,,
,,,,,,,,,,,,,,,,,,,,,,,,,,,,,,,,,,,,,,,,,,,
,,,,,,,,,,,,,,,,,,,,,,,,,,,,,,,,,,,,,,,,,,,
,,,,,,,,,,,,,,,,,,,,,,,,,,,,,,,,,,,,,,,,,,,
,,,,,,,,,,,,,,,,,,,,,,,,,,,,,,,,,,,,,,,,,,,
,,,,,,,,,,,,,,,,,,,,,,,,,,,,,,,,,,,,,,,,,,,
,,,,,,,,,,,,,,,,,,,,,,,,,,,,,,,,,,,,,,,,,,,
,,,,,,,,,,,,,,,,,,,,,,,,,,,,,,,,,,,,,,,,,,,
,,,,,,,,,,,,,,,,,,,,,,,,,,,,,,,,,,,,,,,,,,,
,,,,,,,,,,,,,,,,,,,,,,,,,,,,,,,,,,,,,,,,,,,
,,,,,,,,,,,,,,,,,,,,,,,,,,,,,,,,,,,,,,,,,,,
,,,,,,,,,,,,,,,,,,,,,,,,,,,,,,,,,,,,,,,,,,,
,,,,,,,,,,,,,,,,,,,,,,,,,,,,,,,,,,,,,,,,,,,
,,,,,,,,,,,,,,,,,,,,,,,,,,,,,,,,,,,,,,,,,,,
,,,,,,,,,,,,,,,,,,,,,,,,,,,,,,,,,,,,,,,,,,,
,,,,,,,,,,,,,,,,,,,,,,,,,,,,,,,,,,,,,,,,,,,
,,,,,,,,,,,,,,,,,,,,,,,,,,,,,,,,,,,,,,,,,,,
,,,,,,,,,,,,,,,,,,,,,,,,,,,,,,,,,,,,,,,,,,,
,,,,,,,,,,,,,,,,,,,,,,,,,,,,,,,,,,,,,,,,,,,
,,,,,,,,,,,,,,,,,,,,,,,,,,,,,,,,,,,,,,,,,,,
,,,,,,,,,,,,,,,,,,,,,,,,,,,,,,,,,,,,,,,,,,,
,,,,,,,,,,,,,,,,,,,,,,,,,,,,,,,,,,,,,,,,,,,
,,,,,,,,,,,,,,,,,,,,,,,,,,,,,,,,,,,,,,,,,,,
,,,,,,,,,,,,,,,,,,,,,,,,,,,,,,,,,,,,,,,,,,,
,,,,,,,,,,,,,,,,,,,,,,,,,,,,,,,,,,,,,,,,,,,
,,,,,,,,,,,,,,,,,,,,,,,,,,,,,,,,,,,,,,,,,,,
,,,,,,,,,,,,,,,,,,,,,,,,,,,,,,,,,,,,,,,,,,,
,,,,,,,,,,,,,,,,,,,,,,,,,,,,,,,,,,,,,,,,,,,
,,,,,,,,,,,,,,,,,,,,,,,,,,,,,,,,,,,,,,,,,,,
,,,,,,,,,,,,,,,,,,,,,,,,,,,,,,,,,,,,,,,,,,,
,,,,,,,,,,,,,,,,,,,,,,,,,,,,,,,,,,,,,,,,,,,
,,,,,,,,,,,,,,,,,,,,,,,,,,,,,,,,,,,,,,,,,,,
,,,,,,,,,,,,,,,,,,,,,,,,,,,,,,,,,,,,,,,,,,,
,,,,,,,,,,,,,,,,,,,,,,,,,,,,,,,,,,,,,,,,,,,
,,,,,,,,,,,,,,,,,,,,,,,,,,,,,,,,,,,,,,,,,,,
,,,,,,,,,,,,,,,,,,,,,,,,,,,,,,,,,,,,,,,,,,,
,,,,,,,,,,,,,,,,,,,,,,,,,,,,,,,,,,,,,,,,,,,
,,,,,,,,,,,,,,,,,,,,,,,,,,,,,,,,,,,,,,,,,,,
,,,,,,,,,,,,,,,,,,,,,,,,,,,,,,,,,,,,,,,,,,,
,,,,,,,,,,,,,,,,,,,,,,,,,,,,,,,,,,,,,,,,,,,
,,,,,,,,,,,,,,,,,,,,,,,,,,,,,,,,,,,,,,,,,,,
,,,,,,,,,,,,,,,,,,,,,,,,,,,,,,,,,,,,,,,,,,,
,,,,,,,,,,,,,,,,,,,,,,,,,,,,,,,,,,,,,,,,,,,
,,,,,,,,,,,,,,,,,,,,,,,,,,,,,,,,,,,,,,,,,,,
,,,,,,,,,,,,,,,,,,,,,,,,,,,,,,,,,,,,,,,,,,,
,,,,,,,,,,,,,,,,,,,,,,,,,,,,,,,,,,,,,,,,,,,
,,,,,,,,,,,,,,,,,,,,,,,,,,,,,,,,,,,,,,,,,,,
,,,,,,,,,,,,,,,,,,,,,,,,,,,,,,,,,,,,,,,,,,,
,,,,,,,,,,,,,,,,,,,,,,,,,,,,,,,,,,,,,,,,,,,
,,,,,,,,,,,,,,,,,,,,,,,,,,,,,,,,,,,,,,,,,,,
,,,,,,,,,,,,,,,,,,,,,,,,,,,,,,,,,,,,,,,,,,,
,,,,,,,,,,,,,,,,,,,,,,,,,,,,,,,,,,,,,,,,,,,
,,,,,,,,,,,,,,,,,,,,,,,,,,,,,,,,,,,,,,,,,,,
,,,,,,,,,,,,,,,,,,,,,,,,,,,,,,,,,,,,,,,,,,,
,,,,,,,,,,,,,,,,,,,,,,,,,,,,,,,,,,,,,,,,,,,
,,,,,,,,,,,,,,,,,,,,,,,,,,,,,,,,,,,,,,,,,,,
,,,,,,,,,,,,,,,,,,,,,,,,,,,,,,,,,,,,,,,,,,,
,,,,,,,,,,,,,,,,,,,,,,,,,,,,,,,,,,,,,,,,,,,
,,,,,,,,,,,,,,,,,,,,,,,,,,,,,,,,,,,,,,,,,,,
,,,,,,,,,,,,,,,,,,,,,,,,,,,,,,,,,,,,,,,,,,,
,,,,,,,,,,,,,,,,,,,,,,,,,,,,,,,,,,,,,,,,,,,
,,,,,,,,,,,,,,,,,,,,,,,,,,,,,,,,,,,,,,,,,,,
,,,,,,,,,,,,,,,,,,,,,,,,,,,,,,,,,,,,,,,,,,,
,,,,,,,,,,,,,,,,,,,,,,,,,,,,,,,,,,,,,,,,,,,
,,,,,,,,,,,,,,,,,,,,,,,,,,,,,,,,,,,,,,,,,,,
,,,,,,,,,,,,,,,,,,,,,,,,,,,,,,,,,,,,,,,,,,,
,,,,,,,,,,,,,,,,,,,,,,,,,,,,,,,,,,,,,,,,,,,
,,,,,,,,,,,,,,,,,,,,,,,,,,,,,,,,,,,,,,,,,,,
,,,,,,,,,,,,,,,,,,,,,,,,,,,,,,,,,,,,,,,,,,,
,,,,,,,,,,,,,,,,,,,,,,,,,,,,,,,,,,,,,,,,,,,
,,,,,,,,,,,,,,,,,,,,,,,,,,,,,,,,,,,,,,,,,,,
,,,,,,,,,,,,,,,,,,,,,,,,,,,,,,,,,,,,,,,,,,,
,,,,,,,,,,,,,,,,,,,,,,,,,,,,,,,,,,,,,,,,,,,
,,,,,,,,,,,,,,,,,,,,,,,,,,,,,,,,,,,,,,,,,,,
,,,,,,,,,,,,,,,,,,,,,,,,,,,,,,,,,,,,,,,,,,,
,,,,,,,,,,,,,,,,,,,,,,,,,,,,,,,,,,,,,,,,,,,
,,,,,,,,,,,,,,,,,,,,,,,,,,,,,,,,,,,,,,,,,,,
,,,,,,,,,,,,,,,,,,,,,,,,,,,,,,,,,,,,,,,,,,,
,,,,,,,,,,,,,,,,,,,,,,,,,,,,,,,,,,,,,,,,,,,
,,,,,,,,,,,,,,,,,,,,,,,,,,,,,,,,,,,,,,,,,,,
,,,,,,,,,,,,,,,,,,,,,,,,,,,,,,,,,,,,,,,,,,,
,,,,,,,,,,,,,,,,,,,,,,,,,,,,,,,,,,,,,,,,,,,
,,,,,,,,,,,,,,,,,,,,,,,,,,,,,,,,,,,,,,,,,,,
,,,,,,,,,,,,,,,,,,,,,,,,,,,,,,,,,,,,,,,,,,,
,,,,,,,,,,,,,,,,,,,,,,,,,,,,,,,,,,,,,,,,,,,
,,,,,,,,,,,,,,,,,,,,,,,,,,,,,,,,,,,,,,,,,,,
,,,,,,,,,,,,,,,,,,,,,,,,,,,,,,,,,,,,,,,,,,,
,,,,,,,,,,,,,,,,,,,,,,,,,,,,,,,,,,,,,,,,,,,
,,,,,,,,,,,,,,,,,,,,,,,,,,,,,,,,,,,,,,,,,,,
,,,,,,,,,,,,,,,,,,,,,,,,,,,,,,,,,,,,,,,,,,,
,,,,,,,,,,,,,,,,,,,,,,,,,,,,,,,,,,,,,,,,,,,
,,,,,,,,,,,,,,,,,,,,,,,,,,,,,,,,,,,,,,,,,,,
,,,,,,,,,,,,,,,,,,,,,,,,,,,,,,,,,,,,,,,,,,,
,,,,,,,,,,,,,,,,,,,,,,,,,,,,,,,,,,,,,,,,,,,
,,,,,,,,,,,,,,,,,,,,,,,,,,,,,,,,,,,,,,,,,,,
,,,,,,,,,,,,,,,,,,,,,,,,,,,,,,,,,,,,,,,,,,,
,,,,,,,,,,,,,,,,,,,,,,,,,,,,,,,,,,,,,,,,,,,
,,,,,,,,,,,,,,,,,,,,,,,,,,,,,,,,,,,,,,,,,,,
,,,,,,,,,,,,,,,,,,,,,,,,,,,,,,,,,,,,,,,,,,,
,,,,,,,,,,,,,,,,,,,,,,,,,,,,,,,,,,,,,,,,,,,
,,,,,,,,,,,,,,,,,,,,,,,,,,,,,,,,,,,,,,,,,,,
,,,,,,,,,,,,,,,,,,,,,,,,,,,,,,,,,,,,,,,,,,,
,,,,,,,,,,,,,,,,,,,,,,,,,,,,,,,,,,,,,,,,,,,
,,,,,,,,,,,,,,,,,,,,,,,,,,,,,,,,,,,,,,,,,,,
,,,,,,,,,,,,,,,,,,,,,,,,,,,,,,,,,,,,,,,,,,,
,,,,,,,,,,,,,,,,,,,,,,,,,,,,,,,,,,,,,,,,,,,
,,,,,,,,,,,,,,,,,,,,,,,,,,,,,,,,,,,,,,,,,,,
,,,,,,,,,,,,,,,,,,,,,,,,,,,,,,,,,,,,,,,,,,,
,,,,,,,,,,,,,,,,,,,,,,,,,,,,,,,,,,,,,,,,,,,
,,,,,,,,,,,,,,,,,,,,,,,,,,,,,,,,,,,,,,,,,,,
,,,,,,,,,,,,,,,,,,,,,,,,,,,,,,,,,,,,,,,,,,,
,,,,,,,,,,,,,,,,,,,,,,,,,,,,,,,,,,,,,,,,,,,
,,,,,,,,,,,,,,,,,,,,,,,,,,,,,,,,,,,,,,,,,,,
,,,,,,,,,,,,,,,,,,,,,,,,,,,,,,,,,,,,,,,,,,,
,,,,,,,,,,,,,,,,,,,,,,,,,,,,,,,,,,,,,,,,,,,
,,,,,,,,,,,,,,,,,,,,,,,,,,,,,,,,,,,,,,,,,,,
,,,,,,,,,,,,,,,,,,,,,,,,,,,,,,,,,,,,,,,,,,,
,,,,,,,,,,,,,,,,,,,,,,,,,,,,,,,,,,,,,,,,,,,
,,,,,,,,,,,,,,,,,,,,,,,,,,,,,,,,,,,,,,,,,,,
,,,,,,,,,,,,,,,,,,,,,,,,,,,,,,,,,,,,,,,,,,,
,,,,,,,,,,,,,,,,,,,,,,,,,,,,,,,,,,,,,,,,,,,
,,,,,,,,,,,,,,,,,,,,,,,,,,,,,,,,,,,,,,,,,,,
,,,,,,,,,,,,,,,,,,,,,,,,,,,,,,,,,,,,,,,,,,,
,,,,,,,,,,,,,,,,,,,,,,,,,,,,,,,,,,,,,,,,,,,
,,,,,,,,,,,,,,,,,,,,,,,,,,,,,,,,,,,,,,,,,,,
,,,,,,,,,,,,,,,,,,,,,,,,,,,,,,,,,,,,,,,,,,,
,,,,,,,,,,,,,,,,,,,,,,,,,,,,,,,,,,,,,,,,,,,
,,,,,,,,,,,,,,,,,,,,,,,,,,,,,,,,,,,,,,,,,,,
,,,,,,,,,,,,,,,,,,,,,,,,,,,,,,,,,,,,,,,,,,,
,,,,,,,,,,,,,,,,,,,,,,,,,,,,,,,,,,,,,,,,,,,
,,,,,,,,,,,,,,,,,,,,,,,,,,,,,,,,,,,,,,,,,,,
,,,,,,,,,,,,,,,,,,,,,,,,,,,,,,,,,,,,,,,,,,,
,,,,,,,,,,,,,,,,,,,,,,,,,,,,,,,,,,,,,,,,,,,
,,,,,,,,,,,,,,,,,,,,,,,,,,,,,,,,,,,,,,,,,,,
,,,,,,,,,,,,,,,,,,,,,,,,,,,,,,,,,,,,,,,,,,,
,,,,,,,,,,,,,,,,,,,,,,,,,,,,,,,,,,,,,,,,,,,
,,,,,,,,,,,,,,,,,,,,,,,,,,,,,,,,,,,,,,,,,,,
,,,,,,,,,,,,,,,,,,,,,,,,,,,,,,,,,,,,,,,,,,,
,,,,,,,,,,,,,,,,,,,,,,,,,,,,,,,,,,,,,,,,,,,
,,,,,,,,,,,,,,,,,,,,,,,,,,,,,,,,,,,,,,,,,,,
,,,,,,,,,,,,,,,,,,,,,,,,,,,,,,,,,,,,,,,,,,,
,,,,,,,,,,,,,,,,,,,,,,,,,,,,,,,,,,,,,,,,,,,
,,,,,,,,,,,,,,,,,,,,,,,,,,,,,,,,,,,,,,,,,,,
,,,,,,,,,,,,,,,,,,,,,,,,,,,,,,,,,,,,,,,,,,,
,,,,,,,,,,,,,,,,,,,,,,,,,,,,,,,,,,,,,,,,,,,
,,,,,,,,,,,,,,,,,,,,,,,,,,,,,,,,,,,,,,,,,,,
,,,,,,,,,,,,,,,,,,,,,,,,,,,,,,,,,,,,,,,,,,,
,,,,,,,,,,,,,,,,,,,,,,,,,,,,,,,,,,,,,,,,,,,
,,,,,,,,,,,,,,,,,,,,,,,,,,,,,,,,,,,,,,,,,,,
,,,,,,,,,,,,,,,,,,,,,,,,,,,,,,,,,,,,,,,,,,,
,,,,,,,,,,,,,,,,,,,,,,,,,,,,,,,,,,,,,,,,,,,
,,,,,,,,,,,,,,,,,,,,,,,,,,,,,,,,,,,,,,,,,,,
,,,,,,,,,,,,,,,,,,,,,,,,,,,,,,,,,,,,,,,,,,,
,,,,,,,,,,,,,,,,,,,,,,,,,,,,,,,,,,,,,,,,,,,
,,,,,,,,,,,,,,,,,,,,,,,,,,,,,,,,,,,,,,,,,,,
,,,,,,,,,,,,,,,,,,,,,,,,,,,,,,,,,,,,,,,,,,,
,,,,,,,,,,,,,,,,,,,,,,,,,,,,,,,,,,,,,,,,,,,
,,,,,,,,,,,,,,,,,,,,,,,,,,,,,,,,,,,,,,,,,,,
,,,,,,,,,,,,,,,,,,,,,,,,,,,,,,,,,,,,,,,,,,,
,,,,,,,,,,,,,,,,,,,,,,,,,,,,,,,,,,,,,,,,,,,
,,,,,,,,,,,,,,,,,,,,,,,,,,,,,,,,,,,,,,,,,,,
,,,,,,,,,,,,,,,,,,,,,,,,,,,,,,,,,,,,,,,,,,,
,,,,,,,,,,,,,,,,,,,,,,,,,,,,,,,,,,,,,,,,,,,
,,,,,,,,,,,,,,,,,,,,,,,,,,,,,,,,,,,,,,,,,,,
,,,,,,,,,,,,,,,,,,,,,,,,,,,,,,,,,,,,,,,,,,,
,,,,,,,,,,,,,,,,,,,,,,,,,,,,,,,,,,,,,,,,,,,
,,,,,,,,,,,,,,,,,,,,,,,,,,,,,,,,,,,,,,,,,,,
,,,,,,,,,,,,,,,,,,,,,,,,,,,,,,,,,,,,,,,,,,,
,,,,,,,,,,,,,,,,,,,,,,,,,,,,,,,,,,,,,,,,,,,
,,,,,,,,,,,,,,,,,,,,,,,,,,,,,,,,,,,,,,,,,,,
,,,,,,,,,,,,,,,,,,,,,,,,,,,,,,,,,,,,,,,,,,,
,,,,,,,,,,,,,,,,,,,,,,,,,,,,,,,,,,,,,,,,,,,
,,,,,,,,,,,,,,,,,,,,,,,,,,,,,,,,,,,,,,,,,,,
,,,,,,,,,,,,,,,,,,,,,,,,,,,,,,,,,,,,,,,,,,,
,,,,,,,,,,,,,,,,,,,,,,,,,,,,,,,,,,,,,,,,,,,
,,,,,,,,,,,,,,,,,,,,,,,,,,,,,,,,,,,,,,,,,,,
,,,,,,,,,,,,,,,,,,,,,,,,,,,,,,,,,,,,,,,,,,,
,,,,,,,,,,,,,,,,,,,,,,,,,,,,,,,,,,,,,,,,,,,
,,,,,,,,,,,,,,,,,,,,,,,,,,,,,,,,,,,,,,,,,,,
,,,,,,,,,,,,,,,,,,,,,,,,,,,,,,,,,,,,,,,,,,,
,,,,,,,,,,,,,,,,,,,,,,,,,,,,,,,,,,,,,,,,,,,
,,,,,,,,,,,,,,,,,,,,,,,,,,,,,,,,,,,,,,,,,,,
,,,,,,,,,,,,,,,,,,,,,,,,,,,,,,,,,,,,,,,,,,,
,,,,,,,,,,,,,,,,,,,,,,,,,,,,,,,,,,,,,,,,,,,
,,,,,,,,,,,,,,,,,,,,,,,,,,,,,,,,,,,,,,,,,,,
,,,,,,,,,,,,,,,,,,,,,,,,,,,,,,,,,,,,,,,,,,,
,,,,,,,,,,,,,,,,,,,,,,,,,,,,,,,,,,,,,,,,,,,
,,,,,,,,,,,,,,,,,,,,,,,,,,,,,,,,,,,,,,,,,,,
,,,,,,,,,,,,,,,,,,,,,,,,,,,,,,,,,,,,,,,,,,,
,,,,,,,,,,,,,,,,,,,,,,,,,,,,,,,,,,,,,,,,,,,
,,,,,,,,,,,,,,,,,,,,,,,,,,,,,,,,,,,,,,,,,,,
,,,,,,,,,,,,,,,,,,,,,,,,,,,,,,,,,,,,,,,,,,,
,,,,,,,,,,,,,,,,,,,,,,,,,,,,,,,,,,,,,,,,,,,
,,,,,,,,,,,,,,,,,,,,,,,,,,,,,,,,,,,,,,,,,,,
,,,,,,,,,,,,,,,,,,,,,,,,,,,,,,,,,,,,,,,,,,,
,,,,,,,,,,,,,,,,,,,,,,,,,,,,,,,,,,,,,,,,,,,
,,,,,,,,,,,,,,,,,,,,,,,,,,,,,,,,,,,,,,,,,,,
,,,,,,,,,,,,,,,,,,,,,,,,,,,,,,,,,,,,,,,,,,,
,,,,,,,,,,,,,,,,,,,,,,,,,,,,,,,,,,,,,,,,,,,
,,,,,,,,,,,,,,,,,,,,,,,,,,,,,,,,,,,,,,,,,,,
,,,,,,,,,,,,,,,,,,,,,,,,,,,,,,,,,,,,,,,,,,,
,,,,,,,,,,,,,,,,,,,,,,,,,,,,,,,,,,,,,,,,,,,
,,,,,,,,,,,,,,,,,,,,,,,,,,,,,,,,,,,,,,,,,,,
,,,,,,,,,,,,,,,,,,,,,,,,,,,,,,,,,,,,,,,,,,,
,,,,,,,,,,,,,,,,,,,,,,,,,,,,,,,,,,,,,,,,,,,
,,,,,,,,,,,,,,,,,,,,,,,,,,,,,,,,,,,,,,,,,,,
,,,,,,,,,,,,,,,,,,,,,,,,,,,,,,,,,,,,,,,,,,,
,,,,,,,,,,,,,,,,,,,,,,,,,,,,,,,,,,,,,,,,,,,
,,,,,,,,,,,,,,,,,,,,,,,,,,,,,,,,,,,,,,,,,,,
,,,,,,,,,,,,,,,,,,,,,,,,,,,,,,,,,,,,,,,,,,,
,,,,,,,,,,,,,,,,,,,,,,,,,,,,,,,,,,,,,,,,,,,
,,,,,,,,,,,,,,,,,,,,,,,,,,,,,,,,,,,,,,,,,,,
,,,,,,,,,,,,,,,,,,,,,,,,,,,,,,,,,,,,,,,,,,,
,,,,,,,,,,,,,,,,,,,,,,,,,,,,,,,,,,,,,,,,,,,
,,,,,,,,,,,,,,,,,,,,,,,,,,,,,,,,,,,,,,,,,,,
,,,,,,,,,,,,,,,,,,,,,,,,,,,,,,,,,,,,,,,,,,,
,,,,,,,,,,,,,,,,,,,,,,,,,,,,,,,,,,,,,,,,,,,
,,,,,,,,,,,,,,,,,,,,,,,,,,,,,,,,,,,,,,,,,,,
,,,,,,,,,,,,,,,,,,,,,,,,,,,,,,,,,,,,,,,,,,,
,,,,,,,,,,,,,,,,,,,,,,,,,,,,,,,,,,,,,,,,,,,
,,,,,,,,,,,,,,,,,,,,,,,,,,,,,,,,,,,,,,,,,,,
,,,,,,,,,,,,,,,,,,,,,,,,,,,,,,,,,,,,,,,,,,,
,,,,,,,,,,,,,,,,,,,,,,,,,,,,,,,,,,,,,,,,,,,
,,,,,,,,,,,,,,,,,,,,,,,,,,,,,,,,,,,,,,,,,,,
,,,,,,,,,,,,,,,,,,,,,,,,,,,,,,,,,,,,,,,,,,,
,,,,,,,,,,,,,,,,,,,,,,,,,,,,,,,,,,,,,,,,,,,
,,,,,,,,,,,,,,,,,,,,,,,,,,,,,,,,,,,,,,,,,,,
,,,,,,,,,,,,,,,,,,,,,,,,,,,,,,,,,,,,,,,,,,,
,,,,,,,,,,,,,,,,,,,,,,,,,,,,,,,,,,,,,,,,,,,
,,,,,,,,,,,,,,,,,,,,,,,,,,,,,,,,,,,,,,,,,,,
,,,,,,,,,,,,,,,,,,,,,,,,,,,,,,,,,,,,,,,,,,,
,,,,,,,,,,,,,,,,,,,,,,,,,,,,,,,,,,,,,,,,,,,
,,,,,,,,,,,,,,,,,,,,,,,,,,,,,,,,,,,,,,,,,,,
,,,,,,,,,,,,,,,,,,,,,,,,,,,,,,,,,,,,,,,,,,,
,,,,,,,,,,,,,,,,,,,,,,,,,,,,,,,,,,,,,,,,,,,
,,,,,,,,,,,,,,,,,,,,,,,,,,,,,,,,,,,,,,,,,,,
,,,,,,,,,,,,,,,,,,,,,,,,,,,,,,,,,,,,,,,,,,,
,,,,,,,,,,,,,,,,,,,,,,,,,,,,,,,,,,,,,,,,,,,
,,,,,,,,,,,,,,,,,,,,,,,,,,,,,,,,,,,,,,,,,,,
,,,,,,,,,,,,,,,,,,,,,,,,,,,,,,,,,,,,,,,,,,,
,,,,,,,,,,,,,,,,,,,,,,,,,,,,,,,,,,,,,,,,,,,
,,,,,,,,,,,,,,,,,,,,,,,,,,,,,,,,,,,,,,,,,,,
,,,,,,,,,,,,,,,,,,,,,,,,,,,,,,,,,,,,,,,,,,,
,,,,,,,,,,,,,,,,,,,,,,,,,,,,,,,,,,,,,,,,,,,
,,,,,,,,,,,,,,,,,,,,,,,,,,,,,,,,,,,,,,,,,,,
,,,,,,,,,,,,,,,,,,,,,,,,,,,,,,,,,,,,,,,,,,,
,,,,,,,,,,,,,,,,,,,,,,,,,,,,,,,,,,,,,,,,,,,
,,,,,,,,,,,,,,,,,,,,,,,,,,,,,,,,,,,,,,,,,,,
,,,,,,,,,,,,,,,,,,,,,,,,,,,,,,,,,,,,,,,,,,,
,,,,,,,,,,,,,,,,,,,,,,,,,,,,,,,,,,,,,,,,,,,
,,,,,,,,,,,,,,,,,,,,,,,,,,,,,,,,,,,,,,,,,,,
,,,,,,,,,,,,,,,,,,,,,,,,,,,,,,,,,,,,,,,,,,,
,,,,,,,,,,,,,,,,,,,,,,,,,,,,,,,,,,,,,,,,,,,
,,,,,,,,,,,,,,,,,,,,,,,,,,,,,,,,,,,,,,,,,,,
,,,,,,,,,,,,,,,,,,,,,,,,,,,,,,,,,,,,,,,,,,,
,,,,,,,,,,,,,,,,,,,,,,,,,,,,,,,,,,,,,,,,,,,
,,,,,,,,,,,,,,,,,,,,,,,,,,,,,,,,,,,,,,,,,,,
,,,,,,,,,,,,,,,,,,,,,,,,,,,,,,,,,,,,,,,,,,,
,,,,,,,,,,,,,,,,,,,,,,,,,,,,,,,,,,,,,,,,,,,
,,,,,,,,,,,,,,,,,,,,,,,,,,,,,,,,,,,,,,,,,,,
,,,,,,,,,,,,,,,,,,,,,,,,,,,,,,,,,,,,,,,,,,,
,,,,,,,,,,,,,,,,,,,,,,,,,,,,,,,,,,,,,,,,,,,
,,,,,,,,,,,,,,,,,,,,,,,,,,,,,,,,,,,,,,,,,,,
,,,,,,,,,,,,,,,,,,,,,,,,,,,,,,,,,,,,,,,,,,,
,,,,,,,,,,,,,,,,,,,,,,,,,,,,,,,,,,,,,,,,,,,
,,,,,,,,,,,,,,,,,,,,,,,,,,,,,,,,,,,,,,,,,,,
,,,,,,,,,,,,,,,,,,,,,,,,,,,,,,,,,,,,,,,,,,,
,,,,,,,,,,,,,,,,,,,,,,,,,,,,,,,,,,,,,,,,,,,
,,,,,,,,,,,,,,,,,,,,,,,,,,,,,,,,,,,,,,,,,,,
,,,,,,,,,,,,,,,,,,,,,,,,,,,,,,,,,,,,,,,,,,,
,,,,,,,,,,,,,,,,,,,,,,,,,,,,,,,,,,,,,,,,,,,
,,,,,,,,,,,,,,,,,,,,,,,,,,,,,,,,,,,,,,,,,,,
,,,,,,,,,,,,,,,,,,,,,,,,,,,,,,,,,,,,,,,,,,,
,,,,,,,,,,,,,,,,,,,,,,,,,,,,,,,,,,,,,,,,,,,
,,,,,,,,,,,,,,,,,,,,,,,,,,,,,,,,,,,,,,,,,,,
,,,,,,,,,,,,,,,,,,,,,,,,,,,,,,,,,,,,,,,,,,,
,,,,,,,,,,,,,,,,,,,,,,,,,,,,,,,,,,,,,,,,,,,
,,,,,,,,,,,,,,,,,,,,,,,,,,,,,,,,,,,,,,,,,,,
,,,,,,,,,,,,,,,,,,,,,,,,,,,,,,,,,,,,,,,,,,,
,,,,,,,,,,,,,,,,,,,,,,,,,,,,,,,,,,,,,,,,,,,
,,,,,,,,,,,,,,,,,,,,,,,,,,,,,,,,,,,,,,,,,,,
,,,,,,,,,,,,,,,,,,,,,,,,,,,,,,,,,,,,,,,,,,,
,,,,,,,,,,,,,,,,,,,,,,,,,,,,,,,,,,,,,,,,,,,
,,,,,,,,,,,,,,,,,,,,,,,,,,,,,,,,,,,,,,,,,,,
,,,,,,,,,,,,,,,,,,,,,,,,,,,,,,,,,,,,,,,,,,,
,,,,,,,,,,,,,,,,,,,,,,,,,,,,,,,,,,,,,,,,,,,
,,,,,,,,,,,,,,,,,,,,,,,,,,,,,,,,,,,,,,,,,,,
,,,,,,,,,,,,,,,,,,,,,,,,,,,,,,,,,,,,,,,,,,,
,,,,,,,,,,,,,,,,,,,,,,,,,,,,,,,,,,,,,,,,,,,
,,,,,,,,,,,,,,,,,,,,,,,,,,,,,,,,,,,,,,,,,,,
,,,,,,,,,,,,,,,,,,,,,,,,,,,,,,,,,,,,,,,,,,,
,,,,,,,,,,,,,,,,,,,,,,,,,,,,,,,,,,,,,,,,,,,
,,,,,,,,,,,,,,,,,,,,,,,,,,,,,,,,,,,,,,,,,,,
,,,,,,,,,,,,,,,,,,,,,,,,,,,,,,,,,,,,,,,,,,,
,,,,,,,,,,,,,,,,,,,,,,,,,,,,,,,,,,,,,,,,,,,
,,,,,,,,,,,,,,,,,,,,,,,,,,,,,,,,,,,,,,,,,,,
,,,,,,,,,,,,,,,,,,,,,,,,,,,,,,,,,,,,,,,,,,,
,,,,,,,,,,,,,,,,,,,,,,,,,,,,,,,,,,,,,,,,,,,
,,,,,,,,,,,,,,,,,,,,,,,,,,,,,,,,,,,,,,,,,,,
,,,,,,,,,,,,,,,,,,,,,,,,,,,,,,,,,,,,,,,,,,,
,,,,,,,,,,,,,,,,,,,,,,,,,,,,,,,,,,,,,,,,,,,
,,,,,,,,,,,,,,,,,,,,,,,,,,,,,,,,,,,,,,,,,,,
,,,,,,,,,,,,,,,,,,,,,,,,,,,,,,,,,,,,,,,,,,,
,,,,,,,,,,,,,,,,,,,,,,,,,,,,,,,,,,,,,,,,,,,
,,,,,,,,,,,,,,,,,,,,,,,,,,,,,,,,,,,,,,,,,,,
,,,,,,,,,,,,,,,,,,,,,,,,,,,,,,,,,,,,,,,,,,,